source_lead_key,twenty_record_id,rank,priority,diversified_review_rank,fit_score,score_confidence,why_it_fits
discovered:bf5f0839-ca8a-4f75-a52a-2a15afbdac1e,12d20893-1e66-42bd-bd05-4ed578660a87,1,A,1,89.6,MEDIUM,"Closest client patterns: Home repair and trades, Mechanical and HVAC services. Need signals: after hours coverage, appointment scheduling, emergency dispatch. Verification: license evidence, verified own site."
discovered:fb970d64-a8ed-4c0b-a3b3-1af9a00d45c7,13208893-99df-45d3-8607-8f5b6e735944,2,A,2,88.0,HIGH,"Closest client patterns: Industrial services, Home repair and trades. Need signals: after hours coverage, appointment scheduling, emergency dispatch. Verification: license evidence, verified own site."
discovered:9bd43f26-5935-4846-ac06-f351a2cc93da,58487f81-5149-4540-9a4b-801f0b72f419,3,A,3,86.3,MEDIUM,"Closest client patterns: Healthcare providers, Veterinary and animal services. Need signals: after hours coverage, appointment scheduling, customer support. Verification: verified own site."
discovered:e84e6f96-0a51-4191-a3a2-9b53494c06bb,32532bf8-ad56-4ca4-8110-13051cedcbfb,4,A,4,86.3,HIGH,"Closest client patterns: Dental services. Need signals: after hours coverage, appointment scheduling, customer support. Verification: verified own site."
discovered:b3c33d8c-f5cf-4e54-97fc-0d13ff88b605,f28fb4bc-f118-44d6-9b28-267a35be4ba6,5,A,5,85.3,MEDIUM,"Closest client patterns: Home repair and trades, Municipal public works. Need signals: after hours coverage, appointment scheduling, emergency dispatch. Verification: verified own site."
discovered:d2bc4109-b5cf-4395-b4fb-c6012d79971f,af01d7bc-ca90-4807-ade9-52482a042692,6,A,6,84.3,LOW,"Closest client patterns: Home repair and trades, Municipal public works. Need signals: after hours coverage, appointment scheduling, emergency dispatch. Verification: verified own site."
discovered:60aa11dd-c0b1-43aa-a29d-131aa1e080f1,f4727f2e-f47d-4a4f-92f3-185a706b8834,7,A,7,84.1,MEDIUM,"Closest client patterns: Home repair and trades, Mechanical and HVAC services. Need signals: after hours coverage, customer support, emergency dispatch. Verification: verified own site."
discovered:4f4ea224-8597-4652-806f-96a34c41706b,5bcaffce-ad21-4a48-8a7f-3012b501636b,8,A,8,83.6,MEDIUM,"Closest client patterns: Industrial services, Mechanical and HVAC services. Need signals: after hours coverage, customer support, emergency dispatch. Verification: license evidence, verified own site."
discovered:25b3ff84-4e9b-4650-84c9-7eebe1f16d53,1acba872-a9b9-4e76-9db1-f3010fef968d,9,A,9,83.5,HIGH,"Closest client patterns: Industrial services, Mechanical and HVAC services. Need signals: after hours coverage, customer support, emergency dispatch. Verification: verified own site."
discovered:81a98b30-e377-401d-835f-d24a83932efc,b3377951-b13d-4935-b287-c45d8b8e9e2f,10,A,10,83.3,MEDIUM,"Closest client patterns: Veterinary and animal services. Need signals: after hours coverage, appointment scheduling, customer support. Verification: verified own site."
discovered:da290e1c-af1a-458a-ba10-6958463bf0b4,94033956-7125-4ac1-90e8-231f9b432b6a,11,A,11,81.8,MEDIUM,"Closest client patterns: Home repair and trades, Industrial services. Need signals: after hours coverage, appointment scheduling, emergency dispatch. Verification: license evidence, verified own site."
discovered:8e0adb07-ae82-48fd-9e74-92f96539bd75,e22b9339-d2e3-4aa2-9c67-d76f4be50093,12,A,12,81.3,MEDIUM,"Closest client patterns: Property management and real estate, Industrial services. Need signals: after hours coverage, customer support, emergency dispatch. Verification: license evidence, verified own site."
discovered:c5cc8639-e420-4a32-ab0c-00e86f98759a,dd556526-3e2e-4732-adac-d2c04f792db3,13,A,13,80.9,HIGH,"Closest client patterns: Dental services. Need signals: after hours coverage, appointment scheduling, customer support. Verification: verified own site."
discovered:a3758a72-66e7-475d-8443-87809a98f229,a7e0b4ff-23ad-4621-ad20-37702a1e26e2,14,A,14,80.8,MEDIUM,"Closest client patterns: Veterinary and animal services. Need signals: after hours coverage, appointment scheduling, customer support. Verification: verified own site."
discovered:f9e4292c-2d86-4868-a3fc-219275cbe925,0f98f48b-9d51-4284-b7de-4e950f449bd2,15,A,15,80.8,MEDIUM,"Closest client patterns: Industrial services, Mechanical and HVAC services. Need signals: after hours coverage, customer support, emergency dispatch. Verification: verified own site."
discovered:ebd433d4-a922-4fb8-85e0-f9b7d38b21a5,02346355-4e68-4ec4-845f-d11332f9cd84,16,A,16,80.7,MEDIUM,"Closest client patterns: Veterinary and animal services. Need signals: after hours coverage, appointment scheduling, customer support. Verification: verified own site."
discovered:58a13ece-22fd-4cc7-ae2a-f714e0a1159d,97dbc505-fa34-4c72-bb89-fcbc85c46909,17,A,17,80.5,MEDIUM,"Closest client patterns: Dental services. Need signals: after hours coverage, appointment scheduling, customer support. Verification: verified own site."
discovered:9ecdbcf1-ea89-4d3c-b2c0-1b6a98ae08e4,9c3dda0f-2f4c-4dea-b6a0-f6fc57efbce5,18,A,18,80.2,LOW,"Closest client patterns: Home repair and trades, Funeral services. Need signals: after hours coverage, appointment scheduling, emergency dispatch. Verification: verified own site."
discovered:5518663a-b5c9-423a-a4ce-c3e9948c9ed2,04b142cb-daab-45f9-a1d9-07cf63c1497e,19,A,19,79.8,LOW,"Closest client patterns: Home repair and trades, Elevator services. Need signals: after hours coverage, appointment scheduling, emergency dispatch. Verification: verified own site."
discovered:e469eaf5-9fe5-45e7-af78-048003354534,c6de47ad-85b6-40e6-9651-afb6c8a6e3a5,20,A,20,79.5,MEDIUM,"Closest client patterns: Mechanical and HVAC services, Industrial services. Need signals: after hours coverage, customer support, emergency dispatch. Verification: verified own site."
discovered:e0d51ab6-e2ee-449c-aa6d-3d5fb4138f5c,bee9b2f1-4b8e-44e7-b5f5-064f28b1684e,21,A,21,79.4,HIGH,"Closest client patterns: Dental services. Need signals: after hours coverage, appointment scheduling, customer support. Verification: verified own site."
discovered:e052c8d4-27de-4458-a610-7fab60e48e77,d963cc5d-c1a5-4656-8e94-12d926036db5,22,A,22,79.2,MEDIUM,"Closest client patterns: Home repair and trades, Landscaping services. Need signals: after hours coverage, appointment scheduling, emergency dispatch. Verification: verified own site."
discovered:06c81386-6815-447d-9a64-5157af9bd844,fdcb8e66-2de7-4bf4-bf28-25f21d006a33,23,A,23,79.1,MEDIUM,"Closest client patterns: Mechanical and HVAC services, Industrial services. Need signals: after hours coverage, customer support, emergency dispatch. Verification: verified own site."
discovered:3864dc94-d791-4c2f-9210-606857f46104,930635c0-c801-4fa7-8261-b1f5f306ae20,24,A,24,78.7,MEDIUM,"Closest client patterns: Veterinary and animal services. Need signals: after hours coverage, appointment scheduling, customer support. Verification: verified own site."
discovered:4aef23cb-ad6d-48d2-998f-9ea6bb967e1a,791b444b-60f6-4e1a-a70e-51415a2fb988,25,A,25,78.7,MEDIUM,"Closest client patterns: Veterinary and animal services. Need signals: after hours coverage, appointment scheduling, customer support. Verification: verified own site."
discovered:71a51a73-8571-4848-b688-caed6a3f60f0,5eae3fec-8f40-4777-8569-be5f919e410d,26,A,26,78.7,MEDIUM,"Closest client patterns: Veterinary and animal services. Need signals: after hours coverage, appointment scheduling, customer support. Verification: verified own site."
discovered:b5c416e9-2d06-4263-b319-dbdf8204c950,868243c1-9c1d-47cb-b9a4-701610d42515,27,A,27,78.7,MEDIUM,"Closest client patterns: Veterinary and animal services. Need signals: after hours coverage, appointment scheduling, customer support. Verification: verified own site."
discovered:580ad264-4897-4106-8800-f018b40eac43,4d6ac078-1c78-4291-b6e3-cc1dbe6b8170,28,A,28,78.7,MEDIUM,"Closest client patterns: Veterinary and animal services. Need signals: after hours coverage, appointment scheduling, customer support. Verification: verified own site."
discovered:5fc53dbc-b42d-4197-a27c-529c7b867a34,788aefac-60d3-456c-a0db-657beff8fcdb,29,A,29,78.7,MEDIUM,"Closest client patterns: Veterinary and animal services. Need signals: after hours coverage, appointment scheduling, customer support. Verification: verified own site."
discovered:fb3606e7-ccd7-44a0-83a6-d13f52001183,33b7c52b-5921-45d9-bdc0-6a7017353452,30,A,,78.7,MEDIUM,"Closest client patterns: Veterinary and animal services. Need signals: after hours coverage, appointment scheduling, customer support. Verification: verified own site."
discovered:66242846-1006-4f27-9724-f67348d4eadf,1e410e59-9e7f-4868-85bb-9cc751410597,31,A,,78.7,MEDIUM,"Closest client patterns: Veterinary and animal services. Need signals: after hours coverage, appointment scheduling, customer support. Verification: verified own site."
discovered:a1fef8e9-db58-4cf5-a6f5-3f806f95ed78,3faf889d-a2b1-41c8-8f39-f5722cb6c1b3,32,A,,78.7,MEDIUM,"Closest client patterns: Veterinary and animal services. Need signals: after hours coverage, appointment scheduling, customer support. Verification: verified own site."
discovered:d1806cc8-4ae7-4965-80a3-ab5267970feb,37d5cb40-3526-4647-8acc-d03ea481fdcd,33,A,,78.7,MEDIUM,"Closest client patterns: Veterinary and animal services. Need signals: after hours coverage, appointment scheduling, customer support. Verification: verified own site."
discovered:f98465d5-60fc-4206-b6ff-d30fee3284c5,a380b247-1c35-49a5-9705-792595d18316,34,A,,78.7,MEDIUM,"Closest client patterns: Veterinary and animal services. Need signals: after hours coverage, appointment scheduling, customer support. Verification: verified own site."
discovered:be613501-4b6f-48bc-abb5-eb370ae5582a,d75f9e0e-1b64-447a-95c4-c3661bec2a3d,35,A,,78.7,MEDIUM,"Closest client patterns: Veterinary and animal services. Need signals: after hours coverage, appointment scheduling, customer support. Verification: verified own site."
discovered:82c1d6bc-61f4-4be8-8fe2-da9c409f5ff1,d9f6f81f-d789-4180-b031-ac2fc3dc80ae,36,A,,78.7,MEDIUM,"Closest client patterns: Veterinary and animal services. Need signals: after hours coverage, appointment scheduling, customer support. Verification: verified own site."
discovered:16bbab92-1576-4ced-891b-f4a791c7d168,2524dcb8-f2fe-4f8a-afe3-897f24036af5,37,A,,78.7,MEDIUM,"Closest client patterns: Veterinary and animal services. Need signals: after hours coverage, appointment scheduling, customer support. Verification: verified own site."
discovered:44ffcb57-e11e-4242-b359-2902937ac686,1fadb98f-61bd-4182-8feb-ebe83a1de529,38,A,,78.7,MEDIUM,"Closest client patterns: Veterinary and animal services. Need signals: after hours coverage, appointment scheduling, customer support. Verification: verified own site."
discovered:5f186b68-39e7-4a12-8303-26ca98a98b6a,07c22b8e-7f2b-4f43-8d68-37702508ff17,39,A,,78.7,MEDIUM,"Closest client patterns: Veterinary and animal services. Need signals: after hours coverage, appointment scheduling, customer support. Verification: verified own site."
discovered:028a9d7f-aca2-46e8-a04c-66d117498b98,1e96fba9-7c14-4be1-b27d-661e18915741,40,A,,78.7,MEDIUM,"Closest client patterns: Veterinary and animal services. Need signals: after hours coverage, appointment scheduling, customer support. Verification: verified own site."
discovered:a90669d8-a1e0-4930-8ade-958bc1ce664d,250adda8-6b30-46e8-b3cc-7fb99944b534,41,A,,78.7,MEDIUM,"Closest client patterns: Veterinary and animal services. Need signals: after hours coverage, appointment scheduling, customer support. Verification: verified own site."
discovered:9bc9f5d2-be4d-4ae5-a6c3-8a69fc710d4c,679a20a5-2d0f-41c6-9dc3-8ed5ab5250a0,42,A,,78.7,MEDIUM,"Closest client patterns: Veterinary and animal services. Need signals: after hours coverage, appointment scheduling, customer support. Verification: verified own site."
discovered:8356c45a-8794-42d8-8cb3-01e78c908f4e,8b137a23-1ecd-4aee-aa16-63df2a4483a7,43,A,,78.7,MEDIUM,"Closest client patterns: Veterinary and animal services. Need signals: after hours coverage, appointment scheduling, customer support. Verification: verified own site."
discovered:6bde886b-1821-42f0-93c5-387e76999bb2,371b6c47-2ba6-4691-b665-37961c7a7544,44,A,,78.7,MEDIUM,"Closest client patterns: Veterinary and animal services. Need signals: after hours coverage, appointment scheduling, customer support. Verification: verified own site."
discovered:8b4fef4b-30e3-44ac-8dd8-1ceabf374472,283f3d08-35cb-4ba5-b23a-d1efac503ff6,45,A,,78.7,MEDIUM,"Closest client patterns: Veterinary and animal services. Need signals: after hours coverage, appointment scheduling, customer support. Verification: verified own site."
discovered:73fe7fb3-089e-4f17-a3d1-4f830b352724,0d671a17-349b-492d-9267-aecff29b7f7e,46,A,,78.7,MEDIUM,"Closest client patterns: Veterinary and animal services. Need signals: after hours coverage, appointment scheduling, customer support. Verification: verified own site."
discovered:9a5e7bdf-363a-4bdb-ab0f-e1da408bf12f,cf230757-4795-49d2-a489-455f008bf67e,47,A,,78.7,HIGH,"Closest client patterns: Veterinary and animal services. Need signals: after hours coverage, appointment scheduling, customer support. Verification: verified own site."
discovered:13b1b761-5a39-4da5-94c7-217b1210f0fd,cd415dcb-0ae6-4d3d-8ba0-859e1ad96084,48,A,,78.7,MEDIUM,"Closest client patterns: Veterinary and animal services. Need signals: after hours coverage, appointment scheduling, customer support. Verification: verified own site."
discovered:eea19e6c-3d73-45ad-a40c-81aceb4d15f1,86a253fc-be0b-4d80-a72e-33a5542035af,49,A,,78.7,MEDIUM,"Closest client patterns: Veterinary and animal services. Need signals: after hours coverage, appointment scheduling, customer support. Verification: verified own site."
discovered:8c0d3de8-fb59-4202-a6ae-57319f6758f5,b8a3c13d-2c5b-4738-8c13-a5916f024278,50,A,,78.7,MEDIUM,"Closest client patterns: Veterinary and animal services. Need signals: after hours coverage, appointment scheduling, customer support. Verification: verified own site."
discovered:3c65f8ba-cb77-43ed-ba95-238ec4b11b4e,a3f9e89e-d71b-4e23-b109-009053e86543,51,B,,78.7,MEDIUM,"Closest client patterns: Veterinary and animal services. Need signals: after hours coverage, appointment scheduling, customer support. Verification: verified own site."
discovered:47041ec8-4b7d-40b8-9926-7aa2b0061af4,fa7cf9d5-8a78-475d-9fde-91848c1f1286,52,B,,78.7,MEDIUM,"Closest client patterns: Veterinary and animal services. Need signals: after hours coverage, appointment scheduling, customer support. Verification: verified own site."
discovered:916f6fef-77d7-423a-8ba0-d41af6f22b6c,fe7e0d66-4c01-4df2-b4fc-e2e20cb89e1f,53,B,,78.7,MEDIUM,"Closest client patterns: Veterinary and animal services. Need signals: after hours coverage, appointment scheduling, customer support. Verification: verified own site."
discovered:0be15295-5cb8-48d0-828a-28a4b30293ee,98b0fbf9-ea7f-4da1-b405-d9e060f3852f,54,B,,78.6,MEDIUM,"Closest client patterns: Veterinary and animal services. Need signals: after hours coverage, appointment scheduling, customer support. Verification: verified own site."
discovered:87423997-91b3-422d-b6f7-f90e958bfe0a,dc1d47ab-ef6d-46ca-ae25-f7cb8abee80c,55,B,,78.5,MEDIUM,"Closest client patterns: Veterinary and animal services. Need signals: after hours coverage, appointment scheduling, customer support. Verification: verified own site."
discovered:60fc8055-8eda-47aa-abc1-0df3d044defe,1dabc952-90c9-4d5b-b4da-85c481a604d8,56,B,30,78.4,MEDIUM,"Closest client patterns: Mechanical and HVAC services, Industrial services. Need signals: after hours coverage, customer support, emergency dispatch. Verification: verified own site."
discovered:2c9fda49-61ae-4259-bcb8-b42e8d575a63,ecc68160-8bf4-4db4-af1e-27300a26b6f0,57,B,,78.3,MEDIUM,"Closest client patterns: Veterinary and animal services. Need signals: after hours coverage, appointment scheduling, customer support. Verification: verified own site."
discovered:3396c211-03d8-454a-808c-4810634a298f,88365dcd-29a5-4b8e-a84d-58c43d7808d0,58,B,,78.3,MEDIUM,"Closest client patterns: Veterinary and animal services. Need signals: after hours coverage, appointment scheduling, customer support. Verification: verified own site."
discovered:d41b566d-b0a7-4cdc-a024-666beeebdd79,4f820c8a-902c-44b9-b447-2aa89fc3f8a3,59,B,,78.2,MEDIUM,"Closest client patterns: Veterinary and animal services. Need signals: after hours coverage, appointment scheduling, customer support. Verification: verified own site."
discovered:428b15ec-b6d9-4a56-a692-7265636c6c7c,9692823e-bf05-4c4e-be8f-de590ec1f459,60,B,31,78.0,MEDIUM,"Closest client patterns: Home repair and trades, Industrial services. Need signals: after hours coverage, customer support, emergency dispatch. Verification: verified own site."
discovered:75c9a4a3-875d-4fe4-9859-e9bbc2ad3cab,66cdc9e6-0ab8-4796-9792-8780a965778d,61,B,,77.8,MEDIUM,"Closest client patterns: Veterinary and animal services. Need signals: after hours coverage, appointment scheduling, customer support. Verification: verified own site."
discovered:ff33afa7-1e3a-4ef9-bad3-1d1aae745f53,45058c64-6883-48a0-ba1b-c02dd1a1ca39,62,B,,77.7,MEDIUM,"Closest client patterns: Veterinary and animal services. Need signals: after hours coverage, appointment scheduling, customer support. Verification: verified own site."
discovered:a38526b1-7eee-4d26-a3ab-23a403109fcb,d33dc733-ca69-41fb-952b-1e7a1e4849e4,63,B,,77.7,MEDIUM,"Closest client patterns: Veterinary and animal services. Need signals: after hours coverage, appointment scheduling, customer support. Verification: verified own site."
discovered:0aa1f9ce-f115-4a55-b6f0-78acdec4548a,9e0222d1-7847-4aed-b1ee-eafbe7ae2ae0,64,B,,77.7,MEDIUM,"Closest client patterns: Veterinary and animal services. Need signals: after hours coverage, appointment scheduling, customer support. Verification: verified own site."
discovered:c5465536-40d5-451f-b54d-59f4b1a82792,41a7e49c-bb44-45a7-a65b-0d3bc64875e6,65,B,,77.7,MEDIUM,"Closest client patterns: Veterinary and animal services. Need signals: after hours coverage, appointment scheduling, customer support. Verification: verified own site."
discovered:ff6ec969-6c8b-4017-aa35-45747632d3a6,43c9f47a-fd92-4d39-a1f5-c51edd980785,66,B,,77.7,MEDIUM,"Closest client patterns: Veterinary and animal services. Need signals: after hours coverage, appointment scheduling, customer support. Verification: verified own site."
discovered:433f9e31-ba20-4bf8-bce5-edcd0e2fc9a4,6763afc0-e6f2-4a93-8aa8-a77e09616e88,67,B,,77.7,MEDIUM,"Closest client patterns: Veterinary and animal services. Need signals: after hours coverage, appointment scheduling, customer support. Verification: verified own site."
discovered:2ab09ead-e49d-4644-84de-5e155a28f775,6cd4649f-68a4-46d5-ab5d-fe265ca84dcc,68,B,,77.7,MEDIUM,"Closest client patterns: Veterinary and animal services. Need signals: after hours coverage, appointment scheduling, customer support. Verification: verified own site."
discovered:a9585a2f-aa7d-44e5-a181-3dc1776bbce2,e45f4a1f-a610-45bc-9d70-875844091b7a,69,B,,77.7,MEDIUM,"Closest client patterns: Veterinary and animal services. Need signals: after hours coverage, appointment scheduling, customer support. Verification: verified own site."
discovered:5870ec0c-a89b-44f0-b4f9-463157b70a89,afe82659-65fa-45f6-9995-c704aaa42bf7,70,B,,77.7,MEDIUM,"Closest client patterns: Veterinary and animal services. Need signals: after hours coverage, appointment scheduling, customer support. Verification: verified own site."
discovered:a37ee7d8-8555-45b2-92da-16e4cbdca510,7148367a-df17-4ea6-af10-4230e8069acb,71,B,,77.7,MEDIUM,"Closest client patterns: Veterinary and animal services. Need signals: after hours coverage, appointment scheduling, customer support. Verification: verified own site."
discovered:03cf1ae9-7598-4683-958e-1957d21d7e9f,f481d794-b9b4-4826-9bfd-7290510f08fb,72,B,,77.7,MEDIUM,"Closest client patterns: Veterinary and animal services. Need signals: after hours coverage, appointment scheduling, customer support. Verification: verified own site."
discovered:4baa51d6-adfb-4e01-8d6c-bea637307ded,3cc469d2-af7d-4559-af4c-25800bbb21b8,73,B,32,77.5,MEDIUM,"Closest client patterns: Home repair and trades, Industrial services. Need signals: after hours coverage, appointment scheduling, emergency dispatch. Verification: verified own site."
discovered:68628050-5dc0-4ba1-97a7-a89b63c1c558,4f2a9ee3-d92f-46e8-9916-ebe46d14b807,74,B,,77.4,MEDIUM,"Closest client patterns: Veterinary and animal services. Need signals: after hours coverage, appointment scheduling, customer support. Verification: verified own site."
discovered:5138ded8-ebd3-43e6-95a7-bb6ea89f3c8e,7b30db9e-5fdf-4743-adb9-3ac40c1133a3,75,B,,77.4,MEDIUM,"Closest client patterns: Veterinary and animal services. Need signals: after hours coverage, appointment scheduling, customer support. Verification: verified own site."
discovered:e733a184-c2ff-4a17-ba60-a2db18d880be,925680d7-d760-4c90-a580-c5552914ba72,76,B,33,77.1,MEDIUM,"Closest client patterns: Mechanical and HVAC services, Industrial services. Need signals: after hours coverage, customer support, emergency dispatch. Verification: verified own site."
discovered:9896db94-ff27-4809-bfab-573d61e70f59,c2a6a16e-b5f4-42cd-ac6b-bab2ad0d8d64,77,B,,77.0,MEDIUM,"Closest client patterns: Veterinary and animal services. Need signals: after hours coverage, appointment scheduling, customer support. Verification: verified own site."
discovered:558872ca-2e63-4b12-ab1f-05acfd1f21d7,cec53034-53d1-478e-9f0b-6422e708aac0,78,B,,76.8,MEDIUM,"Closest client patterns: Veterinary and animal services. Need signals: after hours coverage, appointment scheduling, customer support. Verification: verified own site."
discovered:87966478-2cb2-43b5-a900-721681de752f,c230c82b-d4a9-42c5-96df-5fd0b6816ad7,79,B,34,76.7,LOW,"Closest client patterns: Alarm and security services, Landscaping services. Need signals: after hours coverage, customer support, emergency dispatch. Verification: license evidence, verified own site."
discovered:eb7ae1cd-8bd6-4064-a647-a06993fb6845,0b7d8a72-696f-493d-8441-434c331e6808,80,B,,76.6,MEDIUM,"Closest client patterns: Veterinary and animal services. Need signals: after hours coverage, appointment scheduling, customer support. Verification: verified own site."
discovered:666ccd58-f8e3-413c-80c2-d24027224aae,a6e643c0-5b49-4d3a-92b6-f6211ef32d67,81,B,35,76.3,MEDIUM,"Closest client patterns: Home repair and trades, Consumer services. Need signals: after hours coverage, appointment scheduling, emergency dispatch. Verification: verified own site."
discovered:476920ae-7680-4f2c-b20e-33e4069b711a,771d1c4c-57f8-444f-8540-5fe49e8a317c,82,B,,76.2,LOW,"Closest client patterns: Veterinary and animal services. Need signals: after hours coverage, appointment scheduling, customer support. Verification: verified own site."
discovered:806f1615-904d-45bc-a1d4-915d63a71da4,5b4aaea0-15ab-480b-a002-ba217569ec02,83,B,36,76.1,MEDIUM,"Closest client patterns: Mechanical and HVAC services, Industrial services. Need signals: after hours coverage, customer support, emergency dispatch. Verification: verified own site."
discovered:16393d21-500d-4016-b3c3-a74de099f74c,6dcdb770-82a7-4629-976d-3be0e305186c,84,B,,75.9,MEDIUM,"Closest client patterns: Veterinary and animal services. Need signals: after hours coverage, appointment scheduling, customer support. Verification: verified own site."
discovered:ca834754-deac-4468-96c2-4babe7b05188,0577f6c5-723e-443f-aff2-f66a86c8a530,85,B,37,75.8,MEDIUM,"Closest client patterns: Home repair and trades, Industrial services. Need signals: after hours coverage, appointment scheduling, emergency dispatch. Verification: verified own site."
discovered:ee6833b2-1ad7-4a87-b992-c5a321546199,e95a50e3-28f2-4761-adf2-03b42c073151,86,B,,75.7,MEDIUM,"Closest client patterns: Veterinary and animal services. Need signals: after hours coverage, appointment scheduling, customer support. Verification: verified own site."
discovered:0c10282c-4016-4843-bb79-44bf0235210b,e6335bcb-cfb8-4020-a2e3-53a6c0ec0a08,87,B,,75.1,LOW,"Closest client patterns: Veterinary and animal services. Need signals: after hours coverage, appointment scheduling, customer support. Verification: verified own site."
discovered:d1831946-cde0-4a8a-bc36-aa2253c697b1,245004f4-1387-488e-9ddc-e989f25b676e,88,B,,75.1,MEDIUM,"Closest client patterns: Mechanical and HVAC services, Industrial services. Need signals: after hours coverage, customer support, emergency dispatch. Verification: verified own site."
discovered:43e7e992-4d42-412f-beec-865a584a8963,1f9048c6-6c44-4c13-962e-93841ecc3bf0,89,B,,75.1,HIGH,"Closest client patterns: Veterinary and animal services. Need signals: after hours coverage, appointment scheduling, customer support. Verification: verified own site."
discovered:2f83099e-e184-4117-8edb-f5d0f558ecf6,66110cb7-3017-4aa7-8ec4-19fffc274e2a,90,B,38,75.0,MEDIUM,"Closest client patterns: Industrial services, Mechanical and HVAC services. Need signals: after hours coverage, appointment scheduling, emergency dispatch. Verification: verified own site."
discovered:53f1c3b4-39ea-462f-9663-07d441f9856e,19024067-88ba-48fe-ac16-0a2269d101f3,91,B,,74.8,MEDIUM,"Closest client patterns: Veterinary and animal services. Need signals: after hours coverage, appointment scheduling, customer support. Verification: verified own site."
discovered:abb00aff-b755-4194-96ce-81f8644fc55d,97db878f-cf4f-4fc0-b206-477e65aafc6f,92,B,,74.7,MEDIUM,"Closest client patterns: Veterinary and animal services. Need signals: after hours coverage, appointment scheduling, customer support. Verification: verified own site."
discovered:2f181f9f-a066-4421-baa8-f573f8bf27ed,863db221-effc-467f-a15c-572b79d9e30c,93,B,,74.6,MEDIUM,"Closest client patterns: Veterinary and animal services. Need signals: after hours coverage, appointment scheduling, customer support. Verification: verified own site."
discovered:80b1629c-ae46-44b7-9081-0c2c2c8298d0,df611d93-1824-4a9c-be73-7e6b65a2abda,94,B,39,74.4,MEDIUM,"Closest client patterns: Alarm and security services, Home repair and trades. Need signals: after hours coverage, emergency dispatch, on call escalation. Verification: license evidence, verified own site."
discovered:2d38413a-f7f5-4171-b3bd-ebcf98094d4b,7d276b4c-183d-4a10-900c-5085162010ea,95,B,,74.4,MEDIUM,"Closest client patterns: Veterinary and animal services. Need signals: after hours coverage, appointment scheduling, customer support. Verification: verified own site."
discovered:82c73e9f-e18a-4405-b96d-37f7821e7f7b,b01cb721-f795-49a5-8f65-19cb03ee3f73,96,B,40,73.9,MEDIUM,"Closest client patterns: Mechanical and HVAC services, Industrial services. Need signals: after hours coverage, appointment scheduling, emergency dispatch. Verification: license evidence, verified own site."
discovered:5f54a2c2-6b82-4f44-bc74-86d244dfbd69,6d789019-af10-40ee-836f-f405c1418edb,97,B,,73.8,MEDIUM,"Closest client patterns: Veterinary and animal services. Need signals: after hours coverage, appointment scheduling, customer support. Verification: verified own site."
discovered:82b78c01-b3ec-4b79-b392-4ff7ab7a9456,9b8a9f28-7aa7-4ed2-86e0-178334f0ebbe,98,B,,73.6,MEDIUM,"Closest client patterns: Veterinary and animal services. Need signals: after hours coverage, appointment scheduling, customer support. Verification: verified own site."
discovered:e0c68660-d2e9-456c-890e-4b56dd28a531,0b08e94c-d3fe-4328-9906-86344cb2bc09,99,B,41,73.6,LOW,"Closest client patterns: IT and technical services, Industrial services. Need signals: after hours coverage, customer support, emergency dispatch. Verification: verified own site."
discovered:0479d605-9c82-48f8-a4b4-5064be8a567f,3e75a4d3-680c-4cae-871e-0a1e56e9147f,100,B,,73.5,LOW,"Closest client patterns: Veterinary and animal services. Need signals: after hours coverage, appointment scheduling, customer support. Verification: verified own site."
discovered:6322a6e2-d018-4340-9ee2-b386507896e5,ecbda717-4d62-43a8-a637-ffb09ae1f2aa,101,B,42,73.4,MEDIUM,"Closest client patterns: Home repair and trades, Elevator services. Need signals: after hours coverage, appointment scheduling, emergency dispatch. Verification: verified own site."
discovered:cfb2385e-6c83-4ba8-bca6-e9c2a7c5c15b,f44d8511-75c0-4bc2-95aa-d763c4b4470b,102,B,,73.4,LOW,"Closest client patterns: Mechanical and HVAC services, Industrial services. Need signals: after hours coverage, customer support, emergency dispatch. Verification: verified own site."
discovered:4834d568-6a98-44a8-b053-4766a4da0d16,592c2195-89bc-4ecf-84b8-945863eba063,103,B,,73.4,MEDIUM,"Closest client patterns: Veterinary and animal services. Need signals: after hours coverage, appointment scheduling, customer support. Verification: verified own site."
discovered:e94bf26b-cab6-454c-bb7e-829b9af3ca6b,8bf610e1-73be-4016-8f24-74dbdfa319f0,104,B,,73.4,MEDIUM,"Closest client patterns: Veterinary and animal services. Need signals: after hours coverage, appointment scheduling, customer support. Verification: verified own site."
discovered:aae97e62-2f56-4254-8883-1bd626a4011f,040cf23b-1aac-4529-ba8a-06e9148ebba6,105,B,,73.3,MEDIUM,"Closest client patterns: Veterinary and animal services. Need signals: after hours coverage, appointment scheduling, customer support. Verification: verified own site."
discovered:9b1cd135-c0b7-4fb4-859d-0be67cca15e7,5617e63d-7a48-44b3-9e80-3c638d67c731,106,B,43,72.8,MEDIUM,"Closest client patterns: Mechanical and HVAC services, Landscaping services. Need signals: after hours coverage, customer support, emergency dispatch. Verification: verified own site."
discovered:6fa6df3c-d51c-48eb-8594-7a0b7e7ef84e,d5c862a4-4dcf-401e-a4df-98a8d3f5d1fa,107,B,,72.8,MEDIUM,"Closest client patterns: Veterinary and animal services. Need signals: after hours coverage, appointment scheduling, customer support. Verification: verified own site."
discovered:5abdaa5e-1d7a-42bd-b0ee-a86c044b9f60,108dc8d2-2252-4018-873d-22d43c78656f,108,B,44,72.6,LOW,"Closest client patterns: Home repair and trades, Industrial services. Need signals: after hours coverage, appointment scheduling, emergency dispatch. Verification: verified own site."
discovered:ba74f818-22bf-44c0-b8b5-7753bbc6b0c9,f3b0a65e-8099-4bb4-afb1-b99dc26c05f5,109,B,45,72.4,HIGH,"Closest client patterns: Home repair and trades, Industrial services. Need signals: appointment scheduling, customer support, emergency dispatch. Verification: license evidence, verified own site."
discovered:596dba31-4227-4c3c-b01f-57eea26eb7e3,f088f7f8-921d-4763-abc9-a07a670c9142,110,B,,72.3,LOW,"Closest client patterns: Veterinary and animal services. Need signals: after hours coverage, appointment scheduling, customer support. Verification: verified own site."
discovered:3b87d48a-0b07-4bea-a851-2440261ccdca,ede70a6e-1391-4f53-bae7-0f5c0825ee1d,111,B,,72.1,HIGH,"Closest client patterns: Veterinary and animal services. Need signals: after hours coverage, appointment scheduling, customer support. Verification: verified own site."
discovered:6b458a25-3cc4-4304-a0c0-f117ab5e4b65,6c1f70ff-69a0-421d-a4ef-2f3cf6c4edb6,112,B,46,72.1,LOW,"Closest client patterns: Home repair and trades, Industrial services. Need signals: after hours coverage, appointment scheduling, emergency dispatch. Verification: verified own site."
discovered:db0e5d23-3838-46d9-90c6-7848e568e809,e4d845ee-4b55-48d3-bf11-349a4dd452c8,113,B,47,72.1,HIGH,"Closest client patterns: Alarm and security services, Property management and real estate. Need signals: after hours coverage, emergency dispatch, on call escalation. Verification: verified own site."
discovered:ee1deb63-b8cb-46ac-996a-587e1089fd29,017b84b3-0c62-4991-9d95-cd08e0e9c266,114,B,,71.8,MEDIUM,"Closest client patterns: Veterinary and animal services. Need signals: after hours coverage, appointment scheduling, customer support. Verification: verified own site."
discovered:9050118e-5c6b-4e97-8b79-88dd67fb2c4c,a69c7067-77cc-4cf8-8a06-41145881a363,115,B,,71.2,HIGH,"Closest client patterns: Veterinary and animal services. Need signals: after hours coverage, appointment scheduling, customer support. Verification: license evidence, verified own site."
discovered:63ab4930-249e-4a9e-8788-6354d789c64e,8568d2ef-2783-4b2d-8352-25340e325642,116,B,,71.2,MEDIUM,"Closest client patterns: Veterinary and animal services. Need signals: after hours coverage, appointment scheduling, customer support. Verification: verified own site."
discovered:c64e6274-edbf-4b14-bc68-c278552d884d,b4c1daf9-30bf-4505-98d1-fe9adacda85d,117,B,48,71.0,MEDIUM,"Closest client patterns: Veterinary and animal services, Healthcare providers. Need signals: after hours coverage, appointment scheduling, customer support. Verification: verified own site."
discovered:8fe604e2-a487-42a0-8372-4f9d8abda4fc,04636ac9-1fe7-4a5d-b6dc-fd0643f0b591,118,B,,71.0,MEDIUM,"Closest client patterns: Veterinary and animal services. Need signals: after hours coverage, appointment scheduling, customer support. Verification: verified own site."
discovered:8c88408e-46df-43e0-b68c-99c00ffba851,aafd121a-cd0a-42fa-ab9c-240966528287,119,B,,70.8,HIGH,"Closest client patterns: Veterinary and animal services. Need signals: after hours coverage, appointment scheduling, customer support. Verification: verified own site."
discovered:d09b40b7-9dfc-4d34-9a9b-2001105ae0f5,28ff1e57-ee99-424e-a24e-e5575db704a1,120,B,,70.7,MEDIUM,"Closest client patterns: Mechanical and HVAC services. Need signals: after hours coverage, customer support, emergency dispatch. Verification: verified own site."
discovered:755fcfb4-5571-46df-802c-0488f8d7462a,1bf94031-5e43-4b23-be52-931479cb8b17,121,B,,70.7,HIGH,"Closest client patterns: Veterinary and animal services. Need signals: after hours coverage, appointment scheduling, customer support. Verification: verified own site."
discovered:1a3a9d78-4518-4c05-90d5-2ac7248b3fa7,6b9b4e1a-61fe-489c-94fd-671a929b24a8,122,B,,70.1,MEDIUM,"Closest client patterns: Veterinary and animal services. Need signals: after hours coverage, appointment scheduling, customer support. Verification: verified own site."
discovered:c48ac20a-3dbc-44ec-9776-bcc78d1aaaa5,c7adeb86-7ee0-46f9-b668-25a73ad13390,123,B,,69.4,MEDIUM,"Closest client patterns: Veterinary and animal services, Healthcare providers. Need signals: after hours coverage, appointment scheduling, customer support. Verification: verified own site."
discovered:26760949-b5b2-4516-8698-e0c44379e542,b0c94b4f-b177-4da1-8dc6-1a784d4f2e96,124,B,,69.3,MEDIUM,"Closest client patterns: Veterinary and animal services. Need signals: after hours coverage, appointment scheduling, customer support. Verification: verified own site."
discovered:ec1df63e-8df1-42a0-841d-9bbeb99965c5,b3505f4f-f29b-4f6b-8b5c-de7dd8302dd7,125,B,49,69.1,MEDIUM,"Closest client patterns: Healthcare providers, Behavioral health and counseling. Need signals: after hours coverage, appointment scheduling, customer support. Verification: verified own site."
discovered:23032b3e-9458-477a-97ec-9c0db4c12229,09e8b14e-1375-4d0c-9f37-f42f2ef28a59,126,B,50,68.8,LOW,"Closest client patterns: Dental services, Funeral services. Need signals: after hours coverage, emergency dispatch, on call escalation. Verification: verified own site."
discovered:8a9d3b06-234b-46e6-8fcd-2393577fa37d,66dc1b82-ff95-4f45-9e71-debe3c3f6612,127,B,,68.7,MEDIUM,"Closest client patterns: Consumer services, Municipal public works. Need signals: after hours coverage, emergency dispatch, on call escalation. Verification: license evidence, verified own site."
discovered:5702eb01-400d-4082-8863-90d7ecc5e421,66c2be23-bef0-41e6-bbca-87ff1252130d,128,B,,68.2,LOW,"Closest client patterns: Alarm and security services, Industrial services. Need signals: after hours coverage, appointment scheduling, emergency dispatch. Verification: verified own site."
discovered:2e23ed93-1c77-49a3-a314-13ea22992fe4,11918819-cb6c-431b-9679-006a381dd5ad,129,B,,67.9,MEDIUM,"Closest client patterns: Alarm and security services. Need signals: after hours coverage, emergency dispatch, on call escalation. Verification: verified own site."
discovered:b4295e2f-0409-475e-9a39-6a2e6889cafb,72705c50-a212-4eba-93c6-60a0e983742f,130,B,,67.8,MEDIUM,"Closest client patterns: Consumer services, Municipal public works. Need signals: after hours coverage, emergency dispatch, on call escalation. Verification: license evidence, verified own site."
discovered:2962640e-97fb-47b8-9065-d6d0a1a7f0d1,fba17cd5-41ce-4047-87f6-2c734de1c46e,131,B,,67.8,LOW,"Closest client patterns: Legal services, Municipal public works. Need signals: after hours coverage, customer support, emergency dispatch. Verification: license evidence, verified own site."
discovered:46f32078-307d-4666-85f3-ea65db002700,2967b223-a4cf-4b8a-905e-3b6c0420fb6d,132,B,,67.8,MEDIUM,"Closest client patterns: Property management and real estate. Need signals: after hours coverage, customer support, emergency dispatch. Verification: verified own site."
discovered:1145932f-574d-4851-b103-b1682b8eae3b,5cf72965-e17d-4829-894f-46d9b5e14ad9,133,B,,67.0,HIGH,"Closest client patterns: Alarm and security services, Industrial services. Need signals: after hours coverage, emergency dispatch, on call escalation. Verification: verified own site."
discovered:36e21bf8-2611-42cd-b883-40817fe61b3a,7fa04093-1667-4e17-a669-ee34cc6ab769,134,B,,66.5,HIGH,"Closest client patterns: Legal services. Need signals: after hours coverage, appointment scheduling, customer support. Verification: verified own site."
discovered:a71cdfd4-c5ae-40ee-b717-50650093dd86,e24c7006-e880-41c8-a717-3ed08f281f9c,135,B,,66.5,HIGH,"Closest client patterns: Legal services. Need signals: after hours coverage, appointment scheduling, customer support. Verification: verified own site."
discovered:7637f4f9-990e-4721-8d66-691786469300,9323117c-8cf1-41e1-95b1-ec623f9c633d,136,B,,66.2,LOW,"Closest client patterns: Home repair and trades, Industrial services. Need signals: after hours coverage, customer support, emergency dispatch. Verification: license evidence, verified own site."
discovered:6f578f9f-17ae-4cd8-99f8-851b6df3de7c,cf0381bd-594d-4b04-8595-66476bbe0c59,137,B,,66.2,MEDIUM,"Closest client patterns: Municipal public works, Industrial services. Need signals: after hours coverage, customer support, emergency dispatch. Verification: verified own site."
discovered:6a129234-844d-4fb8-a789-6ff8d2fd0fad,b9c78901-12e1-48f2-af51-5db5346281ac,138,B,,66.0,MEDIUM,"Closest client patterns: Alarm and security services, Consumer services. Need signals: after hours coverage, emergency dispatch, multi location routing. Verification: verified own site."
discovered:3ad53e95-183d-410d-a7d4-cae0d8abbfdd,c65c235f-9c4a-4f41-b6a9-4d2b7d2a1862,139,B,,65.9,MEDIUM,"Closest client patterns: Healthcare providers, Behavioral health and counseling. Need signals: after hours coverage, appointment scheduling, customer support. Verification: verified own site."
discovered:a5e0b4c7-4851-48b1-908d-dc00bee84dd4,4fb92e53-2b41-46de-88e8-622f7d05261a,140,B,,65.8,MEDIUM,"Closest client patterns: Elevator services, Industrial services. Need signals: after hours coverage, customer support, emergency dispatch. Verification: license evidence, verified own site."
discovered:7adef67a-89e3-45e4-9f00-f9a0d4a0caf4,663121ab-f450-4698-8933-574d08e2ab50,141,B,,65.7,HIGH,"Closest client patterns: Dental services. Need signals: after hours coverage, appointment scheduling, customer support. Verification: verified own site."
discovered:9a00d045-71be-4e60-93e8-b64662f9e85b,ffa9ab81-c45c-46c6-8f5e-03471b64a9f5,142,B,,65.7,HIGH,"Closest client patterns: Dental services. Need signals: after hours coverage, appointment scheduling, customer support. Verification: verified own site."
discovered:b5d34ee6-8cdc-4b37-b199-715e2e1354dd,26d6adef-5f7c-4ec5-97b4-70385121a4c2,143,B,,65.7,HIGH,"Closest client patterns: Dental services. Need signals: after hours coverage, appointment scheduling, customer support. Verification: verified own site."
discovered:a39c3e6e-428d-4492-98f8-b65eac8d5053,258851a7-e479-4074-894c-6bb0ff49269a,144,B,,65.6,MEDIUM,"Closest client patterns: Industrial services, Mechanical and HVAC services. Need signals: after hours coverage, customer support, emergency dispatch. Verification: license evidence, verified own site."
discovered:d0f8770d-8c3a-438c-a5cd-27517701cba9,5fd7247e-8283-416b-a082-0ef00aaaecad,145,B,,65.6,HIGH,"Closest client patterns: Mechanical and HVAC services, Industrial services. Need signals: after hours coverage, customer support, emergency dispatch. Verification: verified own site."
discovered:e16d63ea-7b0a-4035-b2b2-b530c2927887,1496feea-4650-43d1-a5e4-79d15f79f690,146,B,,65.5,MEDIUM,"Closest client patterns: Legal services, Property management and real estate. Need signals: after hours coverage, appointment scheduling, customer support. Verification: verified own site."
discovered:15cf9832-eda0-467f-b062-95233b1ad39d,57bbd3d2-4d27-4ef6-a3ac-b9f7ff43911d,147,B,,65.5,MEDIUM,"Closest client patterns: Legal services. Need signals: after hours coverage, appointment scheduling, customer support. Verification: verified own site."
discovered:e632853d-a868-45be-b04f-f3c22739cb37,e7a4faa6-e583-4740-98d1-ec0edbc6bbea,148,B,,65.2,MEDIUM,"Closest client patterns: Home repair and trades, Consumer services. Need signals: after hours coverage, appointment scheduling, emergency dispatch. Verification: license evidence, verified own site."
discovered:ea6da7de-a910-408b-a2b7-2a360209e2b9,d85f0166-19c5-47cc-9b73-285c36890926,149,B,,65.2,HIGH,"Closest client patterns: Home repair and trades, Mechanical and HVAC services. Need signals: after hours coverage, appointment scheduling, emergency dispatch. Verification: license evidence, verified own site."
discovered:7ff3536a-cea4-4685-ba59-3ff12c2ece56,59a060dc-37ad-4a01-8132-816632045dab,150,B,,65.1,MEDIUM,"Closest client patterns: Religious organizations. Need signals: after hours coverage, appointment scheduling, bilingual demand. Verification: verified own site."
discovered:9bfe1aa8-7cd9-47a8-aa23-10c7a18308ee,f21558f9-5c3c-4c0a-9671-b835164ce181,151,B,,64.9,LOW,"Closest client patterns: Consumer services, Municipal public works. Need signals: after hours coverage, emergency dispatch, on call escalation. Verification: verified own site."
discovered:0511668a-8cbf-408b-83ea-9675d6c2dd33,e1a824b2-5403-4f70-a2cd-1992c5581148,152,B,,64.9,HIGH,"Closest client patterns: Religious organizations. Need signals: after hours coverage, appointment scheduling, bilingual demand. Verification: verified own site."
discovered:b17e8ee3-eb10-4d19-a2dd-17c0345aaf06,b461a9ed-10b6-417c-a922-bf1661f76b1e,153,B,,64.8,HIGH,"Closest client patterns: Religious organizations. Need signals: after hours coverage, appointment scheduling, bilingual demand. Verification: verified own site."
discovered:f3609eb1-dcdb-4acc-b9ff-0ffb6dae1b9c,8e222565-17c5-412c-9cca-4689ed49037a,154,B,,64.7,HIGH,"Closest client patterns: Dental services. Need signals: after hours coverage, appointment scheduling, customer support. Verification: verified own site."
discovered:0dcb25ad-1b13-4f24-b274-209e9ee7ea4d,59aeaa65-da48-414c-a890-b5b84dfdb009,155,B,,64.6,LOW,"Closest client patterns: Consumer services, Municipal public works. Need signals: after hours coverage, emergency dispatch, on call escalation. Verification: verified own site."
discovered:b425b123-d431-40bc-9a03-fc6a1aa380df,03b6f891-7d79-42b2-a30a-d5422ce7a4bc,156,B,,64.5,LOW,"Closest client patterns: Home repair and trades, Industrial services. Need signals: after hours coverage, customer support, emergency dispatch. Verification: verified own site."
discovered:65341b4b-04b2-4396-b9ec-e2f195bf84c3,4e781d9c-2455-47c3-a314-87c99a16a167,157,B,,64.3,MEDIUM,"Closest client patterns: Legal services, Property management and real estate. Need signals: after hours coverage, appointment scheduling, customer support. Verification: verified own site."
discovered:907760c9-1032-42ea-a326-2ed9249a5ea9,42c04e10-3019-45a4-8459-58ce26eba095,158,B,,64.3,MEDIUM,"Closest client patterns: Industrial services, Mechanical and HVAC services. Need signals: after hours coverage, customer support, emergency dispatch. Verification: verified own site."
discovered:664fbc36-62bc-4135-9d97-94b16ecc779a,0277a646-b8d9-43a7-b1a5-e8e7edb08ade,159,B,,63.9,MEDIUM,"Closest client patterns: Religious organizations. Need signals: after hours coverage, appointment scheduling, bilingual demand. Verification: verified own site."
discovered:6edb432f-e047-471c-b55d-efc2faea5e32,ef273da0-dbd0-4243-85eb-52180b35fb31,160,B,,63.8,MEDIUM,"Closest client patterns: Home repair and trades, Mechanical and HVAC services. Need signals: after hours coverage, appointment scheduling, emergency dispatch. Verification: license evidence, verified own site."
official:3758a073-1988-4c56-8db4-931b1c1716dc,3e82e31b-60f8-4e86-ae95-d398449693d5,161,B,,63.7,LOW,"Closest client patterns: Home repair and trades. Need signals: after hours coverage, appointment scheduling, emergency dispatch. Verification: T4, license evidence, verified own site."
discovered:08485f26-abd0-48e4-b560-73461cf89b2f,463520de-9a0d-4a15-8392-a5adbd0a3547,162,B,,63.5,MEDIUM,"Closest client patterns: Funeral services. Need signals: after hours coverage, customer support, multi location routing. Verification: verified own site."
discovered:12352293-2182-4f74-ad65-805d93d5f6b9,3aa8e245-9b66-4b7d-904f-410df3b0cb3f,163,B,,63.4,MEDIUM,"Closest client patterns: Legal services. Need signals: after hours coverage, appointment scheduling, customer support. Verification: verified own site."
discovered:f3dcb750-fd14-4764-abf2-eabf7c0157ca,1fe41d28-bd33-47ae-86f0-57135f1a5207,164,B,,63.2,LOW,"Closest client patterns: Home repair and trades, Municipal public works. Need signals: after hours coverage, appointment scheduling, emergency dispatch. Verification: license evidence, verified own site."
discovered:1efa3a81-dfed-4340-8d06-096d3ce8b679,77d59eac-ed8d-465d-b263-b8dd04d460b6,165,B,,63.2,LOW,"Closest client patterns: Municipal public works, Home repair and trades. Need signals: after hours coverage, appointment scheduling, emergency dispatch. Verification: license evidence, verified own site."
discovered:31cb058a-6c1d-410e-99f5-a5a14f435daa,61460cfd-8264-4081-9e2d-278cfc5c5f8b,166,B,,63.2,MEDIUM,"Closest client patterns: Home repair and trades, Industrial services. Need signals: after hours coverage, appointment scheduling, emergency dispatch. Verification: license evidence, verified own site."
discovered:0fc71152-70b9-4c04-9cb6-b61c340686c6,2ce98b52-a842-41eb-be30-104f2381038a,167,B,,63.1,LOW,"Closest client patterns: Dental services, Healthcare providers. Need signals: after hours coverage, appointment scheduling, customer support. Verification: verified own site."
discovered:ec310f33-0691-4efa-b9bc-d90e9badc2d3,21d6ca94-bd78-4ea2-a24d-d820a08c55dd,168,B,,62.8,MEDIUM,"Closest client patterns: Behavioral health and counseling, Elevator services. Need signals: after hours coverage, appointment scheduling, customer support. Verification: verified own site."
official:68dc7f58-5960-4f25-a52f-7cec9cfe6eb4,53fcdd70-8221-4fd6-b47b-76165d50cfa9,169,B,,62.5,HIGH,"Closest client patterns: Home repair and trades, Industrial services. Need signals: after hours coverage, appointment scheduling, emergency dispatch. Verification: T4, Google Business Profile, verified own site."
discovered:5512267a-2816-4e21-897e-857ecb4dfaed,c969a3e5-e8db-446c-8c5e-93cccd1d5f10,170,B,,62.2,LOW,"Closest client patterns: Landscaping services, Elevator services. Need signals: after hours coverage, customer support, emergency dispatch. Verification: verified own site."
discovered:07b2842a-8e65-4400-bf9c-0b81fbca1fe4,8315eb42-e2d2-4495-b743-61dcfe0c5226,171,B,,62.1,MEDIUM,"Closest client patterns: Behavioral health and counseling, Veterinary and animal services. Need signals: after hours coverage, appointment scheduling, customer support. Verification: verified own site."
discovered:c359bb75-50ef-44e6-aef0-de1c6ca8e520,b6dc5e8e-5c98-4f0b-acea-d1a6fab52a48,172,B,,62.1,MEDIUM,"Closest client patterns: Alarm and security services, Consumer services. Need signals: after hours coverage, emergency dispatch, on call escalation. Verification: verified own site."
discovered:fa691a02-290a-4e8e-98cd-01e8a0873733,ca47b289-8c0f-4c50-aa2d-65b904c146c5,173,B,,61.9,MEDIUM,"Closest client patterns: Legal services, Property management and real estate. Need signals: after hours coverage, appointment scheduling, customer support. Verification: verified own site."
discovered:138d7f4f-b1b5-4cb2-8b08-e4cec489cf96,55363f88-1f0e-41a2-98fc-e1d7ec74e420,174,B,,61.7,LOW,"Closest client patterns: Industrial services, Municipal public works. Need signals: after hours coverage, customer support, emergency dispatch. Verification: license evidence, verified own site."
discovered:f217f18b-face-488d-8baf-4fd955993644,19b24609-d731-4f0e-bf24-66c86eed9c1e,175,B,,61.7,LOW,"Closest client patterns: Industrial services, Municipal public works. Need signals: after hours coverage, customer support, emergency dispatch. Verification: license evidence, verified own site."
official:7baa9019-555e-4d24-a518-053ff93f8b12,3da88a7d-1c1a-4092-ab26-f57512cacb75,176,B,,61.6,LOW,"Closest client patterns: Industrial services, Mechanical and HVAC services. Need signals: after hours coverage, appointment scheduling, emergency dispatch. Verification: T4, Google Business Profile, verified own site."
discovered:68cef1fd-ef9e-43a8-920d-edcd483aa921,9268484a-baa6-4d79-bddf-b1564627776d,177,B,,61.4,MEDIUM,"Closest client patterns: Alarm and security services, Fundraising and pledge services. Need signals: after hours coverage, emergency dispatch, on call escalation. Verification: verified own site."
discovered:00567a2e-b4ed-4c7c-8eb3-18b72b224739,8b1c30a9-bde9-4fe5-9a1a-a3d806eb3cd2,178,B,,61.2,HIGH,"Closest client patterns: Home repair and trades, Mechanical and HVAC services. Need signals: after hours coverage, appointment scheduling, emergency dispatch. Verification: verified own site."
discovered:d9d2cc55-300d-48c7-9194-5114e865a51b,09e82404-ea1e-488e-bc39-e9a6f715885c,179,B,,61.2,HIGH,"Closest client patterns: Home repair and trades, Industrial services. Need signals: after hours coverage, appointment scheduling, emergency dispatch. Verification: verified own site."
discovered:6a9e11af-313b-4a2f-b8d1-498642f84dd9,f3bc5a74-eec0-4d4f-a9b0-e642dd08fd37,180,B,,61.2,HIGH,"Closest client patterns: Home repair and trades. Need signals: after hours coverage, appointment scheduling, emergency dispatch. Verification: verified own site."
discovered:ffc689ac-6a28-4c29-9712-bb91311b26a5,4b13b0ba-fa80-4e87-94c2-2e9d317fb8df,181,B,,61.2,MEDIUM,"Closest client patterns: Home repair and trades, Mechanical and HVAC services. Need signals: after hours coverage, appointment scheduling, emergency dispatch. Verification: verified own site."
discovered:f37813c2-5922-45c2-a102-ab7aa996e74b,fecdc329-9ef4-44c5-9699-f1884ac4227e,182,B,,61.2,MEDIUM,"Closest client patterns: Industrial services, Mechanical and HVAC services. Need signals: after hours coverage, customer support, emergency dispatch. Verification: verified own site."
discovered:bd794b55-8bf0-4696-97a8-dc9ebd4c5de4,3bb688bb-2b03-43a7-a2d8-bcbbe1ffef24,183,B,,61.2,MEDIUM,"Closest client patterns: Home repair and trades, Mechanical and HVAC services. Need signals: after hours coverage, appointment scheduling, emergency dispatch. Verification: verified own site."
discovered:a03094e3-449e-4ca0-b82c-7140f902b937,2a0026fe-a2fb-461f-ab24-a9c92edcbc77,184,B,,61.1,HIGH,"Closest client patterns: Funeral services. Need signals: after hours coverage, customer support, on call escalation. Verification: license evidence, verified own site."
discovered:6d2a13e3-2c14-47f4-84d5-546cc7eb3e7e,5d03330b-5cfa-4f28-b4c9-0f7c53fd3ea1,185,B,,61.1,LOW,"Closest client patterns: Home repair and trades, Municipal public works. Need signals: after hours coverage, appointment scheduling, emergency dispatch. Verification: license evidence, verified own site."
discovered:7a74aef8-e48c-4438-9bb9-efb506621812,1355c2a1-2182-4a14-8bca-bbf52b5df431,186,B,,61.1,MEDIUM,"Closest client patterns: Industrial services, Mechanical and HVAC services. Need signals: after hours coverage, appointment scheduling, emergency dispatch. Verification: license evidence, verified own site."
discovered:f5f845cb-4e39-45e1-9aa9-f2443b2af294,a8911525-b5f3-4cdf-a6a7-6d1920cf393c,187,B,,60.9,MEDIUM,"Closest client patterns: Legal services, Property management and real estate. Need signals: after hours coverage, appointment scheduling, customer support. Verification: verified own site."
discovered:9d25cf47-de7c-48cd-aab5-28b6e1e71a89,c47bb931-c74b-45dd-895b-5fc8a07f3d1a,188,B,,60.9,MEDIUM,"Closest client patterns: Dental services. Need signals: after hours coverage, appointment scheduling, customer support. Verification: verified own site."
discovered:2b118a59-5d2e-40ad-b79e-42794434e25a,011c600c-738e-4bfc-b270-c91c679c6c0f,189,B,,60.7,MEDIUM,"Closest client patterns: Mechanical and HVAC services, Municipal assistance. Need signals: after hours coverage, emergency dispatch, lead capture. Verification: verified own site."
discovered:bc898ab3-fc73-482d-afc4-9c3e4d681754,ebc4d793-474e-4903-b6b4-d1711b133082,190,B,,60.6,MEDIUM,"Closest client patterns: Dental services. Need signals: after hours coverage, appointment scheduling, customer support. Verification: verified own site."
discovered:085b8939-b5c9-4163-beae-fc7414c9b2ea,a3443b54-e2c6-4a89-9bd1-79e65cf4882e,191,B,,60.4,MEDIUM,"Closest client patterns: Dental services. Need signals: after hours coverage, appointment scheduling, customer support. Verification: verified own site."
discovered:21c38ad4-4900-48fd-bf3d-acb4113a5a17,eca7c280-0318-457b-b6bc-b9c1f0d6c98b,192,B,,60.3,LOW,"Closest client patterns: Home repair and trades, Behavioral health and counseling. Need signals: after hours coverage, appointment scheduling, emergency dispatch. Verification: license evidence, verified own site."
discovered:b094d9ae-d5d7-4650-82bd-3e3d8fd53055,d4806a0a-1aa8-411c-8fbc-c000faa9535b,193,B,,60.2,MEDIUM,"Closest client patterns: Home repair and trades, Mechanical and HVAC services. Need signals: after hours coverage, appointment scheduling, emergency dispatch. Verification: verified own site."
discovered:967fbfa2-c8aa-408b-b944-fb5b51a2e032,34d4a449-b948-41e0-a15e-90bbe1d90292,194,B,,60.2,MEDIUM,"Closest client patterns: Dental services. Need signals: after hours coverage, appointment scheduling, customer support. Verification: verified own site."
discovered:1da0425e-dfd7-41c5-99a1-08254f610e18,965f9bed-de50-4f38-a0c2-b7cc29f84176,195,B,,60.2,MEDIUM,"Closest client patterns: Home repair and trades, Industrial services. Need signals: after hours coverage, appointment scheduling, emergency dispatch. Verification: verified own site."
discovered:f59da428-76d9-41bb-b34a-fb42451f2cf4,4b21395e-b78e-433a-acbe-ae1b9a2815ff,196,B,,60.1,MEDIUM,"Closest client patterns: Funeral services. Need signals: after hours coverage, customer support, multi location routing. Verification: license evidence, verified own site."
discovered:6c3d0c81-96b9-442a-99d7-eb06c53a977b,e3662016-599d-471d-b504-3025beb37a85,197,B,,60.0,MEDIUM,"Closest client patterns: Alarm and security services, Consumer services. Need signals: after hours coverage, emergency dispatch, on call escalation. Verification: license evidence, verified own site."
discovered:cff452d5-fb0a-4ce1-911c-03331636fcf8,793ac5d9-5496-44b7-bdb5-d702319c691b,198,B,,60.0,MEDIUM,"Closest client patterns: Dental services. Need signals: after hours coverage, appointment scheduling, customer support. Verification: verified own site."
discovered:f12411c3-0fff-4b80-9305-98d7328e8128,52918ba3-49fd-4023-9025-69c5eaa0e3c0,199,B,,60.0,MEDIUM,"Closest client patterns: Dental services. Need signals: after hours coverage, appointment scheduling, customer support. Verification: verified own site."
official:5cb8d0c4-6067-4cad-b68a-14e532b647cb,8dfcf27b-e47a-4dd1-ab06-957109d56c5c,200,B,,59.8,MEDIUM,"Closest client patterns: Industrial services, Mechanical and HVAC services. Need signals: after hours coverage, appointment scheduling, emergency dispatch. Verification: T4, Google Business Profile, verified own site."
discovered:7049ac53-6a9a-4a15-8e9a-6fc87dd67572,b823fa4b-8735-4acd-9f5f-d2dea65cbba0,201,C,,59.8,LOW,"Closest client patterns: Home repair and trades, Legal services. Need signals: after hours coverage, appointment scheduling, emergency dispatch. Verification: license evidence, verified own site."
discovered:88899c11-d3a9-4188-8100-59f85e95b87b,586636b7-7b09-4099-860e-bece4891d435,202,C,,59.6,MEDIUM,"Closest client patterns: Dental services. Need signals: after hours coverage, appointment scheduling, customer support. Verification: verified own site."
official:e1a90b6a-9c69-4044-ba06-6678c43d4da9,2ac1429b-0950-4edf-8e06-7ac2b522445c,203,C,,59.2,LOW,"Closest client patterns: Home repair and trades, Industrial services. Need signals: after hours coverage, appointment scheduling, emergency dispatch. Verification: T4, license evidence, verified own site."
official:8c8a182e-6bed-498c-8715-a824c74c20ec,d3d93d77-0f61-4cd8-8595-28f8ebe55aae,204,C,,59.2,LOW,"Closest client patterns: Home repair and trades, Industrial services. Need signals: after hours coverage, appointment scheduling, emergency dispatch. Verification: T4, Google Business Profile, verified own site."
discovered:9ca21488-c6a5-48c0-85e1-86f8747b90ba,70e06b54-82bd-4c6c-9ba3-57eb4ca275dc,205,C,,59.2,LOW,"Closest client patterns: Home repair and trades, Municipal public works. Need signals: after hours coverage, appointment scheduling, emergency dispatch. Verification: verified own site."
discovered:c6b799f7-3a3d-4a53-9b7c-789d6eedc42e,23ba9115-148d-4b75-b9b9-a6b558e56935,206,C,,59.2,LOW,"Closest client patterns: Municipal public works, Home repair and trades. Need signals: after hours coverage, appointment scheduling, emergency dispatch. Verification: verified own site."
discovered:2c65d76d-37ac-4d1d-b874-00df2c406159,5fd1965f-b2a4-443d-9e19-c4b91f0fc62d,207,C,,59.2,LOW,"Closest client patterns: Home repair and trades, Municipal public works. Need signals: after hours coverage, appointment scheduling, emergency dispatch. Verification: verified own site."
discovered:6452324c-fc2f-49f9-afe4-3867334e5cf0,cfdbd60c-e5b3-4198-8188-ec2ab2099e4b,208,C,,59.2,LOW,"Closest client patterns: Home repair and trades, Municipal public works. Need signals: after hours coverage, appointment scheduling, emergency dispatch. Verification: verified own site."
discovered:9afb952d-b86b-4c8d-94e7-70f846852986,6cb72b96-8278-46fa-a33d-51beb4a24807,209,C,,59.2,HIGH,"Closest client patterns: Home repair and trades, Municipal public works. Need signals: after hours coverage, appointment scheduling, emergency dispatch. Verification: verified own site."
discovered:e24dfcff-d238-44e3-85b7-7bf7c42a62df,4bbb9613-2e19-41eb-b562-40817b6cd797,210,C,,59.2,LOW,"Closest client patterns: Home repair and trades. Need signals: after hours coverage, appointment scheduling, emergency dispatch. Verification: verified own site."
discovered:18f043fe-2faa-4d85-bbe9-58432006f2c2,5815cb94-5691-463c-88f3-fd8465e5f560,211,C,,59.2,MEDIUM,"Closest client patterns: Home repair and trades, Industrial services. Need signals: after hours coverage, appointment scheduling, emergency dispatch. Verification: verified own site."
discovered:7dd169fc-a03a-48df-85ac-c34c1ac0e7a6,2151523f-ac96-4edd-b47f-9e4f92c3aaa2,212,C,,59.2,LOW,"Closest client patterns: Home repair and trades, Mechanical and HVAC services. Need signals: after hours coverage, appointment scheduling, emergency dispatch. Verification: verified own site."
discovered:41435e38-394e-45fc-b3c9-2412f4e7c022,957b414a-439b-4e67-b1b3-f610c8f53473,213,C,,59.2,LOW,"Closest client patterns: Home repair and trades, Municipal public works. Need signals: after hours coverage, appointment scheduling, emergency dispatch. Verification: verified own site."
discovered:857777f0-e848-449f-8250-a9e19fa156f3,c9b60528-d447-4f3d-8e46-785a3d70badd,214,C,,59.2,LOW,"Closest client patterns: Home repair and trades. Need signals: after hours coverage, appointment scheduling, emergency dispatch. Verification: verified own site."
discovered:bc1dc7be-4f77-4a0e-bad8-8aee2dfed49d,a225f7d7-e5a6-437a-88b4-ef1bc7b44604,215,C,,59.2,LOW,"Closest client patterns: Home repair and trades, IT and technical services. Need signals: after hours coverage, appointment scheduling, emergency dispatch. Verification: verified own site."
discovered:fb0d8154-cdf5-4b7c-9f6f-3cecd448ad05,6f896d66-ccaf-406c-9079-5945ceac02f0,216,C,,59.2,LOW,"Closest client patterns: Home repair and trades, Behavioral health and counseling. Need signals: after hours coverage, appointment scheduling, emergency dispatch. Verification: verified own site."
discovered:59738c37-b65b-40d3-b1f0-affdaa43685a,659549e1-bfbf-47bb-ab19-38704d29fab9,217,C,,59.2,LOW,"Closest client patterns: Home repair and trades. Need signals: after hours coverage, appointment scheduling, emergency dispatch. Verification: verified own site."
discovered:6ef9f839-7979-4aee-847b-9adcc14c09a3,c22617ed-579f-47ef-b2a8-668c40ff4453,218,C,,59.2,LOW,"Closest client patterns: Home repair and trades. Need signals: after hours coverage, appointment scheduling, emergency dispatch. Verification: verified own site."
discovered:675afd85-be87-4def-81db-a0ad61aa4020,ed2243dc-7c02-479f-8a33-5387bfa51b0d,219,C,,59.2,MEDIUM,"Closest client patterns: Home repair and trades, Municipal public works. Need signals: after hours coverage, appointment scheduling, emergency dispatch. Verification: verified own site."
discovered:87a61cb1-6799-45d3-a4a9-12724c9222f5,b85aa703-53fd-4550-b442-97da41a26a7b,220,C,,59.1,MEDIUM,"Closest client patterns: Alarm and security services, Industrial services. Need signals: after hours coverage, emergency dispatch, on call escalation. Verification: verified own site."
discovered:4232cf4f-a856-44ff-8496-7d22cd2953cc,31b657c1-4821-49c5-9d19-34407008225d,221,C,,58.9,MEDIUM,"Closest client patterns: Veterinary and animal services. Need signals: after hours coverage, appointment scheduling, customer support. Verification: verified own site."
discovered:1544d21a-0eb7-4c6a-a816-745914c68ab9,91e05b00-aea8-4c6e-97f7-8f4fdda534e7,222,C,,58.9,LOW,"Closest client patterns: Home repair and trades. Need signals: after hours coverage, appointment scheduling, emergency dispatch. Verification: verified own site."
discovered:3ffaae18-db41-4dfe-ae5d-293e0f1a12a6,5af6cd60-126c-429a-852b-fc2c4c70fa7b,223,C,,58.9,LOW,"Closest client patterns: Industrial services, Municipal public works. Need signals: after hours coverage, customer support, emergency dispatch. Verification: verified own site."
discovered:79d43aea-04b4-4beb-9203-7f5d1d374fa5,c752fa75-8927-4a20-bbe6-6e0cf38c4d0e,224,C,,58.8,MEDIUM,"Closest client patterns: Home repair and trades, Elevator services. Need signals: after hours coverage, appointment scheduling, emergency dispatch. Verification: license evidence, verified own site."
discovered:c527077b-9cb0-4c27-91e5-7b3e02d87a9f,f34c4aab-ca1d-49bb-9338-382f8607bafe,225,C,,58.7,MEDIUM,"Closest client patterns: Home repair and trades, Industrial services. Need signals: after hours coverage, appointment scheduling, emergency dispatch. Verification: license evidence, verified own site."
discovered:b2c39200-6449-4d3c-801f-eda937be3fa3,1c7e7024-06b2-41d7-a16e-d969141af881,226,C,,58.7,MEDIUM,"Closest client patterns: Mechanical and HVAC services. Need signals: after hours coverage, customer support, emergency dispatch. Verification: verified own site."
discovered:c2d98b20-9549-4c14-b7bd-9f51530c572f,15ac6a9b-a3cc-4121-9022-bb0d32504600,227,C,,58.6,LOW,"Closest client patterns: Home repair and trades. Need signals: after hours coverage, appointment scheduling, emergency dispatch. Verification: verified own site."
discovered:24588b69-f663-47fc-893e-e932d98ade3c,32d42582-5cf3-4354-b570-11a8317130b8,228,C,,58.4,LOW,"Closest client patterns: Home repair and trades, Industrial services. Need signals: after hours coverage, appointment scheduling, emergency dispatch. Verification: license evidence, verified own site."
discovered:0d9132f6-8b67-488b-901d-b7ca71746b29,cdb03297-281b-48bf-82ef-247e8d0318cf,229,C,,58.4,LOW,"Closest client patterns: Consumer services, Alarm and security services. Need signals: after hours coverage, emergency dispatch, on call escalation. Verification: license evidence, verified own site."
discovered:c1983ef8-d0db-4eea-9175-09a751c8d386,96208be8-90e8-41db-b6d8-944b03591e6d,230,C,,58.4,LOW,"Closest client patterns: Home repair and trades. Need signals: after hours coverage, appointment scheduling, emergency dispatch. Verification: verified own site."
official:fc753ccd-5f64-4cd2-819d-36b0264b110f,5b67b602-79c1-49cb-9dd2-6bade454a4f8,231,C,,58.3,MEDIUM,"Closest client patterns: Home repair and trades, Industrial services. Need signals: after hours coverage, appointment scheduling, emergency dispatch. Verification: T4, Google Business Profile, verified own site."
discovered:f93d95ec-3d1b-4f24-9070-86de3485457f,5e0fd333-f08f-46c5-b070-c7fd45f915de,232,C,,58.3,MEDIUM,"Closest client patterns: Legal services. Need signals: after hours coverage, appointment scheduling, customer support. Verification: verified own site."
discovered:0ca369a6-1cc3-40b3-9383-e46c80b78b9b,93c9da0f-68ac-47ce-9e30-8d95882fb044,233,C,,58.2,LOW,"Closest client patterns: Home repair and trades. Need signals: after hours coverage, appointment scheduling, emergency dispatch. Verification: verified own site."
discovered:3cb89eb0-0d48-428c-b380-933862c86ca4,bb36e3b9-2fd0-4dd1-a0f3-74758ea46bd9,234,C,,58.2,MEDIUM,"Closest client patterns: Alarm and security services, Municipal public works. Need signals: after hours coverage, customer support, emergency dispatch. Verification: verified own site."
discovered:f6855bc8-7e5a-4bd8-b444-bcfe6247a58f,045ee647-8b3d-4758-859c-1994327b3542,235,C,,58.2,LOW,"Closest client patterns: Home repair and trades, Industrial services. Need signals: after hours coverage, appointment scheduling, emergency dispatch. Verification: verified own site."
discovered:89f26f1b-f22e-4e22-b92e-ed8f46970095,e836b9dd-3ddd-428f-95e2-1127270cdc6e,236,C,,58.2,LOW,"Closest client patterns: Behavioral health and counseling, Funeral services. Need signals: after hours coverage, appointment scheduling, customer support. Verification: verified own site."
discovered:32b32970-ce43-4e65-98ca-c4182864dd18,8544612f-e489-4493-95d9-a3b0301c1b5a,237,C,,58.2,MEDIUM,"Closest client patterns: Home repair and trades, Elevator services. Need signals: after hours coverage, appointment scheduling, emergency dispatch. Verification: verified own site."
official:8d7b75a8-566a-4158-95ad-e69863361c90,1fae39ad-c50a-4111-82b4-9cff4e109976,238,C,,58.1,LOW,"Closest client patterns: Industrial services, Home repair and trades. Need signals: after hours coverage, appointment scheduling, emergency dispatch. Verification: T4, Google Business Profile, verified own site."
discovered:0fa652b1-1e46-4e76-bc80-f04e62b53f2b,32631380-646d-4a39-a941-6068957391b4,239,C,,58.1,HIGH,"Closest client patterns: Behavioral health and counseling. Need signals: after hours coverage, appointment scheduling, customer support. Verification: license evidence, verified own site."
discovered:a5fef00d-3041-4e0e-a1b4-5d1f36c80efe,07cc84bf-c81d-4ddd-af43-5f6be99349df,240,C,,58.1,MEDIUM,"Closest client patterns: Religious organizations. Need signals: after hours coverage, appointment scheduling, bilingual demand. Verification: verified own site."
discovered:9c4dfddb-bd6f-45d9-b969-4822d2eff3e8,97435287-5319-423a-a4fb-fafa081bfe76,241,C,,58.1,HIGH,"Closest client patterns: Funeral services. Need signals: after hours coverage, customer support, on call escalation. Verification: verified own site."
discovered:66f90ccc-87ea-423c-a2ec-8100c1ae8059,bf60c4c3-f52e-4e09-80cd-7d8a7958528e,242,C,,58.1,HIGH,"Closest client patterns: Legal services. Need signals: after hours coverage, appointment scheduling, customer support. Verification: verified own site."
discovered:3cfe9985-50cd-4231-97cb-4882c61e73f5,629bc556-2191-491e-b482-7856a7121b45,243,C,,58.1,LOW,"Closest client patterns: Industrial services, Municipal public works. Need signals: after hours coverage, customer support, emergency dispatch. Verification: verified own site."
discovered:4856b891-3df9-45a5-975b-16950f7ef8ad,b7ee911b-29b6-4749-87cf-8564f4611d66,244,C,,58.0,LOW,"Closest client patterns: Home repair and trades, Municipal public works. Need signals: after hours coverage, appointment scheduling, emergency dispatch. Verification: license evidence, verified own site."
discovered:b3eb89af-d356-4b13-9a6c-c1f55ba552b7,885f3e64-d5e7-4bca-8f91-2e478de28e42,245,C,,58.0,LOW,"Closest client patterns: Behavioral health and counseling, Funeral services. Need signals: after hours coverage, appointment scheduling, customer support. Verification: verified own site."
discovered:6c2f5320-7d69-4f46-a52d-ec6865a605af,8cd4aa74-4668-48ac-b86d-7631ae79ff67,246,C,,58.0,MEDIUM,"Closest client patterns: Industrial services, Home repair and trades. Need signals: after hours coverage, appointment scheduling, emergency dispatch. Verification: verified own site."
discovered:0f649f94-51e9-4cd8-a11e-947bfdcc56b3,4fdc4eb3-243e-436c-8fb7-faf99ec45838,247,C,,58.0,MEDIUM,"Closest client patterns: Religious organizations. Need signals: after hours coverage, appointment scheduling, bilingual demand. Verification: verified own site."
discovered:af22d50c-f673-4d78-89d5-b60cb8e580c0,bc467acf-e422-40bb-bff0-2cfab703648f,248,C,,57.9,LOW,"Closest client patterns: Alarm and security services, Municipal public works. Need signals: after hours coverage, emergency dispatch, on call escalation. Verification: verified own site."
discovered:323ba89e-6ae9-4082-8f1e-1393c74f8a27,85f014db-2946-43b6-9b17-59ef05b3134a,249,C,,57.8,LOW,"Closest client patterns: Industrial services, Municipal public works. Need signals: after hours coverage, customer support, emergency dispatch. Verification: verified own site."
discovered:df92dee7-b19d-46b6-b97e-4861171adb46,eadc8702-be6c-4ce9-b72d-184ade242970,250,C,,57.8,LOW,"Closest client patterns: Home repair and trades, Industrial services. Need signals: after hours coverage, appointment scheduling, emergency dispatch. Verification: verified own site."
discovered:82df6495-5b4f-4a4d-b12b-f103c8fd60f2,7544b85c-1ed3-4a54-937f-7f94d4cbd231,251,C,,57.8,LOW,"Closest client patterns: Municipal public works, Industrial services. Need signals: after hours coverage, customer support, emergency dispatch. Verification: verified own site."
discovered:ddd5e8b6-b9d4-4c01-ad0b-a5984129b9b9,b92c0bd3-0d0a-42e5-9da0-18b895f3093b,252,C,,57.7,LOW,"Closest client patterns: Industrial services, Municipal public works. Need signals: after hours coverage, customer support, emergency dispatch. Verification: verified own site."
discovered:bc0f1b29-520a-4fb7-94e0-f91b71aebf02,d2c74208-0051-4b1c-9028-b5b8ab8cb5fb,253,C,,57.7,LOW,"Closest client patterns: Home repair and trades, Industrial services. Need signals: after hours coverage, appointment scheduling, emergency dispatch. Verification: verified own site."
discovered:a9700c55-7d21-480c-89f0-b8dde3c305f5,cc8feb38-bc16-4543-859b-e095d04efa9d,254,C,,57.7,MEDIUM,"Closest client patterns: Legal services. Need signals: after hours coverage, appointment scheduling, customer support. Verification: verified own site."
discovered:6d5fa84f-c8e0-4b35-ba58-79c37e322a95,d21436ec-d120-4a0c-9c8d-72f8c95e5bf8,255,C,,57.7,MEDIUM,"Closest client patterns: Mechanical and HVAC services, Industrial services. Need signals: after hours coverage, customer support, emergency dispatch. Verification: verified own site."
discovered:781bc390-2a35-4c37-ae5b-01677c66e9bb,ad187dc0-b1cc-452d-9f03-0902c14152ed,256,C,,57.7,MEDIUM,"Closest client patterns: Legal services. Need signals: after hours coverage, appointment scheduling, customer support. Verification: verified own site."
discovered:e36a0627-a567-4960-afaf-7bee7682938d,dd930a0c-22be-4197-9a2c-78c4b9567e79,257,C,,57.7,MEDIUM,"Closest client patterns: Veterinary and animal services, Healthcare providers. Need signals: after hours coverage, appointment scheduling, customer support. Verification: verified own site."
discovered:70c921e7-9b44-4e81-b8f8-de5db2212302,a973239e-18f1-4b26-8455-afe6cd4a5798,258,C,,57.7,LOW,"Closest client patterns: Municipal public works, Home repair and trades. Need signals: after hours coverage, appointment scheduling, emergency dispatch. Verification: verified own site."
official:74740382-3373-4443-9543-c9e53cc95ea5,2780865a-d883-4b33-beb5-807cbd440179,259,C,,57.6,LOW,"Closest client patterns: Home repair and trades, Industrial services. Need signals: after hours coverage, appointment scheduling, emergency dispatch. Verification: T4, Google Business Profile, verified own site."
discovered:dbe9c5b5-e5f6-485d-aacb-3118bcd87461,90f20ed1-8061-4a71-b948-c9cb40a7af1b,260,C,,57.6,LOW,"Closest client patterns: Home repair and trades, Municipal public works. Need signals: after hours coverage, appointment scheduling, emergency dispatch. Verification: verified own site."
discovered:e97edf1a-8853-4501-bb51-59a9ba7cbb32,f75c5578-cb48-4629-a762-651c54b85fea,261,C,,57.5,MEDIUM,"Closest client patterns: Dental services. Need signals: after hours coverage, appointment scheduling, customer support. Verification: license evidence, verified own site."
discovered:dd72636a-2f13-4305-a3b9-d7286e710cb3,3afe0a40-25bf-4db8-aaa2-28fea2bfcf9a,262,C,,57.5,HIGH,"Closest client patterns: Funeral services. Need signals: after hours coverage, customer support, on call escalation. Verification: verified own site."
discovered:b2607751-b5a4-4376-8d0f-366f1e72eec0,63f64306-c3df-4afb-ab86-f78036180868,263,C,,57.5,LOW,"Closest client patterns: Home repair and trades, Industrial services. Need signals: after hours coverage, appointment scheduling, emergency dispatch. Verification: verified own site."
discovered:ad920282-f644-4d31-a2b5-1952dcd40c10,ecc9b194-b490-4a70-8704-cd0515b33887,264,C,,57.5,LOW,"Closest client patterns: Alarm and security services, Municipal public works. Need signals: after hours coverage, emergency dispatch, on call escalation. Verification: verified own site."
discovered:b11e7534-8ef7-4fc7-89d7-4ea77674fcc2,c6100516-1560-474e-bf60-10532209cad9,265,C,,57.4,MEDIUM,"Closest client patterns: Alarm and security services, Consumer services. Need signals: after hours coverage, emergency dispatch, on call escalation. Verification: license evidence, verified own site."
discovered:0c7e8c29-7787-4cad-b320-32ce99be02d3,e41aee5f-faac-4e85-828d-5b9b5cecb153,266,C,,57.4,MEDIUM,"Closest client patterns: Dental services. Need signals: after hours coverage, appointment scheduling, customer support. Verification: verified own site."
discovered:3e4815a0-c802-4067-867a-29e384aaf2d7,c351df42-86f3-4a2b-a76f-5c33f5dd4f7f,267,C,,57.2,MEDIUM,"Closest client patterns: Legal services. Need signals: after hours coverage, appointment scheduling, customer support. Verification: verified own site."
discovered:75f06d26-17dd-486d-a774-6073a0e3f40d,24b23d1e-bf1b-4629-8cfa-602d27b71036,268,C,,57.1,MEDIUM,"Closest client patterns: Home repair and trades, Industrial services. Need signals: after hours coverage, appointment scheduling, emergency dispatch. Verification: license evidence, verified own site."
discovered:71f854ee-e816-4c44-98ee-549096ef372e,8a9e4ef7-21c9-446c-8f66-061d79339f12,269,C,,57.1,LOW,"Closest client patterns: Home repair and trades, Behavioral health and counseling. Need signals: after hours coverage, appointment scheduling, emergency dispatch. Verification: verified own site."
discovered:dc6372ee-b3cf-4fa8-b816-c4ac33d6decf,98836966-d62f-467f-a515-dfeecb11b34d,270,C,,57.1,MEDIUM,"Closest client patterns: Home repair and trades, Industrial services. Need signals: after hours coverage, appointment scheduling, emergency dispatch. Verification: verified own site."
discovered:5585988a-8e47-4cb5-a20d-a954e13f2860,e1e1bf01-c411-4759-b664-abbc14156000,271,C,,57.0,LOW,"Closest client patterns: Home repair and trades, Behavioral health and counseling. Need signals: after hours coverage, appointment scheduling, emergency dispatch. Verification: verified own site."
discovered:701f1989-4613-4def-890b-e5abdd31dd99,d87a5e77-2a72-4174-b0f9-88821172b247,272,C,,57.0,MEDIUM,"Closest client patterns: Religious organizations. Need signals: after hours coverage, appointment scheduling, bilingual demand. Verification: verified own site."
discovered:973049b1-2010-4b40-8dd0-84dec13ff706,e41c3f07-3766-46c1-8a0e-9d1b042e3d84,273,C,,57.0,LOW,"Closest client patterns: Home repair and trades, Behavioral health and counseling. Need signals: after hours coverage, appointment scheduling, emergency dispatch. Verification: verified own site."
discovered:22e640d7-766d-4cab-96d8-8176b7788ca7,b71377a0-ed12-49fc-b361-51b1bccfaf24,274,C,,57.0,MEDIUM,"Closest client patterns: Home repair and trades, Industrial services. Need signals: after hours coverage, appointment scheduling, emergency dispatch. Verification: verified own site."
discovered:c5825183-8142-4a83-8eec-9d5b78a962de,2eb89534-334e-4f8b-8110-de55391436ba,275,C,,56.9,HIGH,"Closest client patterns: Alarm and security services, Industrial services. Need signals: after hours coverage, emergency dispatch, on call escalation. Verification: license evidence, verified own site."
discovered:b20e5a1f-0a23-4b2a-82f3-8872bb1c8dcd,e67675a7-42db-4010-beaa-7e062ddf120d,276,C,,56.8,LOW,"Closest client patterns: Industrial services, Mechanical and HVAC services. Need signals: after hours coverage, appointment scheduling, emergency dispatch. Verification: license evidence, verified own site."
discovered:cd6d3b9d-cc3c-4ff1-91f3-8e1ae6ac9c10,16d88b7f-c02b-4759-9f3f-2d5dd8a6ce21,277,C,,56.8,HIGH,"Closest client patterns: Home repair and trades, Consumer services. Need signals: after hours coverage, appointment scheduling, emergency dispatch. Verification: verified own site."
discovered:d7efadd1-25ff-47fe-9deb-9fef08df7790,4a9993ff-e65b-4f84-b9d7-4e4c016e960b,278,C,,56.6,LOW,"Closest client patterns: Religious organizations. Need signals: after hours coverage, appointment scheduling, bilingual demand. Verification: verified own site."
discovered:5fdb342b-ab77-4607-841f-ba2317794966,20c6ddd9-74c3-4aaa-a181-5b2255bf7d2c,279,C,,56.6,MEDIUM,"Closest client patterns: Alarm and security services, Elevator services. Need signals: after hours coverage, emergency dispatch, on call escalation. Verification: verified own site."
discovered:1f541784-702b-4a09-9fe4-4e8515e7604e,c5be1267-64b3-4826-a483-8a47349a1a8f,280,C,,56.6,MEDIUM,"Closest client patterns: Dental services. Need signals: after hours coverage, appointment scheduling, customer support. Verification: verified own site."
discovered:4ae307b3-4989-42ef-83eb-e8deb7ad39d1,8986289d-bdba-48e9-b525-ee5a2f560827,281,C,,56.6,MEDIUM,"Closest client patterns: Dental services. Need signals: after hours coverage, appointment scheduling, customer support. Verification: verified own site."
discovered:191a0ea8-2768-488c-93bb-73eb4a53551f,42e61ddf-36f0-41c5-ad4f-3c004a2be5c7,282,C,,56.6,HIGH,"Closest client patterns: Dental services. Need signals: after hours coverage, appointment scheduling, customer support. Verification: verified own site."
discovered:c2d717b5-b3d2-47f5-9728-8884cb7401d7,7bdcf791-347f-4827-b747-0013f88e22fb,283,C,,56.6,MEDIUM,"Closest client patterns: Legal services. Need signals: after hours coverage, appointment scheduling, customer support. Verification: verified own site."
discovered:cfa9757e-f67e-4a31-9dee-f6b94bfced45,30260508-7706-4900-ae53-dee16486699d,284,C,,56.5,LOW,"Closest client patterns: Industrial services, Mechanical and HVAC services. Need signals: after hours coverage, customer support, emergency dispatch. Verification: verified own site."
discovered:f2ccf991-0253-42c1-afeb-bb318d889bd4,1c985fbe-bf06-400d-94f5-b4206afa3be4,285,C,,56.4,LOW,"Closest client patterns: Home repair and trades, Municipal public works. Need signals: after hours coverage, appointment scheduling, emergency dispatch. Verification: verified own site."
discovered:e0c41701-6475-4890-8f24-d0372eb57be4,f91f7cd1-0e79-4d2d-91b7-8a2a10f323d4,286,C,,56.3,MEDIUM,"Closest client patterns: Mechanical and HVAC services, Industrial services. Need signals: after hours coverage, customer support, emergency dispatch. Verification: license evidence, verified own site."
discovered:d3e4473d-9669-4015-82c3-a699d36ce434,96403cff-7f33-4b9a-9638-84944a6ffc61,287,C,,56.3,MEDIUM,"Closest client patterns: Alarm and security services, Industrial services. Need signals: after hours coverage, emergency dispatch, on call escalation. Verification: license evidence, verified own site."
discovered:11ecbef4-8ff1-4088-a478-e43d9c3e026c,943f2e7c-63dd-4485-aae9-dddbb124f531,288,C,,56.3,LOW,"Closest client patterns: Home repair and trades, Municipal public works. Need signals: after hours coverage, appointment scheduling, emergency dispatch. Verification: license evidence, verified own site."
discovered:def0ad37-b7ea-4fec-b275-d526f6d541ad,969e2863-b465-4fbc-8b4a-3938794c8019,289,C,,56.3,MEDIUM,"Closest client patterns: Religious organizations. Need signals: after hours coverage, appointment scheduling, bilingual demand. Verification: license evidence, verified own site."
discovered:6437b1ea-ee8d-46aa-afce-dad1b1b2fe4c,1bdb390e-10a3-40db-84e1-87d72dc8be6e,290,C,,56.1,MEDIUM,"Closest client patterns: Home repair and trades, Industrial services. Need signals: after hours coverage, appointment scheduling, emergency dispatch. Verification: license evidence, verified own site."
discovered:6f34093b-e319-43d5-914b-4182f2919904,87837abc-a475-4d76-9642-11bb20074914,291,C,,56.1,MEDIUM,"Closest client patterns: Mechanical and HVAC services, Industrial services. Need signals: after hours coverage, customer support, emergency dispatch. Verification: license evidence, verified own site."
discovered:6487c826-e947-41cf-8e7c-67a604f5efc6,d7962455-d79c-4953-99ad-a0320f54672d,292,C,,56.1,LOW,"Closest client patterns: Home repair and trades, Mechanical and HVAC services. Need signals: after hours coverage, appointment scheduling, emergency dispatch. Verification: license evidence, verified own site."
discovered:e08bceec-66d7-4711-b34a-50370672f1cf,d9604b7d-4f39-4798-8512-abc7243fbd1a,293,C,,56.1,MEDIUM,"Closest client patterns: Alarm and security services, Consumer services. Need signals: after hours coverage, emergency dispatch, on call escalation. Verification: license evidence, verified own site."
discovered:1568111e-9daa-4ce6-a1df-8391a8b546a2,1529e2e1-60bf-4407-a82e-a4e730fc37ce,294,C,,56.1,MEDIUM,"Closest client patterns: Dental services. Need signals: after hours coverage, appointment scheduling, customer support. Verification: verified own site."
discovered:46a13899-18f5-486f-80a5-2418e1a65b51,000ff46c-ea89-451b-b082-716a84008947,295,C,,56.1,LOW,"Closest client patterns: Alarm and security services, Consumer services. Need signals: after hours coverage, emergency dispatch, on call escalation. Verification: verified own site."
discovered:ce32feff-c905-496a-b37d-eac8c258cc1a,7bcd8afd-9a0b-49db-a8a7-60fe2eea1e06,296,C,,56.0,MEDIUM,"Closest client patterns: Mechanical and HVAC services, Industrial services. Need signals: after hours coverage, customer support, emergency dispatch. Verification: license evidence, verified own site."
discovered:79f1514f-5100-429c-979b-7ba341c940c7,0872a23f-6132-40b8-a1f8-fd40e2feb86c,297,C,,56.0,MEDIUM,"Closest client patterns: Home repair and trades, Municipal public works. Need signals: after hours coverage, appointment scheduling, emergency dispatch. Verification: license evidence, verified own site."
discovered:5e2d01ac-3883-4cf4-9f99-32c2258336d8,65e5dffd-a5af-4f2a-8d6d-10969fb123dc,298,C,,56.0,MEDIUM,"Closest client patterns: Mechanical and HVAC services, Industrial services. Need signals: after hours coverage, customer support, emergency dispatch. Verification: license evidence, verified own site."
discovered:e9d5fef6-73a3-4572-b115-39caf69bd7ab,248ce1ce-9a71-48aa-a7b3-b341a87cc2ae,299,C,,56.0,LOW,"Closest client patterns: Alarm and security services, Consumer services. Need signals: after hours coverage, emergency dispatch, on call escalation. Verification: verified own site."
discovered:08795aeb-3f5d-4825-b904-c3eaa4f4a473,76e30ac1-8ada-44a8-b3fa-50a17e4f90c4,300,C,,56.0,LOW,"Closest client patterns: Home repair and trades, Mechanical and HVAC services. Need signals: after hours coverage, appointment scheduling, emergency dispatch. Verification: verified own site."
discovered:7db58719-6388-4f83-ae0f-d923944fada9,889c8274-6b09-491b-862c-893ab310c688,301,C,,55.9,HIGH,"Closest client patterns: Alarm and security services. Need signals: after hours coverage, emergency dispatch, on call escalation. Verification: license evidence, verified own site."
discovered:021dbc54-2b70-48ca-8f51-1709188388da,678607c0-bfb3-489f-8010-543e54c833a5,302,C,,55.9,LOW,"Closest client patterns: Home repair and trades, Healthcare providers. Need signals: after hours coverage, appointment scheduling, emergency dispatch. Verification: verified own site."
discovered:743c96b3-cb4d-417a-b2e1-9d3b20879934,71d54634-d102-4d69-8049-22ebacd10c97,303,C,,55.9,MEDIUM,"Closest client patterns: Dental services. Need signals: after hours coverage, appointment scheduling, customer support. Verification: verified own site."
discovered:02114419-06e1-4484-8a19-9cbe63f2dcb3,9fce19c8-8ad3-4021-ba7e-230f3a5c8dab,304,C,,55.9,LOW,"Closest client patterns: Industrial services. Need signals: after hours coverage, customer support, emergency dispatch. Verification: verified own site."
discovered:e90447c7-264b-411f-843e-e7288c8bcd7e,04176bac-55a0-4868-971c-43ba88a4faf6,305,C,,55.9,LOW,"Closest client patterns: Home repair and trades, Industrial services. Need signals: after hours coverage, appointment scheduling, emergency dispatch. Verification: verified own site."
discovered:446939db-4a92-411b-814b-9b8562a33d23,b6449465-f7c3-4020-80fd-d392e17c4d8c,306,C,,55.9,MEDIUM,"Closest client patterns: Home repair and trades, Industrial services. Need signals: after hours coverage, appointment scheduling, emergency dispatch. Verification: verified own site."
discovered:9b32e99b-df62-4321-8477-b65341623061,eb4e3e6e-a9d1-4621-a4ea-40cfdceb8b6c,307,C,,55.9,MEDIUM,"Closest client patterns: Dental services. Need signals: after hours coverage, appointment scheduling, customer support. Verification: verified own site."
discovered:824f30bf-46ea-45e1-a06c-2b4ce56b9556,ca5af9cf-2b29-4a76-95e9-e33422df096a,308,C,,55.9,LOW,"Closest client patterns: Industrial services. Need signals: after hours coverage, customer support, emergency dispatch. Verification: verified own site."
discovered:574848e4-aea2-46ab-8f40-7821184138e0,f9d69f3c-6d62-4af4-a175-f79a3ca88ecf,309,C,,55.8,MEDIUM,"Closest client patterns: Mechanical and HVAC services, Industrial services. Need signals: after hours coverage, customer support, emergency dispatch. Verification: license evidence, verified own site."
discovered:6cf6043f-6008-4eb0-b17c-43204411b046,837845ad-4aa6-46dd-a13a-dfc596827a69,310,C,,55.8,MEDIUM,"Closest client patterns: Mechanical and HVAC services, Industrial services. Need signals: after hours coverage, customer support, emergency dispatch. Verification: license evidence, verified own site."
discovered:b1f1a825-585c-4d6f-a4a6-e2a160c3b3f1,c58d7fad-fbae-4221-9f50-c494751c804f,311,C,,55.8,LOW,"Closest client patterns: Dental services. Need signals: after hours coverage, appointment scheduling, customer support. Verification: verified own site."
discovered:0e38d5b4-77c8-4df4-b9c2-133322792ee4,cc74a16e-6451-4610-a2bd-6cc5e12c7689,312,C,,55.8,LOW,"Closest client patterns: Dental services. Need signals: after hours coverage, appointment scheduling, customer support. Verification: verified own site."
discovered:11eafe6a-815d-4f37-9e67-31308fe8e39c,dac9e19c-d70d-4bea-9f36-20b39a15e1de,313,C,,55.8,LOW,"Closest client patterns: Alarm and security services, Consumer services. Need signals: after hours coverage, emergency dispatch, on call escalation. Verification: verified own site."
discovered:911a6f16-302b-43aa-a8bb-358e4d4b699b,aa2609f2-67c7-473e-b1be-1775e615223f,314,C,,55.8,MEDIUM,"Closest client patterns: Home repair and trades, Consumer services. Need signals: after hours coverage, appointment scheduling, emergency dispatch. Verification: verified own site."
discovered:639915c9-ffca-44bd-aaba-525a6113c995,5c3b0a36-eb51-43ff-a177-a3bfec85da21,315,C,,55.7,LOW,"Closest client patterns: Alarm and security services, Consumer services. Need signals: after hours coverage, emergency dispatch, on call escalation. Verification: verified own site."
discovered:4978a8e2-e285-4d70-847c-325b4a308519,d618b962-f847-4f19-b767-8e84e0bd2b30,316,C,,55.6,MEDIUM,"Closest client patterns: Alarm and security services, Consumer services. Need signals: after hours coverage, emergency dispatch, on call escalation. Verification: license evidence, verified own site."
discovered:74a968cd-a8ea-4468-9997-b82ee7f66a77,2348bac9-73a3-4dd0-be62-0e9227126b18,317,C,,55.6,MEDIUM,"Closest client patterns: Mechanical and HVAC services, Industrial services. Need signals: after hours coverage, customer support, emergency dispatch. Verification: license evidence, verified own site."
discovered:6e91bd63-c445-4570-a865-ed06bc3a646e,f6603f4d-0064-4b6d-8b6a-fee2141cba63,318,C,,55.6,MEDIUM,"Closest client patterns: Mechanical and HVAC services, Industrial services. Need signals: after hours coverage, customer support, emergency dispatch. Verification: license evidence, verified own site."
discovered:f4b47852-2bec-4d28-991c-1bc5efe8ef12,75a09ab1-471d-48ac-bae6-7ee87f146707,319,C,,55.6,MEDIUM,"Closest client patterns: Home repair and trades, Industrial services. Need signals: after hours coverage, appointment scheduling, emergency dispatch. Verification: verified own site."
discovered:9727e873-82d9-4f6c-b7e9-6bd98e2fe350,f113e6cd-38b1-4cf2-9eb6-d6072b57302b,320,C,,55.5,MEDIUM,"Closest client patterns: Dental services. Need signals: after hours coverage, appointment scheduling, customer support. Verification: verified own site."
discovered:1f036fee-a79f-46d7-9251-7d122bacdb82,4642d260-561b-4eb1-a960-72953ebb9896,321,C,,55.4,MEDIUM,"Closest client patterns: Mechanical and HVAC services, Home repair and trades. Need signals: after hours coverage, customer support, emergency dispatch. Verification: verified own site."
discovered:c1c861b2-cd27-4ca6-9f22-ff120386a489,880588fd-07f7-4467-8002-172d6bb7d95f,322,C,,55.3,MEDIUM,"Closest client patterns: Mechanical and HVAC services, Home repair and trades. Need signals: after hours coverage, customer support, emergency dispatch. Verification: verified own site."
discovered:d980ba8b-6094-410a-a51a-2d2521b4d5a9,770431c0-84e8-4e70-a2d0-dc1fda891dde,323,C,,55.3,HIGH,"Closest client patterns: Home repair and trades, Industrial services. Need signals: after hours coverage, appointment scheduling, emergency dispatch. Verification: verified own site."
discovered:b58f88ea-6ead-4faa-9099-33e8d5b9ec35,f38b9240-0ddb-4118-85a7-a13c16732a14,324,C,,55.2,MEDIUM,"Closest client patterns: Alarm and security services, Consumer services. Need signals: after hours coverage, emergency dispatch, on call escalation. Verification: license evidence, verified own site."
discovered:cb9f9e3a-0725-4ac9-bfdc-4bc90087f9be,d6014974-9720-4bb8-9b97-68fc44ba84fa,325,C,,55.2,MEDIUM,"Closest client patterns: Alarm and security services, Consumer services. Need signals: after hours coverage, emergency dispatch, on call escalation. Verification: license evidence, verified own site."
discovered:55a54add-5eb0-4375-a6a0-5cf64714cb75,75563da6-e5ef-44bd-88ba-09441f3c3def,326,C,,55.2,MEDIUM,"Closest client patterns: Mechanical and HVAC services, Industrial services. Need signals: after hours coverage, customer support, emergency dispatch. Verification: verified own site."
discovered:a5e610dc-1b93-443a-9a7f-988f0fb0217b,61a3ef89-08b7-4aca-95ce-db1b992dae01,327,C,,55.2,LOW,"Closest client patterns: Elevator services, Landscaping services. Need signals: after hours coverage, customer support, emergency dispatch. Verification: verified own site."
discovered:2b638255-4077-4e33-942b-1c1095c337a5,631d4ddf-ee88-40c8-9691-42859aa41550,328,C,,55.1,MEDIUM,"Closest client patterns: Mechanical and HVAC services, Industrial services. Need signals: after hours coverage, customer support, emergency dispatch. Verification: license evidence, verified own site."
discovered:ae794c02-e543-4d23-92fc-2df2531282fe,02501fdf-d0ef-4bb5-9f77-3e4fe63b864d,329,C,,55.1,MEDIUM,"Closest client patterns: Funeral services. Need signals: after hours coverage, customer support, on call escalation. Verification: verified own site."
discovered:d210f27a-fa36-4815-8a3c-039b8cf8ecbd,1f276bfc-ebd0-4704-b866-580035a926f7,330,C,,55.1,MEDIUM,"Closest client patterns: Mechanical and HVAC services, Industrial services. Need signals: after hours coverage, customer support, emergency dispatch. Verification: verified own site."
discovered:496beb4a-2529-4ae3-a606-2940c3d8b74a,1fa0df98-d410-43c6-bd1f-4bbbbf727591,331,C,,55.1,MEDIUM,"Closest client patterns: Legal services. Need signals: after hours coverage, appointment scheduling, customer support. Verification: verified own site."
discovered:caac6597-9c02-45e4-9da0-23ab0e668949,633e20a6-aa6c-46f6-980a-fc2e9b7dab09,332,C,,55.0,LOW,"Closest client patterns: Home repair and trades, Behavioral health and counseling. Need signals: after hours coverage, appointment scheduling, emergency dispatch. Verification: license evidence, verified own site."
discovered:fdab96e0-a855-46a9-aec2-68ffb4c453dc,47a0a471-4dd6-4eb9-af2f-5aec96889b19,333,C,,55.0,LOW,"Closest client patterns: Home repair and trades, Industrial services. Need signals: after hours coverage, customer support, emergency dispatch. Verification: verified own site."
discovered:573bde6c-9986-43dd-b1f6-b06df43043a7,67014b1b-7886-4b4d-a6be-d992e6e559a5,334,C,,55.0,LOW,"Closest client patterns: Home repair and trades, Behavioral health and counseling. Need signals: after hours coverage, appointment scheduling, emergency dispatch. Verification: verified own site."
discovered:ea881245-d523-479d-8ca3-d347ef09006a,f25474b7-aaf4-4482-9f4b-c965744da984,335,C,,54.9,LOW,"Closest client patterns: Home repair and trades, Behavioral health and counseling. Need signals: after hours coverage, appointment scheduling, emergency dispatch. Verification: license evidence, verified own site."
discovered:048d1270-1030-4bc6-9fcb-cb7b3b8b6da9,60af8ab1-0be7-4993-8756-abde798bc541,336,C,,54.8,LOW,"Closest client patterns: Dental services. Need signals: after hours coverage, appointment scheduling, customer support. Verification: verified own site."
discovered:dc847604-15cb-4ffa-ac0e-72ff7075809c,78ce10c8-39b6-4d10-ba1e-23d1567a2b16,337,C,,54.8,MEDIUM,"Closest client patterns: Home repair and trades, Consumer services. Need signals: after hours coverage, appointment scheduling, emergency dispatch. Verification: verified own site."
discovered:85f46613-ada0-496f-b551-0be7e343d328,5b808a30-ae0b-4bae-adde-51948746d73f,338,C,,54.7,HIGH,"Closest client patterns: Alarm and security services. Need signals: after hours coverage, emergency dispatch, on call escalation. Verification: license evidence, verified own site."
discovered:fb2dd750-8e02-4381-8132-c428969f5810,c50cd8e7-9411-4c05-88d3-51ddd7754b0d,339,C,,54.7,LOW,"Closest client patterns: Behavioral health and counseling, Consumer services. Need signals: after hours coverage, appointment scheduling, customer support. Verification: verified own site."
discovered:a5ef5a65-c0ad-4295-88ee-0dac32b125d4,0858a653-1dd1-4dd4-811c-7fc36f34f407,340,C,,54.7,LOW,"Closest client patterns: Industrial services, Mechanical and HVAC services. Need signals: after hours coverage, appointment scheduling, emergency dispatch. Verification: verified own site."
discovered:4bff6861-43af-4f56-be45-92531847d1a0,11dfa7b9-52ae-468f-977f-89351ab9b161,341,C,,54.6,LOW,"Closest client patterns: Industrial services, Mechanical and HVAC services. Need signals: after hours coverage, appointment scheduling, emergency dispatch. Verification: verified own site."
discovered:6c8fa7c0-f417-4410-82bc-7bfd59d7ac9e,eb8fc2a9-e03c-4ae0-9ffa-8561f3717a3e,342,C,,54.6,HIGH,"Closest client patterns: Legal services. Need signals: after hours coverage, appointment scheduling, customer support. Verification: verified own site."
discovered:fa257646-9e64-40f8-ae4d-c7ab61425cfc,6094f602-ee09-4888-9853-26ff879b32eb,343,C,,54.6,LOW,"Closest client patterns: Municipal public works, Home repair and trades. Need signals: after hours coverage, appointment scheduling, emergency dispatch. Verification: verified own site."
discovered:85b9962f-ff7a-4879-bf8b-926b25f30cc7,fa9ae6fd-8aed-404c-a0b3-7e4ed3356ea8,344,C,,54.6,MEDIUM,"Closest client patterns: Alarm and security services, Consumer services. Need signals: after hours coverage, emergency dispatch, on call escalation. Verification: verified own site."
discovered:0103f5e6-a53d-41f1-9fd2-deacc488488d,4cfc84f8-9feb-4941-97f3-b48191c827ce,345,C,,54.5,LOW,"Closest client patterns: Industrial services, Mechanical and HVAC services. Need signals: after hours coverage, appointment scheduling, emergency dispatch. Verification: verified own site."
discovered:0bf68b72-fd11-460d-91d2-0ab219010665,6cf275a0-840c-487d-9f77-bcf397ddec06,346,C,,54.4,MEDIUM,"Closest client patterns: Alarm and security services, Consumer services. Need signals: after hours coverage, emergency dispatch, on call escalation. Verification: license evidence, verified own site."
discovered:0b12a99b-5a55-473d-8b6a-8fd2127901c2,d155c1f3-8716-445e-a5c4-b4f46dbd56c1,347,C,,54.3,LOW,"Closest client patterns: Home repair and trades, Industrial services. Need signals: after hours coverage, appointment scheduling, emergency dispatch. Verification: license evidence, verified own site."
discovered:afc3a188-4adb-402f-9fd9-dee32bd7470e,176a5158-9de3-41ac-84dd-c903f6e01176,348,C,,54.3,HIGH,"Closest client patterns: Home repair and trades, Industrial services. Need signals: after hours coverage, appointment scheduling, emergency dispatch. Verification: verified own site."
discovered:35428cf3-66c4-4d0b-9d33-10f9dabaf039,57d03b5c-146f-411f-810d-8ba144a84980,349,C,,54.3,LOW,"Closest client patterns: Industrial services, Mechanical and HVAC services. Need signals: after hours coverage, appointment scheduling, emergency dispatch. Verification: verified own site."
discovered:20febc74-4b39-491f-9375-cb2a2df4509a,5a9f332d-c190-4297-9038-31cb09005fb2,350,C,,54.2,MEDIUM,"Closest client patterns: Home repair and trades, Consumer services. Need signals: after hours coverage, appointment scheduling, emergency dispatch. Verification: license evidence, verified own site."
discovered:6a36214a-e729-42fc-b869-bd0c397a2e06,2d77bae0-cab7-4b1b-9db1-9d459ab457be,351,C,,54.2,LOW,"Closest client patterns: Municipal public works, Industrial services. Need signals: after hours coverage, customer support, emergency dispatch. Verification: license evidence, verified own site."
discovered:fbee3c73-9cc5-490e-8cf7-75943efae60c,cca6ae1c-1343-4af4-8fed-98726039d5d2,352,C,,54.2,MEDIUM,"Closest client patterns: Home repair and trades, Industrial services. Need signals: after hours coverage, appointment scheduling, emergency dispatch. Verification: license evidence, verified own site."
discovered:543a2b3a-2abe-41a0-9d89-9b951c7cafce,b85ff838-8bec-4777-9c5f-8cf6c905b1e6,353,C,,54.1,MEDIUM,"Closest client patterns: Religious organizations, Behavioral health and counseling. Need signals: after hours coverage, appointment scheduling, bilingual demand. Verification: T4, Google Business Profile, verified own site."
discovered:e2e92866-f1ce-438c-a7c0-73a5700a422c,35c82b8a-6c98-40ed-9ded-92c8e7dede22,354,C,,54.1,LOW,"Closest client patterns: Alarm and security services, Consumer services. Need signals: after hours coverage, emergency dispatch, on call escalation. Verification: license evidence, verified own site."
discovered:43a6c98f-00eb-4e23-9da9-3c5663e9ba32,e45749a1-4fd3-45fa-8183-e523859fb574,355,C,,54.1,LOW,"Closest client patterns: Industrial services, Mechanical and HVAC services. Need signals: after hours coverage, appointment scheduling, emergency dispatch. Verification: verified own site."
discovered:0fa39b6a-774e-4944-9a21-eff1e04cff5a,64702e5b-8692-4997-9542-813b355d5093,356,C,,54.1,HIGH,"Closest client patterns: Alarm and security services. Need signals: after hours coverage, emergency dispatch, on call escalation. Verification: verified own site."
discovered:b82cac22-5f23-4d19-9ee7-5f114873b948,1e32915e-91e1-4202-bd88-c79fbbc24a4f,357,C,,54.0,HIGH,"Closest client patterns: Alarm and security services. Need signals: after hours coverage, emergency dispatch, on call escalation. Verification: license evidence, verified own site."
discovered:6d862aa8-ecb9-41ad-8300-27a5bc84f942,98c89333-93bb-4442-b591-eccb20ab286d,358,C,,54.0,LOW,"Closest client patterns: Elevator services, Industrial services. Need signals: after hours coverage, emergency dispatch, on call escalation. Verification: verified own site."
discovered:8d5ad9b3-d462-4790-ae4e-52f2a2c81b25,4ba6ce77-2917-483c-a8d1-024a8aa0fb35,359,C,,54.0,LOW,"Closest client patterns: Industrial services, Mechanical and HVAC services. Need signals: after hours coverage, appointment scheduling, emergency dispatch. Verification: verified own site."
discovered:90b872e5-722b-4ce5-a940-f0d060367bd9,80e39547-462d-4a22-9759-5571a5f68b51,360,C,,54.0,HIGH,"Closest client patterns: Alarm and security services. Need signals: after hours coverage, emergency dispatch, on call escalation. Verification: verified own site."
discovered:e4daa6b5-6c2a-43bb-87cf-a6d86b80944e,08447ed5-6351-49b5-ba23-15537ae4a4d9,361,C,,53.9,MEDIUM,"Closest client patterns: Alarm and security services, Consumer services. Need signals: after hours coverage, emergency dispatch, on call escalation. Verification: license evidence, verified own site."
discovered:ebcd466f-e3fc-4fcd-8ea3-1af798464f7b,1b482d81-1338-45c5-af7e-35c707422958,362,C,,53.9,MEDIUM,"Closest client patterns: Consumer services, Elevator services. Need signals: after hours coverage, emergency dispatch, multi location routing. Verification: verified own site."
discovered:798b3f78-fd28-4d8c-a39f-e04eb5a4252a,c8568b46-376e-4a8f-9d4d-cad94dac4677,363,C,,53.9,LOW,"Closest client patterns: Mechanical and HVAC services, Industrial services. Need signals: after hours coverage, customer support, emergency dispatch. Verification: verified own site."
discovered:00ca94e7-628d-4c0f-9b8d-2e0076f3f96e,c776dd13-e1b4-4edd-af53-0c6fce35106b,364,C,,53.8,LOW,"Closest client patterns: Home repair and trades, Industrial services. Need signals: after hours coverage, appointment scheduling, emergency dispatch. Verification: license evidence, verified own site."
discovered:59aeb68b-0fda-441f-9471-733ef62a65a2,3952d9b5-4293-4aa6-9a82-e769ea2cdd00,365,C,,53.8,MEDIUM,"Closest client patterns: Dental services. Need signals: after hours coverage, appointment scheduling, customer support. Verification: verified own site."
discovered:a590db97-2edc-4cbc-85c1-063e612ee03c,2a6e1f4c-c83d-42b0-ab5a-576242b11fd8,366,C,,53.8,MEDIUM,"Closest client patterns: Home repair and trades, Industrial services. Need signals: after hours coverage, appointment scheduling, emergency dispatch. Verification: verified own site."
discovered:27188b81-84ed-455a-bb37-65117cfceaea,782c492d-0659-47fd-8cdb-7c8880c64548,367,C,,53.7,LOW,"Closest client patterns: Alarm and security services, Consumer services. Need signals: after hours coverage, emergency dispatch, on call escalation. Verification: verified own site."
discovered:1fa4092a-b9c2-4c40-b923-e28c21fb43dd,6117b3f1-e180-4905-80e2-cf4604ecaa74,368,C,,53.7,MEDIUM,"Closest client patterns: Healthcare providers, Behavioral health and counseling. Need signals: after hours coverage, appointment scheduling, customer support. Verification: verified own site."
discovered:7ccc783b-1228-4aab-8453-40fa057f03ac,843c757c-83ae-4004-9389-eae8c255fe2d,369,C,,53.6,LOW,"Closest client patterns: Home repair and trades, IT and technical services. Need signals: after hours coverage, appointment scheduling, emergency dispatch. Verification: license evidence, verified own site."
discovered:b3c775de-32a1-41da-a435-705dbf924490,764782c8-ea02-4a40-b13e-747125545be7,370,C,,53.6,MEDIUM,"Closest client patterns: Consumer services, Elevator services. Need signals: after hours coverage, emergency dispatch, multi location routing. Verification: verified own site."
discovered:de65e313-654a-48a6-b168-bddfa7a4ba43,ebd47240-2335-4a88-a463-c8f7f90f8137,371,C,,53.6,MEDIUM,"Closest client patterns: Healthcare providers, Behavioral health and counseling. Need signals: after hours coverage, appointment scheduling, customer support. Verification: verified own site."
discovered:487e87aa-5c59-4fdc-9ed1-69f1fbe5ff7a,b1673b4f-6269-43e0-aab2-e4dd1a4ec9fa,372,C,,53.5,MEDIUM,"Closest client patterns: Alarm and security services. Need signals: after hours coverage, emergency dispatch, on call escalation. Verification: license evidence, verified own site."
discovered:cf7adfe0-d2af-4152-aea9-83eee778f934,ce5ea389-1a5a-4100-973e-86657eca4b12,373,C,,53.5,LOW,"Closest client patterns: Home repair and trades, Funeral services. Need signals: after hours coverage, appointment scheduling, emergency dispatch. Verification: verified own site."
discovered:c886624a-e53e-4097-a579-922a6bdb0a37,0f952ca4-2c76-457f-9c72-443b983cb7e0,374,C,,53.5,MEDIUM,"Closest client patterns: Alarm and security services, Consumer services. Need signals: after hours coverage, emergency dispatch, on call escalation. Verification: verified own site."
discovered:839654dc-16a1-417a-b7c6-951a46698386,a33c10f5-60b5-406c-a990-0c48bcbdb2cb,375,C,,53.4,MEDIUM,"Closest client patterns: Home repair and trades, Industrial services. Need signals: after hours coverage, appointment scheduling, emergency dispatch. Verification: verified own site."
discovered:5d4aa3bf-1191-4f0c-8234-8e8e049791b9,bd52b238-d14f-4043-8b35-775c5ca298a1,376,C,,53.4,MEDIUM,"Closest client patterns: Behavioral health and counseling. Need signals: after hours coverage, appointment scheduling, customer support. Verification: verified own site."
discovered:32d6ecd6-990c-451f-9fd2-16d1e2a19d4e,f2b85d91-cd5b-4251-909a-b18f37a48973,377,C,,53.4,LOW,"Closest client patterns: Home repair and trades, Behavioral health and counseling. Need signals: after hours coverage, appointment scheduling, emergency dispatch. Verification: verified own site."
discovered:f3ef75e0-0c92-4d99-a27f-28486456d30c,2ef70230-d861-405a-9c43-74ab1cbe78e9,378,C,,53.4,MEDIUM,"Closest client patterns: Dental services. Need signals: after hours coverage, appointment scheduling, customer support. Verification: verified own site."
discovered:97601b1f-4dce-403d-9fcd-c91ebee51c8a,3d1c83d2-4935-4aa5-8671-d83640033ffe,379,C,,53.4,MEDIUM,"Closest client patterns: Alarm and security services, Consumer services. Need signals: after hours coverage, emergency dispatch, on call escalation. Verification: verified own site."
discovered:f328334e-0163-4080-a552-7ef91917292f,e4450ce5-bd6e-421c-ae89-1dcdd864e3bd,380,C,,53.4,MEDIUM,"Closest client patterns: Alarm and security services, Consumer services. Need signals: after hours coverage, emergency dispatch, on call escalation. Verification: verified own site."
discovered:7c53ac3f-4bcc-4c76-aa20-c5feaaf8ad89,2f7b13d7-feb3-4373-9117-7792beb2768f,381,C,,53.3,MEDIUM,"Closest client patterns: Dental services. Need signals: after hours coverage, appointment scheduling, customer support. Verification: verified own site."
discovered:99d82d5e-a599-4a96-ac3c-258187e7dece,37731f32-e7d6-4cc4-8d9a-3d9820d80247,382,C,,53.3,MEDIUM,"Closest client patterns: Industrial services, Home repair and trades. Need signals: appointment scheduling, customer support, lead capture. Verification: verified own site."
discovered:cec403a2-93eb-41ed-9ae9-14f01fa8d513,825b98d6-53b8-475a-a95f-02f44f7d36a5,383,C,,53.3,LOW,"Closest client patterns: Home repair and trades, Mechanical and HVAC services. Need signals: after hours coverage, appointment scheduling, emergency dispatch. Verification: verified own site."
discovered:0c55f434-06f7-4036-b417-c346b3564788,9f94d6cf-309a-40e4-be9e-c48d4af5104d,384,C,,53.3,MEDIUM,"Closest client patterns: Dental services. Need signals: after hours coverage, appointment scheduling, customer support. Verification: verified own site."
discovered:5846f4e5-3d66-4232-9ce6-aff078898de4,b2914998-a70c-45e1-a688-23b99f4ffe49,385,C,,53.2,LOW,"Closest client patterns: Healthcare providers, Alarm and security services. Need signals: after hours coverage, emergency dispatch, on call escalation. Verification: license evidence, verified own site."
discovered:75258ac6-5c92-4a9d-a3b2-911396605bdb,7be0feba-796a-49a0-9b67-bc50fdb02efc,386,C,,53.2,LOW,"Closest client patterns: Alarm and security services, Consumer services. Need signals: after hours coverage, emergency dispatch, on call escalation. Verification: license evidence, verified own site."
discovered:0d0ff35f-a415-41ca-9159-f58647a88f82,0ade1bcc-ae9d-43c1-9163-9acb33937652,387,C,,53.2,MEDIUM,"Closest client patterns: Alarm and security services. Need signals: after hours coverage, emergency dispatch, on call escalation. Verification: license evidence, verified own site."
discovered:51c2861d-0aae-4e47-b9ea-a5991537ac65,f7c0e113-2b08-495b-bd81-7211c7e51f73,388,C,,53.2,MEDIUM,"Closest client patterns: Alarm and security services. Need signals: after hours coverage, emergency dispatch, on call escalation. Verification: license evidence, verified own site."
discovered:226e7aa2-1f8d-4283-bfe5-3cf908d13bc0,ee3cd7e7-c927-4bfa-9f8d-39fe05f4654c,389,C,,53.2,MEDIUM,"Closest client patterns: Consumer services, Healthcare providers. Need signals: after hours coverage, appointment scheduling, on call escalation. Verification: verified own site."
discovered:b71a978e-3214-4d9b-812b-54f0d087078d,ae3d0920-c557-4690-8008-e5ff9244b6ca,390,C,,53.1,HIGH,"Closest client patterns: Funeral services. Need signals: after hours coverage, customer support, on call escalation. Verification: license evidence, verified own site."
discovered:1cd2c4d1-242d-490c-a5f9-d6689c4c8ef3,68813f29-7e83-4c8a-99ea-39dd129b4b7e,391,C,,53.1,LOW,"Closest client patterns: Mechanical and HVAC services, Industrial services. Need signals: after hours coverage, customer support, emergency dispatch. Verification: verified own site."
discovered:d9f0b3cd-f4bc-4e82-b2d2-c921a4428652,5b2e43ff-5260-4775-b006-5354c0f4b4a1,392,C,,53.0,LOW,"Closest client patterns: Alarm and security services, Consumer services. Need signals: after hours coverage, emergency dispatch, on call escalation. Verification: license evidence, verified own site."
discovered:a7eae67d-f108-41bc-b599-ae002587a30f,d41fcb41-0c5b-4353-838a-b4e0b3d77327,393,C,,53.0,LOW,"Closest client patterns: Industrial services, Home repair and trades. Need signals: after hours coverage, appointment scheduling, emergency dispatch. Verification: license evidence, verified own site."
discovered:080040c1-14a6-4a90-a9af-7b65f74f7318,3a5f20c9-771e-478f-816a-881affbbc007,394,C,,53.0,LOW,"Closest client patterns: Landscaping services, Industrial services. Need signals: after hours coverage, customer support, emergency dispatch. Verification: verified own site."
discovered:2da81fd4-8213-4a54-b939-1bc4111ee712,e90d336c-5b78-4036-9824-1ca16eeb6388,395,C,,53.0,MEDIUM,"Closest client patterns: Home repair and trades, Industrial services. Need signals: after hours coverage, appointment scheduling, emergency dispatch. Verification: verified own site."
discovered:4527d20f-6807-41cc-8b31-9997e677e936,cc3946bb-8be8-4b1b-a4da-a9d632c14d51,396,C,,53.0,MEDIUM,"Closest client patterns: Mechanical and HVAC services, Industrial services. Need signals: after hours coverage, customer support, emergency dispatch. Verification: verified own site."
discovered:a806e81a-c399-4866-9fdd-8fb159659235,27facf8e-1e82-411e-81c8-6cd77154974d,397,C,,53.0,LOW,"Closest client patterns: Healthcare providers, Behavioral health and counseling. Need signals: after hours coverage, appointment scheduling, customer support. Verification: verified own site."
discovered:97447ac5-9901-48ba-986b-cadb96075eb6,8a6ca43d-6f2c-42db-a45d-54f306a30790,398,C,,53.0,HIGH,"Closest client patterns: Dental services. Need signals: after hours coverage, appointment scheduling, customer support. Verification: verified own site."
discovered:5fcb28c5-ed28-4429-b301-027287dde51c,3ba7ecec-5d39-4532-9229-f714497015cd,399,C,,53.0,HIGH,"Closest client patterns: Behavioral health and counseling. Need signals: after hours coverage, appointment scheduling, customer support. Verification: verified own site."
discovered:71a527cd-7bb2-4e20-802f-69261a90b850,d075f25c-91b7-4693-a7f1-fd133a8a310c,400,C,,52.9,LOW,"Closest client patterns: Home repair and trades, Behavioral health and counseling. Need signals: after hours coverage, appointment scheduling, emergency dispatch. Verification: license evidence, verified own site."
discovered:2e5f647d-ad8f-4d7b-9507-7bb88e695a02,9d797838-7a7c-40d9-8194-31b48e4eae53,401,C,,52.9,MEDIUM,"Closest client patterns: Religious organizations. Need signals: after hours coverage, appointment scheduling, bilingual demand. Verification: verified own site."
discovered:6bdd80f0-b7e2-4ca6-a5d4-7a8fa5ab069c,af09647a-e11e-4a74-867c-b6ecb4bc6195,402,C,,52.9,HIGH,"Closest client patterns: Funeral services. Need signals: after hours coverage, customer support, on call escalation. Verification: verified own site."
discovered:3d455b10-ad37-4093-9f35-b6589dc2d690,6cd4b531-bcea-4581-91ab-2ee424dd4822,403,C,,52.9,MEDIUM,"Closest client patterns: Religious organizations. Need signals: after hours coverage, appointment scheduling, bilingual demand. Verification: verified own site."
discovered:9d481b6a-0f3f-4918-8959-139315a43f4c,800d78c9-bf0e-4b6f-842e-0f43822ac11d,404,C,,52.8,LOW,"Closest client patterns: Home repair and trades, Behavioral health and counseling. Need signals: after hours coverage, appointment scheduling, emergency dispatch. Verification: license evidence, verified own site."
discovered:f9060cf6-5e79-4187-a924-4900df255da3,c3dd5cb6-0fda-42a8-abf7-de6d8bf67c2c,405,C,,52.8,MEDIUM,"Closest client patterns: Industrial services, Mechanical and HVAC services. Need signals: after hours coverage, customer support, emergency dispatch. Verification: license evidence, verified own site."
discovered:6b0802d2-89b4-4b37-b3fc-fc0847be7923,5cffd1aa-6296-4aeb-b3c9-6f7bfe661858,406,C,,52.8,MEDIUM,"Closest client patterns: Alarm and security services, Industrial services. Need signals: after hours coverage, emergency dispatch, on call escalation. Verification: license evidence, verified own site."
discovered:3e76cebf-079c-4d1e-968b-0e73e1825b84,d18b8885-0f44-424f-8c9f-7ab884f2b87c,407,C,,52.8,LOW,"Closest client patterns: Dental services, Industrial services. Need signals: after hours coverage, emergency dispatch, on call escalation. Verification: verified own site."
discovered:e66268dd-f927-4a05-8ebf-a4d04d60b137,7daaaed9-b966-4440-b2f5-710d1648a568,408,C,,52.8,MEDIUM,"Closest client patterns: Religious organizations. Need signals: after hours coverage, appointment scheduling, bilingual demand. Verification: verified own site."
discovered:b176099d-91f4-40cd-9cc7-6fafd966670b,3f897cd5-0ed4-4d58-a89b-781a067ed7a0,409,C,,52.8,LOW,"Closest client patterns: Alarm and security services, Consumer services. Need signals: after hours coverage, emergency dispatch, on call escalation. Verification: verified own site."
discovered:a1d0d893-ef39-47c2-88ca-b74d0e6dfa28,64f39bb0-5ede-4c09-b2cb-44753b662b22,410,C,,52.8,LOW,"Closest client patterns: Mechanical and HVAC services, Industrial services. Need signals: after hours coverage, emergency dispatch, on call escalation. Verification: verified own site."
discovered:5d8f212c-bd96-4cdc-9d92-b407d9a13dc2,36168320-7ee0-45fc-86a6-51cdd9c8aad2,411,C,,52.7,LOW,"Closest client patterns: Home repair and trades, Industrial services. Need signals: after hours coverage, appointment scheduling, emergency dispatch. Verification: license evidence, verified own site."
discovered:fcf0825e-6f54-4e55-96a9-8c27fdf97a64,03372c04-54c4-4992-aad5-f10c3f25eb55,412,C,,52.7,LOW,"Closest client patterns: Alarm and security services, Consumer services. Need signals: after hours coverage, emergency dispatch, on call escalation. Verification: license evidence, verified own site."
discovered:835602d7-b2f2-4ddd-be42-66172dcabb8f,89816324-3abe-45b1-a944-9a5b86d7e940,413,C,,52.7,MEDIUM,"Closest client patterns: Dental services. Need signals: after hours coverage, appointment scheduling, customer support. Verification: verified own site."
discovered:30e3892d-97f6-499e-a855-c2699d213399,f20678e1-250c-4168-95f0-17be15abee21,414,C,,52.7,MEDIUM,"Closest client patterns: Religious organizations. Need signals: after hours coverage, appointment scheduling, bilingual demand. Verification: verified own site."
discovered:22b1d47a-53d1-45fc-8f90-870db724474f,5ab70f77-eb3c-4459-9a4b-4f9ca1bc9b03,415,C,,52.7,MEDIUM,"Closest client patterns: Religious organizations. Need signals: after hours coverage, appointment scheduling, bilingual demand. Verification: verified own site."
discovered:c0a73a40-9294-40e2-8729-33c403aa7096,a1fdcef3-48a9-4066-ac85-25a1075e454c,416,C,,52.7,LOW,"Closest client patterns: Home repair and trades, Funeral services. Need signals: after hours coverage, appointment scheduling, emergency dispatch. Verification: verified own site."
discovered:e1fa0ec9-22c0-48a2-940d-2fbfb5c2f949,2c0597b3-ec09-4b1a-b6e1-66b00bcc908b,417,C,,52.7,MEDIUM,"Closest client patterns: Religious organizations. Need signals: after hours coverage, appointment scheduling, bilingual demand. Verification: verified own site."
discovered:637112a3-06ad-48ea-aca3-0f67c8e2b8b5,454f9794-79ca-4c35-95aa-4858b24a8144,418,C,,52.7,MEDIUM,"Closest client patterns: Municipal assistance, Religious organizations. Need signals: after hours coverage, appointment scheduling, bilingual demand. Verification: verified own site."
discovered:c7d2ca17-704c-4d06-999f-35d5ddf476da,11eab1a1-95d8-4b64-9b7e-437bfce0036e,419,C,,52.6,MEDIUM,"Closest client patterns: Religious organizations. Need signals: after hours coverage, appointment scheduling, bilingual demand. Verification: verified own site."
discovered:597b7d9e-84ab-42d2-9b46-9c5033578439,4ce3c61c-0ffe-45e8-be76-f3fc664491e5,420,C,,52.6,MEDIUM,"Closest client patterns: Religious organizations. Need signals: after hours coverage, appointment scheduling, bilingual demand. Verification: verified own site."
discovered:fdc2d284-caf9-4ce7-9bee-ec293a92c3be,f50a0216-6e12-4c58-ae08-7bf58d758c3e,421,C,,52.6,MEDIUM,"Closest client patterns: Religious organizations. Need signals: after hours coverage, appointment scheduling, bilingual demand. Verification: verified own site."
discovered:f913f2f2-824e-40c4-a738-977ba7db3f80,384e2810-d4e9-422f-b1d0-9abc37f363ff,422,C,,52.5,LOW,"Closest client patterns: Home repair and trades, Behavioral health and counseling. Need signals: after hours coverage, appointment scheduling, emergency dispatch. Verification: license evidence, verified own site."
discovered:df699f7f-8bc9-4209-8b1f-6486c1c44938,4c4f7dd7-278e-4bb6-8347-186d999c58ea,423,C,,52.5,MEDIUM,"Closest client patterns: Alarm and security services, Elevator services. Need signals: after hours coverage, emergency dispatch, on call escalation. Verification: license evidence, verified own site."
discovered:b4b9e8a2-bcce-4b42-b87f-c0079cea63b1,f3ccc513-0246-4d08-9d9b-28ae4d614847,424,C,,52.5,MEDIUM,"Closest client patterns: Religious organizations. Need signals: after hours coverage, appointment scheduling, bilingual demand. Verification: verified own site."
discovered:4d289f9c-a242-41b7-9ba4-711ef6fe5ef4,14d99090-d6de-4ba4-9c75-8c8974226a84,425,C,,52.5,MEDIUM,"Closest client patterns: Religious organizations. Need signals: after hours coverage, appointment scheduling, bilingual demand. Verification: verified own site."
discovered:697850a7-5f27-44ac-9e49-c2fafeb4274d,db50bb18-1063-4c86-805d-26594a011658,426,C,,52.5,MEDIUM,"Closest client patterns: Religious organizations. Need signals: after hours coverage, appointment scheduling, bilingual demand. Verification: verified own site."
discovered:538566fd-1d37-46d2-98ed-45b1489f7be7,a1397e9a-ff02-414a-a7d6-26b7d43097c8,427,C,,52.5,MEDIUM,"Closest client patterns: Religious organizations. Need signals: after hours coverage, appointment scheduling, bilingual demand. Verification: verified own site."
discovered:c9b4d325-6108-48f3-8065-666442e0c1a9,a90271c9-4e18-459b-9524-3f5902f7e7d9,428,C,,52.5,MEDIUM,"Closest client patterns: Religious organizations. Need signals: after hours coverage, appointment scheduling, bilingual demand. Verification: verified own site."
discovered:d6901946-667c-489d-9697-4047403e1e0a,5c9e9221-4de2-47f2-80c8-a1ddd2e5f860,429,C,,52.5,HIGH,"Closest client patterns: Behavioral health and counseling. Need signals: after hours coverage, appointment scheduling, customer support. Verification: verified own site."
discovered:40305410-b018-458c-80fe-d18283c2fbaf,d8070a1e-b228-4dd0-a4e1-96b05c326179,430,C,,52.5,HIGH,"Closest client patterns: Funeral services. Need signals: after hours coverage, customer support, on call escalation. Verification: verified own site."
discovered:2e467366-e10c-4dca-b170-fa3c0d7e0195,3feccbea-c4f4-42e3-888a-cb37d6b60886,431,C,,52.5,LOW,"Closest client patterns: Home repair and trades, Industrial services. Need signals: after hours coverage, customer support, emergency dispatch. Verification: verified own site."
discovered:2d969c48-e71a-4f60-b1aa-c0e3ecd6551f,21f209d2-ef3f-4298-931f-d89dfd344f69,432,C,,52.4,MEDIUM,"Closest client patterns: Alarm and security services. Need signals: after hours coverage, emergency dispatch, on call escalation. Verification: license evidence, verified own site."
discovered:1f7385eb-b8d5-441a-aaff-d7e1d415d4ce,fce5cc12-208e-4bb6-9526-ce2f59ee4eb2,433,C,,52.4,MEDIUM,"Closest client patterns: Religious organizations. Need signals: after hours coverage, appointment scheduling, bilingual demand. Verification: verified own site."
discovered:d03701c9-078a-4d3a-a820-22750ae85351,d92a1ac9-44db-4c9a-9293-c444c0bc158e,434,C,,52.4,MEDIUM,"Closest client patterns: Religious organizations. Need signals: after hours coverage, appointment scheduling, bilingual demand. Verification: verified own site."
discovered:84427b39-37ff-4846-a1bd-f610914713b0,34183fd3-17c8-45fd-ac71-ca930ae8af83,435,C,,52.4,MEDIUM,"Closest client patterns: Religious organizations. Need signals: after hours coverage, appointment scheduling, bilingual demand. Verification: verified own site."
discovered:e6281a1d-8327-483d-a795-4eef186a7f34,388c4d40-a521-429d-8f97-97640e7f4016,436,C,,52.4,MEDIUM,"Closest client patterns: Mechanical and HVAC services, Industrial services. Need signals: after hours coverage, customer support, emergency dispatch. Verification: verified own site."
discovered:aa5a3239-92dd-4125-8a38-0b2a0b64d4eb,205d20b2-5e03-4f81-bc8b-908b08fa923d,437,C,,52.4,MEDIUM,"Closest client patterns: Religious organizations. Need signals: after hours coverage, appointment scheduling, bilingual demand. Verification: verified own site."
discovered:69f4cdd6-a254-4517-b12f-be8c44bf7f48,0f5fdba8-cda1-413a-b63e-8fb4eff68b04,438,C,,52.3,MEDIUM,"Closest client patterns: Alarm and security services, Consumer services. Need signals: after hours coverage, emergency dispatch, on call escalation. Verification: license evidence, verified own site."
discovered:0da870a4-4196-4599-8a16-570af89fac3a,848783f2-f4b0-4f86-8574-0c7e6eefa9e6,439,C,,52.3,MEDIUM,"Closest client patterns: Religious organizations. Need signals: after hours coverage, appointment scheduling, bilingual demand. Verification: verified own site."
discovered:02486b8d-6d5f-41c4-9b1d-f598a1f0b04e,4f205bfe-530f-4556-a7c6-3b6c3a234b0f,440,C,,52.3,MEDIUM,"Closest client patterns: Mechanical and HVAC services, Industrial services. Need signals: after hours coverage, customer support, emergency dispatch. Verification: verified own site."
discovered:fd2fad24-97a8-4b05-8ca8-36829bb2859b,738e9b24-9f40-4063-9a7b-6a13638fac86,441,C,,52.3,MEDIUM,"Closest client patterns: Religious organizations. Need signals: after hours coverage, appointment scheduling, bilingual demand. Verification: verified own site."
discovered:333363e5-a708-433d-9ed4-52f88c8cce89,a381b739-c134-416f-96fb-4a73d4dc8c34,442,C,,52.3,LOW,"Closest client patterns: Mechanical and HVAC services, Industrial services. Need signals: after hours coverage, customer support, emergency dispatch. Verification: verified own site."
discovered:30856d92-0108-4d5d-b433-15507ed89f4a,f6bfbed3-0df4-4358-adae-2d2090366635,443,C,,52.3,MEDIUM,"Closest client patterns: Mechanical and HVAC services, Industrial services. Need signals: after hours coverage, customer support, emergency dispatch. Verification: verified own site."
discovered:40f17c5f-cf01-408f-af81-ca8f8e4e7f6b,20dbe813-6492-4d01-b84d-c16346af600b,444,C,,52.3,LOW,"Closest client patterns: Home repair and trades, Industrial services. Need signals: after hours coverage, appointment scheduling, emergency dispatch. Verification: verified own site."
discovered:2d464e75-7866-4b9a-a5c7-c0971f20a0fe,a00cb4f1-8d56-4d65-9472-d6e5c8e187d0,445,C,,52.3,MEDIUM,"Closest client patterns: Religious organizations. Need signals: after hours coverage, appointment scheduling, bilingual demand. Verification: verified own site."
discovered:9d79037c-8f26-49c5-8a08-7ff34842bdad,7183363f-b26c-4651-b565-c5f4fb716b10,446,C,,52.2,MEDIUM,"Closest client patterns: Behavioral health and counseling. Need signals: after hours coverage, appointment scheduling, customer support. Verification: license evidence, verified own site."
discovered:0159bea0-284d-4af4-b614-96c34f45f7e7,1e0a2caf-82a3-4932-83fb-c8465757950a,447,C,,52.2,MEDIUM,"Closest client patterns: Mechanical and HVAC services, Industrial services. Need signals: after hours coverage, customer support, emergency dispatch. Verification: verified own site."
discovered:c73a6ced-9954-43db-8ae3-536b4fbff173,57fc4d59-b8be-4510-9817-2fdfc3fe37d3,448,C,,52.2,MEDIUM,"Closest client patterns: Mechanical and HVAC services, Industrial services. Need signals: after hours coverage, customer support, emergency dispatch. Verification: verified own site."
discovered:54e420b4-9e8b-4eb0-96d0-a3c4b59474df,8cfdd915-1ded-4b25-8f17-ddac3a14643d,449,C,,52.2,MEDIUM,"Closest client patterns: Mechanical and HVAC services, Industrial services. Need signals: after hours coverage, customer support, emergency dispatch. Verification: verified own site."
discovered:d293c899-6d55-4e4f-980f-dbd1c1bc3bd8,04dbe0cf-e9c5-4e6d-a253-1b1059b78096,450,C,,52.2,MEDIUM,"Closest client patterns: Religious organizations. Need signals: after hours coverage, appointment scheduling, bilingual demand. Verification: verified own site."
discovered:96ac40c9-2911-4493-8bdc-5e7ea87bf95d,27f18897-a604-435a-b77d-ac2565073614,451,C,,52.2,MEDIUM,"Closest client patterns: Mechanical and HVAC services, Industrial services. Need signals: after hours coverage, customer support, emergency dispatch. Verification: verified own site."
discovered:9fd0bafe-ff00-4e55-aed9-61e8dc636f0a,e132b60c-0fe6-401e-b8ed-c0b992cb3ba2,452,C,,52.2,MEDIUM,"Closest client patterns: Mechanical and HVAC services, Industrial services. Need signals: after hours coverage, customer support, emergency dispatch. Verification: verified own site."
discovered:f41245f0-0bff-405f-9c2d-6b0c2d63420d,c37f69d8-820f-4e25-af33-32b7c3228108,453,C,,52.2,MEDIUM,"Closest client patterns: Religious organizations. Need signals: after hours coverage, appointment scheduling, bilingual demand. Verification: verified own site."
discovered:e6113a48-0227-4c00-bfa4-a6c3c1bb1805,796565f1-6b15-4ade-bd7f-977697c450d1,454,C,,52.2,MEDIUM,"Closest client patterns: Religious organizations. Need signals: after hours coverage, appointment scheduling, bilingual demand. Verification: verified own site."
discovered:7fed5432-a81c-4498-84e2-fd043f8ede04,9d68d981-04d2-4caf-b5fd-ec91a5eabf8c,455,C,,52.2,MEDIUM,"Closest client patterns: Religious organizations. Need signals: after hours coverage, appointment scheduling, bilingual demand. Verification: verified own site."
discovered:88cb1e88-ca55-41d1-a814-8f165bc6bdd4,45a8d5d1-bc89-41c2-bf91-9e7a158de617,456,C,,52.2,MEDIUM,"Closest client patterns: Religious organizations. Need signals: after hours coverage, appointment scheduling, bilingual demand. Verification: verified own site."
discovered:452b4b66-424b-40ab-ba54-6563dcff4dab,7ffeb805-d8fa-4d80-bcf7-a1fe3f42d66a,457,C,,52.2,MEDIUM,"Closest client patterns: Mechanical and HVAC services, Industrial services. Need signals: after hours coverage, customer support, emergency dispatch. Verification: verified own site."
discovered:ddcb4075-af29-4093-9286-4b278f5d7c19,a95d2637-b722-47ca-8280-13f323c75177,458,C,,52.2,LOW,"Closest client patterns: Home repair and trades, Funeral services. Need signals: after hours coverage, appointment scheduling, emergency dispatch. Verification: verified own site."
discovered:3d5f4c5d-9d7e-4a5f-95d7-d4539a59a3e3,f08e842f-6ea3-4b7d-b0ce-273e2b5e5b63,459,C,,52.1,MEDIUM,"Closest client patterns: Alarm and security services. Need signals: after hours coverage, emergency dispatch, on call escalation. Verification: license evidence, verified own site."
discovered:9f0256ed-ba53-4bb6-8b7b-1c1ed0517b94,5f902ee6-c025-4f3b-96b5-d851521546cd,460,C,,52.1,MEDIUM,"Closest client patterns: Alarm and security services. Need signals: after hours coverage, emergency dispatch, on call escalation. Verification: license evidence, verified own site."
discovered:443e9838-1d01-4778-ae18-9237b885f6e5,10aaa96a-1970-4bfd-90cd-1da0be950ba3,461,C,,52.1,MEDIUM,"Closest client patterns: Religious organizations. Need signals: after hours coverage, appointment scheduling, bilingual demand. Verification: verified own site."
discovered:d8ad5c48-d5e4-4a63-af5a-72960d563699,e0a2cb18-9612-4cd8-8db7-37345a8895d9,462,C,,52.1,MEDIUM,"Closest client patterns: Religious organizations. Need signals: after hours coverage, appointment scheduling, bilingual demand. Verification: verified own site."
discovered:8b414460-892d-4d22-aa86-e9b25e841265,01518926-aad5-4a9a-8372-73150cb90fad,463,C,,52.1,LOW,"Closest client patterns: Behavioral health and counseling, Funeral services. Need signals: after hours coverage, appointment scheduling, customer support. Verification: verified own site."
discovered:d5742ade-24b4-4ebc-9b92-8b403b8d180f,c42637af-e672-4da8-a18f-69a86d9890a4,464,C,,52.1,LOW,"Closest client patterns: Religious organizations. Need signals: after hours coverage, appointment scheduling, bilingual demand. Verification: verified own site."
discovered:ee137fdc-6f7e-4aa1-a9d1-0fa15a2a599c,e0f562a9-0e06-40f6-8cd4-2a0e4e46cee3,465,C,,52.1,MEDIUM,"Closest client patterns: Religious organizations. Need signals: after hours coverage, appointment scheduling, bilingual demand. Verification: verified own site."
discovered:61b0f172-eb90-4f36-9729-4d57658e51bd,fe6beaf8-a076-43a4-b0fe-707e9549aa4f,466,C,,52.1,MEDIUM,"Closest client patterns: Mechanical and HVAC services. Need signals: after hours coverage, customer support, emergency dispatch. Verification: verified own site."
discovered:9e96a01d-dc99-4bb2-a90d-8f8f32967e1b,a508cee7-b89a-4fe6-b7b0-7f4348f9e23a,467,C,,52.1,MEDIUM,"Closest client patterns: Religious organizations. Need signals: after hours coverage, appointment scheduling, bilingual demand. Verification: verified own site."
discovered:1c2066d0-b829-42d9-a88f-770be527260a,551da092-dd4e-4e75-92c9-80f1a81f0a1a,468,C,,52.1,MEDIUM,"Closest client patterns: Religious organizations. Need signals: after hours coverage, appointment scheduling, bilingual demand. Verification: verified own site."
discovered:a52b9e98-1428-4925-99f7-6ed740bf4ea4,7f10de16-f606-4b5f-a571-6b102435fd25,469,C,,52.1,MEDIUM,"Closest client patterns: Religious organizations. Need signals: after hours coverage, appointment scheduling, bilingual demand. Verification: verified own site."
discovered:ee48515e-c1c5-40d4-9232-e8945c02d1ac,d87c3c8f-9edd-4ad5-8a6a-26d04bf5f690,470,C,,52.1,MEDIUM,"Closest client patterns: Mechanical and HVAC services, Industrial services. Need signals: after hours coverage, customer support, emergency dispatch. Verification: verified own site."
discovered:95164755-14a9-460f-a545-bd2aaebe555a,5e7c1d18-afd2-42cd-a45d-7e5b9cb89e0e,471,C,,52.0,LOW,"Closest client patterns: Funeral services, Industrial services. Need signals: after hours coverage, appointment scheduling, emergency dispatch. Verification: license evidence, verified own site."
discovered:ba4c011b-bc7e-4540-b162-ef8d472f0b9f,124ee0cf-7761-423c-b924-f49ecbdbbcc3,472,C,,52.0,MEDIUM,"Closest client patterns: Alarm and security services. Need signals: after hours coverage, emergency dispatch, on call escalation. Verification: license evidence, verified own site."
discovered:c79c5313-49d5-4c13-87b4-8e26e7007374,6f6a4d4a-ee75-484e-b2ab-20252ae29229,473,C,,52.0,MEDIUM,"Closest client patterns: Mechanical and HVAC services, Industrial services. Need signals: after hours coverage, customer support, emergency dispatch. Verification: verified own site."
discovered:9daf1e35-1f3a-4358-89b0-ee608968485e,7d46316c-e178-42fe-8cd6-529be899d877,474,C,,52.0,MEDIUM,"Closest client patterns: Religious organizations. Need signals: after hours coverage, appointment scheduling, bilingual demand. Verification: verified own site."
discovered:20c7e430-282a-4139-b3d6-7bb786f1c4b3,a5d14f4e-e08d-4673-96af-a3d93bcacb2f,475,C,,52.0,LOW,"Closest client patterns: Mechanical and HVAC services, Industrial services. Need signals: after hours coverage, customer support, emergency dispatch. Verification: verified own site."
discovered:b1c871a6-8590-4adf-bc75-2c0ea1c6e1bf,1765e246-62c9-4559-94c0-b3b730029535,476,C,,52.0,MEDIUM,"Closest client patterns: Mechanical and HVAC services, Industrial services. Need signals: after hours coverage, customer support, emergency dispatch. Verification: verified own site."
discovered:38c79b22-987f-4242-aad6-93305de3652e,4c08f20b-7055-4f8f-a5ce-a83bb5c398ca,477,C,,52.0,MEDIUM,"Closest client patterns: Religious organizations. Need signals: after hours coverage, appointment scheduling, bilingual demand. Verification: verified own site."
discovered:afcd72be-865a-4b9c-a721-22a843cc910d,f46d56bd-f90b-4b23-92d7-6a5889f449af,478,C,,52.0,MEDIUM,"Closest client patterns: Religious organizations. Need signals: after hours coverage, appointment scheduling, bilingual demand. Verification: verified own site."
discovered:d14d642e-f1f5-4f75-b9ba-fb9494e454fe,5077c50b-dbe1-471a-ab91-6f038c38ee23,479,C,,52.0,MEDIUM,"Closest client patterns: Mechanical and HVAC services, Industrial services. Need signals: after hours coverage, customer support, emergency dispatch. Verification: verified own site."
discovered:e3dcaae8-bf1d-40d4-9481-e3e3867622c1,35513422-0f87-4852-b706-a3095de8a354,480,C,,52.0,LOW,"Closest client patterns: Mechanical and HVAC services, Industrial services. Need signals: after hours coverage, customer support, emergency dispatch. Verification: verified own site."
discovered:2b0be3e4-4fb1-40e6-aacb-2b559ba7f806,f52b6f4b-9772-450e-8f32-eb6ce6d2c2fa,481,C,,52.0,MEDIUM,"Closest client patterns: Religious organizations. Need signals: after hours coverage, appointment scheduling, bilingual demand. Verification: verified own site."
discovered:ea848a03-4308-4d64-9025-b1252ae2b4fb,0b1814ff-65af-4c18-8feb-78048e981dc0,482,C,,52.0,LOW,"Closest client patterns: Home repair and trades, Industrial services. Need signals: after hours coverage, appointment scheduling, emergency dispatch. Verification: verified own site."
discovered:d36d82f3-3626-4c08-8d09-bcea6b173228,8d281d5a-447e-46d6-ade1-298953df00a7,483,C,,52.0,MEDIUM,"Closest client patterns: Behavioral health and counseling. Need signals: after hours coverage, appointment scheduling, customer support. Verification: verified own site."
discovered:cbfdc60d-fe5b-4ee5-a699-76d2b7111303,1e5c641b-d54f-43f0-993a-3702f10e113b,484,C,,51.9,LOW,"Closest client patterns: Industrial services, Home repair and trades. Need signals: after hours coverage, appointment scheduling, emergency dispatch. Verification: license evidence, verified own site."
discovered:ec2cac1a-b114-443c-b251-91f32f379d81,f6563de6-6167-4794-b8b0-d4e630ffa3b7,485,C,,51.9,LOW,"Closest client patterns: Religious organizations. Need signals: after hours coverage, appointment scheduling, bilingual demand. Verification: verified own site."
discovered:615149dd-8439-4e22-b48c-62b15c3e1057,ab7cb82e-7ca8-4759-b709-bc0c98977338,486,C,,51.9,MEDIUM,"Closest client patterns: Mechanical and HVAC services, Industrial services. Need signals: after hours coverage, customer support, emergency dispatch. Verification: verified own site."
discovered:bab5523b-bcb5-4795-b968-6b856402ce5c,d94f20d4-147a-4560-be21-66cdb1ee609b,487,C,,51.8,LOW,"Closest client patterns: Industrial services, Municipal public works. Need signals: after hours coverage, customer support, emergency dispatch. Verification: license evidence, verified own site."
discovered:4a33c741-bbca-4e86-b16f-ae13c1883e8b,7a56d443-3f3a-4c6c-ae78-c449cd821ce2,488,C,,51.8,LOW,"Closest client patterns: Religious organizations. Need signals: after hours coverage, appointment scheduling, bilingual demand. Verification: verified own site."
discovered:a855accd-8c28-41a6-9661-4a0addbc8639,603bd4d8-8908-4d55-bb8c-c1e283f81e69,489,C,,51.8,LOW,"Closest client patterns: Mechanical and HVAC services, Industrial services. Need signals: after hours coverage, customer support, emergency dispatch. Verification: verified own site."
discovered:582236d5-51aa-4d83-99ae-d3bb7a1bfeb1,1748df38-743b-449e-86a1-806113171e72,490,C,,51.8,LOW,"Closest client patterns: Religious organizations. Need signals: after hours coverage, appointment scheduling, bilingual demand. Verification: verified own site."
discovered:25a831c7-4ec0-4ac7-bf80-5c097b7896c2,673ac81b-2c11-4584-a34e-86c7d141cf70,491,C,,51.8,MEDIUM,"Closest client patterns: Home repair and trades, Consumer services. Need signals: after hours coverage, appointment scheduling, emergency dispatch. Verification: verified own site."
discovered:ab44db85-0ace-485f-8199-9854ffbfca61,c4f6ddc1-dadf-4e03-9dea-91971984ae76,492,C,,51.8,MEDIUM,"Closest client patterns: Mechanical and HVAC services, Industrial services. Need signals: after hours coverage, customer support, emergency dispatch. Verification: verified own site."
discovered:67732893-6789-401c-8414-f015dc2d11d7,429391bc-212d-486c-8cf7-205ec902ed7a,493,C,,51.8,LOW,"Closest client patterns: Religious organizations. Need signals: after hours coverage, appointment scheduling, bilingual demand. Verification: verified own site."
discovered:9c150728-692c-4bd5-bc6a-fab197306845,38a7a096-2640-4708-8d1a-a6c482b78d77,494,C,,51.8,LOW,"Closest client patterns: Religious organizations. Need signals: after hours coverage, appointment scheduling, bilingual demand. Verification: verified own site."
discovered:6df4a174-a06a-4b54-9efb-3cba3843dc00,6a94be29-d30f-427f-bdd1-0d37118c5771,495,C,,51.8,MEDIUM,"Closest client patterns: Mechanical and HVAC services, Industrial services. Need signals: after hours coverage, customer support, emergency dispatch. Verification: verified own site."
discovered:77d8e422-3209-43e2-9028-8e70b5b858bf,d5bb28f4-e3a9-413a-94d5-0bc0b1d8ba94,496,C,,51.8,HIGH,"Closest client patterns: Dental services. Need signals: after hours coverage, appointment scheduling, customer support. Verification: verified own site."
discovered:96070389-4d10-471b-bfcf-9e4398d4aaf9,78073910-9608-4215-84d3-3b15df621c2a,497,C,,51.7,MEDIUM,"Closest client patterns: Alarm and security services. Need signals: after hours coverage, emergency dispatch, on call escalation. Verification: license evidence, verified own site."
discovered:c6ed684e-6fe7-4967-9b10-0f8aace08e0f,4e5605a6-a37c-4069-8f28-0553f37ae4d2,498,C,,51.7,LOW,"Closest client patterns: Religious organizations. Need signals: after hours coverage, appointment scheduling, bilingual demand. Verification: verified own site."
discovered:5e687768-1c99-4cda-954e-f664e379055c,7da23ef8-73cf-4de9-b7c7-b8728201b0a5,499,C,,51.7,LOW,"Closest client patterns: Mechanical and HVAC services, Industrial services. Need signals: after hours coverage, customer support, emergency dispatch. Verification: verified own site."
discovered:b7f28a15-fa3c-499d-aa71-94cad6d2c6a3,98656a8a-4314-4057-81b3-a8c329321b8d,500,C,,51.7,LOW,"Closest client patterns: Religious organizations. Need signals: after hours coverage, appointment scheduling, bilingual demand. Verification: verified own site."
discovered:82271561-6bf0-446c-b0cb-efdbe9535f0d,8a2127a5-0768-45ef-973c-c91b651c85d2,501,NURTURE,,51.7,MEDIUM,"Closest client patterns: Home repair and trades, Industrial services. Need signals: after hours coverage, appointment scheduling, emergency dispatch. Verification: verified own site."
discovered:dac4ba8a-211b-4824-b11f-f5d7b5401c56,d8eb295c-ec83-40eb-80a7-064928013202,502,NURTURE,,51.7,LOW,"Closest client patterns: Religious organizations. Need signals: after hours coverage, appointment scheduling, bilingual demand. Verification: verified own site."
discovered:e830a33d-4ae7-4a10-81fd-0106f8d2825c,557a93ce-0666-4abc-82d2-105cfa01fc91,503,NURTURE,,51.7,LOW,"Closest client patterns: Religious organizations. Need signals: after hours coverage, appointment scheduling, bilingual demand. Verification: verified own site."
discovered:2955a39e-e91b-4c20-887a-e1f25bd35b0c,dfdf8fae-5cd3-4aa3-9f1d-94d18fbbbf7c,504,NURTURE,,51.7,LOW,"Closest client patterns: Religious organizations. Need signals: after hours coverage, appointment scheduling, bilingual demand. Verification: verified own site."
discovered:d0dadd70-8851-4d62-8636-024f670d1c0c,2f2c8ea1-a113-4d0d-a498-0e83ef3652de,505,NURTURE,,51.7,HIGH,"Closest client patterns: Alarm and security services. Need signals: after hours coverage, emergency dispatch, on call escalation. Verification: verified own site."
discovered:579dde11-2810-4b73-a83f-baa59147f630,aa219991-ffc6-4f96-9385-2e65706d8f3b,506,NURTURE,,51.7,MEDIUM,"Closest client patterns: Behavioral health and counseling. Need signals: after hours coverage, appointment scheduling, customer support. Verification: verified own site."
discovered:685bf987-3709-438e-9232-119d67b3477c,7867e4a4-f8d3-4644-b239-35fd5f2bd035,507,NURTURE,,51.6,LOW,"Closest client patterns: Industrial services, Municipal public works. Need signals: after hours coverage, customer support, emergency dispatch. Verification: license evidence, verified own site."
discovered:352d6901-bec2-4685-873a-e43008a6d5d8,37535bb2-b19d-4517-996b-ade5d2245e3f,508,NURTURE,,51.6,MEDIUM,"Closest client patterns: Alarm and security services. Need signals: after hours coverage, emergency dispatch, on call escalation. Verification: license evidence, verified own site."
discovered:31dd4451-6e94-419b-bb8c-b464c690e26b,081c0876-a4fc-4872-9941-f837c1d11afe,509,NURTURE,,51.6,LOW,"Closest client patterns: Industrial services, Home repair and trades. Need signals: after hours coverage, appointment scheduling, emergency dispatch. Verification: verified own site."
discovered:47e9fc6a-2af6-4924-808b-15624ac18d57,e9848820-df63-4bd5-9fb8-5e8969e2ed13,510,NURTURE,,51.6,MEDIUM,"Closest client patterns: Alarm and security services. Need signals: after hours coverage, emergency dispatch, on call escalation. Verification: verified own site."
discovered:8bf3e3f8-b839-4eea-842f-c91b036cb84c,73231ab5-1915-4037-8826-226a772210f9,511,NURTURE,,51.5,MEDIUM,"Closest client patterns: Home repair and trades, Industrial services. Need signals: after hours coverage, appointment scheduling, emergency dispatch. Verification: license evidence, verified own site."
discovered:6cc9abf6-b905-4c32-9252-fcadc4338d24,61b56131-55c7-477c-87f0-7d2ec02b9178,512,NURTURE,,51.5,MEDIUM,"Closest client patterns: Funeral services. Need signals: after hours coverage, customer support, on call escalation. Verification: verified own site."
discovered:4a2df6f0-276c-4de1-bb24-ef8280f24d08,b63ad0c6-01eb-47c5-94c5-991d67511d6f,513,NURTURE,,51.5,LOW,"Closest client patterns: Religious organizations. Need signals: after hours coverage, appointment scheduling, bilingual demand. Verification: verified own site."
discovered:8cfc5811-035f-46ad-8244-c20e1c4c21cf,bc3128d4-4e8f-44d4-a7d7-a3cd13962677,514,NURTURE,,51.5,MEDIUM,"Closest client patterns: Healthcare providers, Behavioral health and counseling. Need signals: after hours coverage, appointment scheduling, customer support. Verification: verified own site."
discovered:efbc5a78-c35f-42e6-9966-6192ee005fbb,a78ef6c8-b38d-49d3-be5d-fad27175c0d5,515,NURTURE,,51.5,LOW,"Closest client patterns: Mechanical and HVAC services, Industrial services. Need signals: after hours coverage, customer support, emergency dispatch. Verification: verified own site."
discovered:a342cc95-16f0-453c-982f-ef3d79381b00,6592f23e-feca-4980-b593-3ee7aee120ee,516,NURTURE,,51.4,LOW,"Closest client patterns: Home repair and trades, Industrial services. Need signals: after hours coverage, appointment scheduling, emergency dispatch. Verification: license evidence, verified own site."
discovered:5fbde002-a84f-4521-b4a2-6fe802f8d680,70d56c4b-f3ca-4169-b518-a9214ac9bc27,517,NURTURE,,51.4,LOW,"Closest client patterns: Mechanical and HVAC services, Industrial services. Need signals: after hours coverage, customer support, emergency dispatch. Verification: verified own site."
discovered:f6c4a58b-042c-4dfd-859c-e2c6927d22f7,ede31209-a922-4ce5-9dd2-096a30cab104,518,NURTURE,,51.4,LOW,"Closest client patterns: Home repair and trades, Funeral services. Need signals: after hours coverage, appointment scheduling, emergency dispatch. Verification: verified own site."
discovered:47261ce2-dff4-477f-b2d4-b5bda79cc820,ee7e4b6a-95fd-49cb-ab63-34bb8a60d14c,519,NURTURE,,51.4,MEDIUM,"Closest client patterns: Alarm and security services, Consumer services. Need signals: after hours coverage, emergency dispatch, on call escalation. Verification: verified own site."
discovered:68b4623c-c108-4d6b-8715-bce402d2c507,99225a5a-b0ea-4cfc-a652-1fc79dfe906f,520,NURTURE,,51.3,LOW,"Closest client patterns: Industrial services, Municipal public works. Need signals: after hours coverage, customer support, emergency dispatch. Verification: license evidence, verified own site."
discovered:d4f82061-8a67-42df-92e4-368e278c0f09,ec9c6b2a-7db3-41c3-9b12-184406035c21,521,NURTURE,,51.3,LOW,"Closest client patterns: Religious organizations. Need signals: after hours coverage, appointment scheduling, bilingual demand. Verification: verified own site."
discovered:85cb75aa-c9a5-42f1-95cb-34624bb98e4a,d2eba1a1-8e0c-48da-a743-aceef9610a73,522,NURTURE,,51.3,LOW,"Closest client patterns: Religious organizations. Need signals: after hours coverage, appointment scheduling, bilingual demand. Verification: verified own site."
discovered:e0555686-7846-46d1-9d4f-f89996365928,398b45d5-8a8d-4ac4-8474-6264b19494fe,523,NURTURE,,51.3,MEDIUM,"Closest client patterns: Alarm and security services. Need signals: after hours coverage, emergency dispatch, on call escalation. Verification: verified own site."
discovered:088a2ecf-3aa4-41fe-bc6d-64a49b8049ea,ffdf6390-ae77-4090-861e-d747a08d9986,524,NURTURE,,51.3,HIGH,"Closest client patterns: Behavioral health and counseling. Need signals: after hours coverage, appointment scheduling, customer support. Verification: verified own site."
discovered:65ceab26-a1c6-43ee-b73f-ad04b8e5cc14,9005ec3e-e281-4b0e-bbc6-d8029d155306,525,NURTURE,,51.3,LOW,"Closest client patterns: Home repair and trades, Industrial services. Need signals: after hours coverage, appointment scheduling, emergency dispatch. Verification: verified own site."
discovered:821cdaf5-4609-456e-b553-4125d6fe909f,26c0c672-a71a-4113-afb1-c97796ad1c8b,526,NURTURE,,51.3,LOW,"Closest client patterns: Religious organizations. Need signals: after hours coverage, appointment scheduling, bilingual demand. Verification: verified own site."
discovered:f7c8ae65-c3da-48d1-90f9-876dc31c36ab,2ebb7c37-feab-47ab-a0c8-c17e2ddd4839,527,NURTURE,,51.3,MEDIUM,"Closest client patterns: Mechanical and HVAC services, Industrial services. Need signals: after hours coverage, customer support, emergency dispatch. Verification: verified own site."
discovered:ce3ba223-e7f4-4eda-bb8b-3d05ca9a0a5c,bb2296c8-bf78-4926-8de6-faf240907414,528,NURTURE,,51.3,LOW,"Closest client patterns: Mechanical and HVAC services, Industrial services. Need signals: after hours coverage, customer support, emergency dispatch. Verification: verified own site."
discovered:f16eef58-fc3e-48bc-8f4f-786f6dd441f8,ba12bd21-ea3f-4e14-94d1-f8b9c73304e4,529,NURTURE,,51.2,HIGH,"Closest client patterns: Funeral services. Need signals: after hours coverage, customer support, on call escalation. Verification: license evidence, verified own site."
discovered:de294bbf-375d-4670-96c3-9f9ca7bcb605,5904cc9e-ee72-4e6d-bbd6-622f23e56997,530,NURTURE,,51.2,LOW,"Closest client patterns: Religious organizations. Need signals: after hours coverage, appointment scheduling, bilingual demand. Verification: verified own site."
discovered:a8eddf7d-e8fc-4d3e-acce-c63ac14a9882,9f1d5684-b913-45c5-9cb3-927627c5eac2,531,NURTURE,,51.2,LOW,"Closest client patterns: Mechanical and HVAC services, Industrial services. Need signals: after hours coverage, customer support, emergency dispatch. Verification: verified own site."
discovered:6f46f2e5-c015-4e5b-97a7-348f38dd79c3,f7bc4a54-7ff4-405d-a2a1-503a8f0aa02f,532,NURTURE,,51.2,LOW,"Closest client patterns: Mechanical and HVAC services, Industrial services. Need signals: after hours coverage, customer support, emergency dispatch. Verification: verified own site."
discovered:b41bb858-78b1-46d0-aba3-985a06ea71ce,e7ba1a1b-ecea-45f6-8508-b5fa9809d4d5,533,NURTURE,,51.2,MEDIUM,"Closest client patterns: Mechanical and HVAC services, Industrial services. Need signals: after hours coverage, customer support, emergency dispatch. Verification: verified own site."
discovered:83b90a52-e665-4cfc-806a-9ed2d8475c31,67fbeb6f-2d45-4868-a3b7-ade765cca758,534,NURTURE,,51.2,MEDIUM,"Closest client patterns: Mechanical and HVAC services, Industrial services. Need signals: after hours coverage, customer support, emergency dispatch. Verification: verified own site."
discovered:06fb1b70-e223-4a44-8d77-13b6e188d184,19cc7267-7e95-40e4-bb9d-0ed121fd2faa,535,NURTURE,,51.2,LOW,"Closest client patterns: Mechanical and HVAC services, Industrial services. Need signals: after hours coverage, customer support, emergency dispatch. Verification: verified own site."
discovered:e3d562ec-78dc-4e86-b736-dbc714a26f15,058f0063-19ef-4f0d-8b10-2ecce91dacf4,536,NURTURE,,51.1,MEDIUM,"Closest client patterns: Elevator services, Alarm and security services. Need signals: after hours coverage, emergency dispatch, on call escalation. Verification: verified own site."
discovered:98ffbb2b-4695-4ca3-af9b-d07dbb74995e,4e5ecc10-a4a8-4d0a-b21b-c91deb809acd,537,NURTURE,,51.1,LOW,"Closest client patterns: Mechanical and HVAC services, Industrial services. Need signals: after hours coverage, customer support, emergency dispatch. Verification: verified own site."
discovered:3dbfd254-6cd5-4289-acc0-4a7ec2d12653,88d8e96c-d1d8-4826-869a-a19c12992cc4,538,NURTURE,,51.1,LOW,"Closest client patterns: Mechanical and HVAC services, IT and technical services. Need signals: after hours coverage, emergency dispatch, on call escalation. Verification: verified own site."
discovered:c5eea256-e149-47a4-872c-5c88f21b2086,eea4123f-14ad-4141-b10d-e7eacef3620a,539,NURTURE,,51.1,LOW,"Closest client patterns: Home repair and trades, Industrial services. Need signals: after hours coverage, appointment scheduling, emergency dispatch. Verification: verified own site."
discovered:cacd899f-a1ba-4582-ba08-51124ff9549a,efa4709a-2488-42bc-9d5b-c05b818916ed,540,NURTURE,,51.1,MEDIUM,"Closest client patterns: Behavioral health and counseling, Funeral services. Need signals: after hours coverage, appointment scheduling, customer support. Verification: verified own site."
discovered:ef87f6dd-480c-4bec-a1de-f3596dd5ae5a,dc9d9d1c-f118-4143-8f37-0a150c06493f,541,NURTURE,,51.1,MEDIUM,"Closest client patterns: Home repair and trades, Industrial services. Need signals: after hours coverage, appointment scheduling, emergency dispatch. Verification: verified own site."
discovered:f8d6a25b-73b9-4d45-ae2a-7967fc8e0701,7f78b680-aadd-4653-a178-1bcfd3e0e8d1,542,NURTURE,,51.0,MEDIUM,"Closest client patterns: Alarm and security services. Need signals: after hours coverage, emergency dispatch, on call escalation. Verification: license evidence, verified own site."
discovered:ee9ef2e1-edac-4e6f-b3d7-17b74b54357c,1177a4da-e9a0-46f7-b294-838e0ee21a0a,543,NURTURE,,51.0,MEDIUM,"Closest client patterns: Alarm and security services. Need signals: after hours coverage, emergency dispatch, on call escalation. Verification: verified own site."
discovered:28f75df1-6087-4c02-b4f4-b308e22ab354,de49b18e-e194-43db-8730-2fd9fdf67d3e,544,NURTURE,,51.0,MEDIUM,"Closest client patterns: Behavioral health and counseling. Need signals: after hours coverage, appointment scheduling, customer support. Verification: verified own site."
discovered:921e0467-5678-43c7-be62-bc8dfdee4efd,02a01da9-ad8e-4e53-beaf-85ed6950dfad,545,NURTURE,,51.0,LOW,"Closest client patterns: Home repair and trades, Municipal assistance. Need signals: after hours coverage, appointment scheduling, emergency dispatch. Verification: verified own site."
discovered:db60c673-19f9-4908-aa10-db2a61e8abd0,d42d7a33-4250-44b4-8525-3591d8727e6e,546,NURTURE,,51.0,MEDIUM,"Closest client patterns: Alarm and security services. Need signals: after hours coverage, emergency dispatch, on call escalation. Verification: verified own site."
discovered:0c48713a-a4f0-4d41-a7ce-8c612adf6d37,d9eba86d-8284-44de-bfc4-0ebc96facc85,547,NURTURE,,51.0,HIGH,"Closest client patterns: Funeral services. Need signals: after hours coverage, customer support, on call escalation. Verification: verified own site."
discovered:8183ca0d-5de1-4ed0-bc29-55d4565b6f11,6fbd0745-6e51-405c-a2f5-0da2c024d344,548,NURTURE,,51.0,LOW,"Closest client patterns: Mechanical and HVAC services, Industrial services. Need signals: after hours coverage, customer support, emergency dispatch. Verification: verified own site."
discovered:986de379-0c50-40b4-a7bd-f8f0e9631912,0ab2dd00-1da8-4a2e-a25f-50ea452b0fa4,549,NURTURE,,50.9,LOW,"Closest client patterns: Home repair and trades, Industrial services. Need signals: after hours coverage, appointment scheduling, emergency dispatch. Verification: verified own site."
discovered:ccb67906-f0f9-4e9b-bd78-5ad1d02e34a1,e8fa0a4b-2d76-4e30-9d24-8e91c49f8911,550,NURTURE,,50.9,MEDIUM,"Closest client patterns: Consumer services, Funeral services. Need signals: after hours coverage, appointment scheduling, customer support. Verification: verified own site."
discovered:46270688-cc83-441f-932a-739dfb560550,6465cbcc-8152-4153-94ff-8938c4ce84da,551,NURTURE,,50.9,LOW,"Closest client patterns: Home repair and trades, Behavioral health and counseling. Need signals: after hours coverage, appointment scheduling, emergency dispatch. Verification: verified own site."
discovered:33ba07ee-9129-49e1-a570-2cd3a3ed34e1,39a7b1ed-4719-4122-8813-444709d745a3,552,NURTURE,,50.9,MEDIUM,"Closest client patterns: Home repair and trades, Industrial services. Need signals: after hours coverage, appointment scheduling, emergency dispatch. Verification: verified own site."
discovered:280b770e-194f-4c13-a21d-f96d1f19bfe2,9c1c68b2-6b0a-483f-a520-173961d0ba18,553,NURTURE,,50.9,LOW,"Closest client patterns: Mechanical and HVAC services, Industrial services. Need signals: after hours coverage, customer support, emergency dispatch. Verification: verified own site."
discovered:e820744b-2368-42e5-bf58-1bdd76e79654,34c68a10-dc4c-4aad-bd0d-e4ca3a00f4a6,554,NURTURE,,50.9,LOW,"Closest client patterns: Home repair and trades, Behavioral health and counseling. Need signals: after hours coverage, appointment scheduling, emergency dispatch. Verification: verified own site."
discovered:0c5b4fb1-93ac-499f-a606-9c577874e630,75047a41-cc7a-431e-99fb-48f0dc5f9a2b,555,NURTURE,,50.8,HIGH,"Closest client patterns: Alarm and security services, Industrial services. Need signals: after hours coverage, emergency dispatch, on call escalation. Verification: license evidence, verified own site."
discovered:8a5c235a-ecbd-443f-8d10-81eeea1d8222,731ada5b-b80b-43bd-9265-7e1713dcc806,556,NURTURE,,50.8,MEDIUM,"Closest client patterns: Alarm and security services. Need signals: after hours coverage, emergency dispatch, on call escalation. Verification: verified own site."
discovered:0731d455-9155-4c66-a51e-3dbc08bc50d9,86eb2a90-2180-4794-831a-2a6aadbe7510,557,NURTURE,,50.8,LOW,"Closest client patterns: Home repair and trades, Behavioral health and counseling. Need signals: after hours coverage, appointment scheduling, emergency dispatch. Verification: verified own site."
discovered:03f5b3b0-fbfb-4591-9ad6-4c69457d98f7,714368ff-a836-406a-a054-d0b11e5402ea,558,NURTURE,,50.8,LOW,"Closest client patterns: Home repair and trades, Industrial services. Need signals: after hours coverage, appointment scheduling, emergency dispatch. Verification: verified own site."
discovered:86c7ec93-98ca-416c-ae9e-8bef6febeafd,f1673108-3aef-46c2-8823-2b987efd3305,559,NURTURE,,50.8,LOW,"Closest client patterns: Home repair and trades, Behavioral health and counseling. Need signals: after hours coverage, appointment scheduling, emergency dispatch. Verification: verified own site."
discovered:091ae1dd-1a68-4548-ae4a-5563afcd21cf,233017d8-2fe0-4956-b171-8924004e5d00,560,NURTURE,,50.8,LOW,"Closest client patterns: Religious organizations. Need signals: after hours coverage, appointment scheduling, bilingual demand. Verification: verified own site."
discovered:e3a899e5-f1ce-49a0-9956-0e0939860ab6,b5e21b50-f683-4209-b987-075b4eeb2c07,561,NURTURE,,50.7,MEDIUM,"Closest client patterns: Behavioral health and counseling. Need signals: after hours coverage, appointment scheduling, customer support. Verification: verified own site."
discovered:6347f53c-8092-48bd-82c8-1f84b27d1a8f,b1d08de3-0dce-4227-a73a-2e399087f60b,562,NURTURE,,50.7,LOW,"Closest client patterns: Mechanical and HVAC services, Industrial services. Need signals: after hours coverage, customer support, emergency dispatch. Verification: verified own site."
discovered:a1f70923-c73f-4190-9d43-7970b05adc0f,549b74c2-43bc-4e62-a7dc-efb3bf0515fe,563,NURTURE,,50.7,LOW,"Closest client patterns: Alarm and security services, Consumer services. Need signals: after hours coverage, emergency dispatch, on call escalation. Verification: verified own site."
discovered:48d86c3d-68db-4b74-b0ef-d1f7d2c92e1c,fa30847b-4ba7-4320-a6d6-b143bfa7dd42,564,NURTURE,,50.7,LOW,"Closest client patterns: Mechanical and HVAC services, Industrial services. Need signals: after hours coverage, customer support, emergency dispatch. Verification: verified own site."
discovered:7af04e87-6486-4264-9dd2-326bd02c03a1,d1686f94-d1a2-4043-b008-acfaf9652dba,565,NURTURE,,50.7,MEDIUM,"Closest client patterns: Home repair and trades, Behavioral health and counseling. Need signals: after hours coverage, appointment scheduling, emergency dispatch. Verification: verified own site."
discovered:1b3fe199-d4be-48e2-80bd-3a0070b132d2,445e22a9-8acb-468f-9867-c60a20f6b665,566,NURTURE,,50.6,LOW,"Closest client patterns: Industrial services, Mechanical and HVAC services. Need signals: after hours coverage, customer support, emergency dispatch. Verification: verified own site."
discovered:91b7aeea-bb87-4baf-9c8a-0d38d9f9d27d,22ff5868-abf1-4ba9-9dd2-398db542de38,567,NURTURE,,50.6,LOW,"Closest client patterns: Mechanical and HVAC services, Industrial services. Need signals: after hours coverage, customer support, emergency dispatch. Verification: verified own site."
discovered:71181d0e-0beb-48b1-9957-0da52497e0b4,16e3b544-0b37-419c-a069-012975559057,568,NURTURE,,50.6,LOW,"Closest client patterns: Home repair and trades, Behavioral health and counseling. Need signals: after hours coverage, appointment scheduling, emergency dispatch. Verification: verified own site."
discovered:85e22579-bb94-4f35-97c0-5808661e4cc7,7d6afe58-3691-4a96-82b5-98bbe59990a4,569,NURTURE,,50.6,MEDIUM,"Closest client patterns: Funeral services. Need signals: after hours coverage, customer support, on call escalation. Verification: verified own site."
discovered:efd1126e-36e4-4970-9da3-1816c1121c5f,8d568a0e-da23-404f-9214-3b75632709eb,570,NURTURE,,50.6,LOW,"Closest client patterns: Mechanical and HVAC services, Industrial services. Need signals: after hours coverage, customer support, emergency dispatch. Verification: verified own site."
discovered:19701746-bdb3-42cf-9a90-4d46447e0976,0788e124-86fe-4dd5-9f0c-37e246ecec76,571,NURTURE,,50.5,LOW,"Closest client patterns: Home repair and trades, Industrial services. Need signals: after hours coverage, appointment scheduling, emergency dispatch. Verification: license evidence, verified own site."
discovered:485b6e24-1a41-43f4-a196-a19d99c1450a,9d91ca2b-cde0-445a-81e6-93ffbc4b2b38,572,NURTURE,,50.5,LOW,"Closest client patterns: Home repair and trades, Behavioral health and counseling. Need signals: after hours coverage, appointment scheduling, emergency dispatch. Verification: verified own site."
discovered:2c3342e8-88c2-4b09-a20b-5ea2f025b3b6,590fc259-0932-4b56-88ab-14e68c113ac0,573,NURTURE,,50.5,LOW,"Closest client patterns: Home repair and trades, Behavioral health and counseling. Need signals: after hours coverage, appointment scheduling, emergency dispatch. Verification: verified own site."
discovered:2449c83e-eda9-42e7-9637-70a4c4b3c039,6cdf800b-70fc-4375-a4b3-c9644487b847,574,NURTURE,,50.5,LOW,"Closest client patterns: Home repair and trades, Behavioral health and counseling. Need signals: after hours coverage, appointment scheduling, emergency dispatch. Verification: verified own site."
discovered:15891132-d505-45ca-8ba7-4f963c1b728a,fe747c2c-30be-464e-94fa-d0878a473f46,575,NURTURE,,50.5,LOW,"Closest client patterns: Home repair and trades, Behavioral health and counseling. Need signals: after hours coverage, appointment scheduling, emergency dispatch. Verification: verified own site."
discovered:9496b7f9-5aa2-49ce-832c-6e8c0920e3c5,9afe86ea-0aca-4754-acdc-6c239605fe24,576,NURTURE,,50.5,LOW,"Closest client patterns: Industrial services, Municipal assistance. Need signals: after hours coverage, appointment scheduling, emergency dispatch. Verification: verified own site."
discovered:d5ba7b6f-d42c-441e-8743-6c6e1de2663e,735896e5-c84b-403d-8208-dff7c891ac41,577,NURTURE,,50.4,LOW,"Closest client patterns: Home repair and trades, Industrial services. Need signals: after hours coverage, appointment scheduling, emergency dispatch. Verification: license evidence, verified own site."
discovered:b6504b45-ce20-481c-a6f0-0d11bd3d0f25,0d75bc69-a1d1-40d7-9b88-6a35e97c1fef,578,NURTURE,,50.4,LOW,"Closest client patterns: Home repair and trades, Funeral services. Need signals: after hours coverage, appointment scheduling, emergency dispatch. Verification: license evidence, verified own site."
discovered:199243c6-4a92-4e0e-9d1b-5ed82e21b3e5,ecaabedf-ec06-4c09-ada3-ee437c9523fb,579,NURTURE,,50.4,HIGH,"Closest client patterns: Funeral services. Need signals: after hours coverage, customer support, on call escalation. Verification: verified own site."
discovered:f575ede7-3319-449d-bacf-95aba6876ce8,a5652b8b-71f0-456f-afa4-5dc66ffbb85e,580,NURTURE,,50.4,LOW,"Closest client patterns: Home repair and trades, Industrial services. Need signals: after hours coverage, appointment scheduling, emergency dispatch. Verification: verified own site."
discovered:56fb5352-271f-4a16-ac58-44d541a9a39c,ceb67de8-4aba-46b2-8d74-e9d340387614,581,NURTURE,,50.4,MEDIUM,"Closest client patterns: Alarm and security services. Need signals: after hours coverage, emergency dispatch, on call escalation. Verification: verified own site."
discovered:ac9b7efc-7aa4-469c-9cc3-f49aac221f86,edea84d5-be3c-4ad2-9c3e-4f8ce7c24a63,582,NURTURE,,50.4,LOW,"Closest client patterns: Home repair and trades, Behavioral health and counseling. Need signals: after hours coverage, appointment scheduling, emergency dispatch. Verification: verified own site."
discovered:5f72f77c-a3c6-4b6c-b15f-066f5ba73982,9c0db8ee-426f-4b54-bce2-3c4f38780ee4,583,NURTURE,,50.4,HIGH,"Closest client patterns: Legal services. Need signals: after hours coverage, appointment scheduling, customer support. Verification: verified own site."
discovered:3bd9b40c-a034-498c-8d5f-30018e42b64c,1f01ba8b-3f8a-4705-931c-ca6b412efb08,584,NURTURE,,50.3,MEDIUM,"Closest client patterns: Home repair and trades, Industrial services. Need signals: appointment scheduling, customer support, lead capture. Verification: license evidence, verified own site."
discovered:e56471e2-ce9c-4213-9ef4-edbaef02f9cf,78b07705-3fa6-47b1-a797-e759e8971e1f,585,NURTURE,,50.3,MEDIUM,"Closest client patterns: Legal services. Need signals: after hours coverage, appointment scheduling, customer support. Verification: license evidence, verified own site."
discovered:f487de24-0f1d-4c97-bd7e-fdeb7d0f80ce,dcac09a9-c39e-420c-b43e-225aa0808fca,586,NURTURE,,50.3,HIGH,"Closest client patterns: Funeral services. Need signals: after hours coverage, customer support, on call escalation. Verification: verified own site."
discovered:bfab5a8c-a458-401e-a2df-39a36cc67972,867d4e4a-dd2f-4846-ba08-3041140c0452,587,NURTURE,,50.3,LOW,"Closest client patterns: Home repair and trades, Industrial services. Need signals: after hours coverage, appointment scheduling, emergency dispatch. Verification: verified own site."
discovered:35f12a70-a404-4f20-8be8-bc4086034d80,23a66339-ca05-48eb-b7f0-195269c770a2,588,NURTURE,,50.3,LOW,"Closest client patterns: Mechanical and HVAC services, Industrial services. Need signals: after hours coverage, customer support, emergency dispatch. Verification: verified own site."
discovered:52d3ca83-5609-4e83-b07f-b752ca6bd493,4b9f577e-e70d-4cd6-bebc-676a8a5d5d0f,589,NURTURE,,50.3,MEDIUM,"Closest client patterns: Municipal public works, Home repair and trades. Need signals: after hours coverage, appointment scheduling, emergency dispatch. Verification: verified own site."
discovered:90387ae1-7b2f-4035-b52b-b4cc5caf039d,4cd87f87-cc9d-4cb8-b6cb-c005173c209e,590,NURTURE,,50.3,LOW,"Closest client patterns: Religious organizations. Need signals: after hours coverage, appointment scheduling, bilingual demand. Verification: verified own site."
discovered:c56223e0-7af5-47d1-8425-c32a1cf2d607,0752b537-c437-432f-9fb0-bb8ae6fcdfee,591,NURTURE,,50.3,HIGH,"Closest client patterns: Behavioral health and counseling. Need signals: after hours coverage, appointment scheduling, customer support. Verification: verified own site."
discovered:8e1dff9b-4a06-491e-824c-0db0e61138b7,64ea0a6a-8ac3-4382-bae8-1997fea0746d,592,NURTURE,,50.3,MEDIUM,"Closest client patterns: Behavioral health and counseling. Need signals: after hours coverage, appointment scheduling, customer support. Verification: verified own site."
discovered:05f63e83-009c-4c3d-a1d1-9b75de50b0a5,5668c7ec-b3ab-4935-a58b-61513b93faba,593,NURTURE,,50.2,LOW,"Closest client patterns: Industrial services, Municipal public works. Need signals: after hours coverage, customer support, emergency dispatch. Verification: license evidence, verified own site."
discovered:84c22c47-0cd0-4922-ac57-9de37e173183,16053952-9feb-4a60-a2d7-e991b5dae0ab,594,NURTURE,,50.2,LOW,"Closest client patterns: Home repair and trades, Industrial services. Need signals: after hours coverage, appointment scheduling, emergency dispatch. Verification: verified own site."
discovered:f3ad48ec-62f8-4212-80b6-5eb037e148d8,5328da5c-4017-4441-b0d2-fe8d83684e17,595,NURTURE,,50.2,LOW,"Closest client patterns: Home repair and trades, Behavioral health and counseling. Need signals: after hours coverage, appointment scheduling, emergency dispatch. Verification: verified own site."
discovered:d4c492c6-d2a5-43b2-a1d5-7e1c0d9be876,6f6cf184-00c1-4279-bb4d-94386503ad9d,596,NURTURE,,50.2,LOW,"Closest client patterns: Home repair and trades, Funeral services. Need signals: after hours coverage, appointment scheduling, emergency dispatch. Verification: verified own site."
discovered:af68ad54-9c73-4e9b-a841-d8352aba2e4c,ed1dd54c-f74a-442e-91d7-b6b153df0446,597,NURTURE,,50.2,LOW,"Closest client patterns: Home repair and trades, Behavioral health and counseling. Need signals: after hours coverage, appointment scheduling, emergency dispatch. Verification: verified own site."
discovered:54c909b8-96f4-435f-858e-5ccc92f3d2e5,0480e82d-a511-439d-86b3-1929d6b02000,598,NURTURE,,50.2,HIGH,"Closest client patterns: Property management and real estate. Need signals: after hours coverage, customer support, emergency dispatch. Verification: verified own site."
discovered:06233d6d-a2be-425a-80a2-5701ddfc02e0,ba54e615-d14d-48e8-9c9a-398af58fe154,599,NURTURE,,50.2,LOW,"Closest client patterns: Home repair and trades, Behavioral health and counseling. Need signals: after hours coverage, appointment scheduling, emergency dispatch. Verification: verified own site."
discovered:147e3655-c63a-43bb-8bb0-306db665937c,22194f89-95ee-4af4-85a3-90cba86e2953,600,NURTURE,,50.1,MEDIUM,"Closest client patterns: Alarm and security services. Need signals: after hours coverage, emergency dispatch, on call escalation. Verification: license evidence, verified own site."
discovered:fb272604-2cd5-4f1e-85f4-d5be497c7d5f,100a9d75-b136-4728-9778-6225c3fb7b8f,601,NURTURE,,50.1,MEDIUM,"Closest client patterns: Alarm and security services, Consumer services. Need signals: after hours coverage, emergency dispatch, on call escalation. Verification: verified own site."
discovered:9b13dcbc-84ec-478f-bc70-e6285ad1af95,77b1bad1-6ffd-474a-92dc-65635f6d5901,602,NURTURE,,50.1,HIGH,"Closest client patterns: Behavioral health and counseling. Need signals: after hours coverage, appointment scheduling, customer support. Verification: verified own site."
discovered:547cf821-5733-49c7-947d-3a4b6599c494,9ffde49e-65cf-4d86-a33a-84497e2bfbb5,603,NURTURE,,50.0,LOW,"Closest client patterns: Home repair and trades, Behavioral health and counseling. Need signals: after hours coverage, appointment scheduling, emergency dispatch. Verification: license evidence, verified own site."
discovered:71f42766-1224-4ac5-9f47-31f3a2d9136b,d0b198e0-48c9-4b25-840e-f4b98d6d23ec,604,NURTURE,,50.0,LOW,"Closest client patterns: Home repair and trades, Industrial services. Need signals: after hours coverage, appointment scheduling, emergency dispatch. Verification: license evidence, verified own site."
discovered:41b7af79-bd36-4cdd-95e5-7a73275d4d23,ef53add6-a59a-493d-8e14-7cec30324d3b,605,NURTURE,,50.0,LOW,"Closest client patterns: Home repair and trades, Industrial services. Need signals: after hours coverage, appointment scheduling, emergency dispatch. Verification: license evidence, verified own site."
discovered:d51ea595-c83f-47ba-b9ba-055caf32b9a6,67aabc70-e2f5-4eaf-917e-d67aa2bfd233,606,NURTURE,,50.0,MEDIUM,"Closest client patterns: Alarm and security services. Need signals: after hours coverage, emergency dispatch, on call escalation. Verification: verified own site."
discovered:fbad18c6-a1c0-4294-9e58-d3cda391ac61,7c1e1db8-bcd3-4674-b083-66e08cc21d85,607,NURTURE,,50.0,LOW,"Closest client patterns: Home repair and trades, Behavioral health and counseling. Need signals: after hours coverage, appointment scheduling, emergency dispatch. Verification: verified own site."
discovered:1b2863db-83b3-4dd5-9347-1a9772cd4a46,f062a526-658d-476c-a86f-19c1cc5178b4,608,NURTURE,,50.0,LOW,"Closest client patterns: Industrial services, Mechanical and HVAC services. Need signals: after hours coverage, customer support, emergency dispatch. Verification: verified own site."
discovered:2cfc8b99-2a15-4f72-9296-4455321e37b3,30e78e17-def9-4507-96d4-c8a1441370ff,609,NURTURE,,50.0,MEDIUM,"Closest client patterns: Alarm and security services, Consumer services. Need signals: after hours coverage, emergency dispatch, on call escalation. Verification: verified own site."
discovered:ced23b6e-e7c1-44dd-b3f8-d9c961564e88,e56f6589-9878-4f98-beba-e75f23605909,610,NURTURE,,50.0,LOW,"Closest client patterns: Home repair and trades, Behavioral health and counseling. Need signals: after hours coverage, appointment scheduling, emergency dispatch. Verification: verified own site."
discovered:1f7d9125-82c8-44b9-bcb2-d1bf7453e1c7,f9a539d7-20b7-4963-9052-acc077319eae,611,NURTURE,,50.0,HIGH,"Closest client patterns: Funeral services. Need signals: after hours coverage, customer support, on call escalation. Verification: verified own site."
discovered:39006668-6dac-4587-9933-db26dfe5df62,7aa76b3c-2c3f-4087-84ae-103d8be01ec0,612,NURTURE,,50.0,MEDIUM,"Closest client patterns: Alarm and security services, Consumer services. Need signals: after hours coverage, emergency dispatch, on call escalation. Verification: verified own site."
discovered:b162dfcb-c496-4d03-8452-80d438a5b78c,4a56ae7c-8d62-4837-a07a-47eb8c453091,613,NURTURE,,50.0,LOW,"Closest client patterns: Home repair and trades, Industrial services. Need signals: after hours coverage, appointment scheduling, emergency dispatch. Verification: verified own site."
discovered:551f53c5-2036-44b1-bf9e-3e3369901cf1,2f7d5c81-623b-4bdf-ab33-587a735816b2,614,NURTURE,,49.9,LOW,"Closest client patterns: Home repair and trades, Behavioral health and counseling. Need signals: after hours coverage, appointment scheduling, emergency dispatch. Verification: verified own site."
discovered:16dffb5b-9006-473f-9128-3f1e198956f3,3031fb73-59a3-4cd4-9f11-4a22cf6de925,615,NURTURE,,49.9,LOW,"Closest client patterns: Home repair and trades, Industrial services. Need signals: after hours coverage, appointment scheduling, emergency dispatch. Verification: verified own site."
discovered:58fe90d7-29b6-43c2-a4cd-b94dfad54c12,23ee339d-a7b7-46d5-b0a1-69e2e0dfbdee,616,NURTURE,,49.9,MEDIUM,"Closest client patterns: Alarm and security services, IT and technical services. Need signals: after hours coverage, emergency dispatch, on call escalation. Verification: verified own site."
discovered:971d0a86-3281-44da-a186-4df92f415524,11036c53-a128-42e8-84aa-2ecc9abd93cd,617,NURTURE,,49.9,LOW,"Closest client patterns: Home repair and trades, Behavioral health and counseling. Need signals: after hours coverage, appointment scheduling, emergency dispatch. Verification: verified own site."
discovered:4117cd43-b57c-4a5a-9588-36111bc736e0,f5ab9520-a7f4-4407-b33d-71a8fddd0c2f,618,NURTURE,,49.9,HIGH,"Closest client patterns: Consumer services, Elevator services. Need signals: after hours coverage, appointment scheduling, on call escalation. Verification: verified own site."
discovered:8a2b868a-31f4-4635-b30f-40d09690a2d2,d7432989-f577-44ae-9a2a-3b597b62e4f5,619,NURTURE,,49.9,LOW,"Closest client patterns: Municipal public works, Industrial services. Need signals: after hours coverage, customer support, emergency dispatch. Verification: verified own site."
discovered:8d0c09e3-b225-4fc8-8dfb-71a7150ac8d4,564de931-7960-4964-853d-e08b8269e507,620,NURTURE,,49.9,LOW,"Closest client patterns: Home repair and trades, Funeral services. Need signals: after hours coverage, appointment scheduling, emergency dispatch. Verification: verified own site."
discovered:b004d2b4-4352-475d-b454-87f488998e18,91d36af0-2a3a-4063-8028-a115d6ead122,621,NURTURE,,49.8,MEDIUM,"Closest client patterns: Behavioral health and counseling, Funeral services. Need signals: after hours coverage, appointment scheduling, customer support. Verification: T4, Google Business Profile, verified own site."
discovered:5ddda4de-e2b2-432b-aad4-832242485a8e,bb3331cb-8009-4316-bf0b-29dfcc686f94,622,NURTURE,,49.8,MEDIUM,"Closest client patterns: Alarm and security services. Need signals: after hours coverage, emergency dispatch, on call escalation. Verification: verified own site."
discovered:0d50be33-57e6-46a1-a750-f1a718afcc90,01785a1d-a303-4977-a0f9-351091d80ed1,623,NURTURE,,49.8,LOW,"Closest client patterns: Home repair and trades, Behavioral health and counseling. Need signals: after hours coverage, appointment scheduling, emergency dispatch. Verification: verified own site."
discovered:2cc1a54a-fa7f-4363-8fe6-eb64dc30a011,a4f83f08-252e-4892-83b7-f3775364a33e,624,NURTURE,,49.8,MEDIUM,"Closest client patterns: Religious organizations. Need signals: after hours coverage, appointment scheduling, bilingual demand. Verification: verified own site."
discovered:35ca6def-e513-48c0-8ebe-8983447266bd,9c7fa644-6e39-42d3-9fd6-a94495f18192,625,NURTURE,,49.8,MEDIUM,"Closest client patterns: Funeral services. Need signals: after hours coverage, customer support, on call escalation. Verification: verified own site."
discovered:7828f40d-d931-4e63-bedb-0edccabd3f09,2277e96d-ca1d-44b9-b191-1ec94c24d2d6,626,NURTURE,,49.7,LOW,"Closest client patterns: Home repair and trades, Industrial services. Need signals: after hours coverage, appointment scheduling, emergency dispatch. Verification: license evidence, verified own site."
discovered:b232c870-1a25-4a76-8bbc-9bcf83819cb5,c4a7eab7-fe16-442e-9e71-45a1ef3d7501,627,NURTURE,,49.7,LOW,"Closest client patterns: Home repair and trades, Industrial services. Need signals: after hours coverage, appointment scheduling, emergency dispatch. Verification: license evidence, verified own site."
discovered:8ed5c547-9241-48e0-8fce-5414270ba139,026d79a8-4f50-4d9e-b8f0-4e0ecdd70485,628,NURTURE,,49.7,LOW,"Closest client patterns: Home repair and trades, Industrial services. Need signals: after hours coverage, appointment scheduling, emergency dispatch. Verification: verified own site."
discovered:dfffd970-1cb2-4f36-bdea-d2243f399b7d,3fcc6855-f89b-49d7-8888-0f69d5c87e06,629,NURTURE,,49.7,LOW,"Closest client patterns: Mechanical and HVAC services, Industrial services. Need signals: after hours coverage, customer support, emergency dispatch. Verification: verified own site."
discovered:408f1fc9-3bda-4f43-b71c-094e22e1b499,1edd1896-a11c-4a97-b155-cd4408e95aee,630,NURTURE,,49.7,LOW,"Closest client patterns: Mechanical and HVAC services, Industrial services. Need signals: after hours coverage, customer support, emergency dispatch. Verification: verified own site."
discovered:52620ed9-263b-4b98-a098-7893a23377a2,f2d7f75a-b452-4efc-bdac-ac0bc4765d1b,631,NURTURE,,49.7,LOW,"Closest client patterns: Home repair and trades, Behavioral health and counseling. Need signals: after hours coverage, appointment scheduling, emergency dispatch. Verification: verified own site."
discovered:d04cfb49-0713-48eb-8636-550049cc6828,11bcdcb7-7bfa-4715-8d45-d7d714492f17,632,NURTURE,,49.7,LOW,"Closest client patterns: Mechanical and HVAC services, Dental services. Need signals: after hours coverage, emergency dispatch, on call escalation. Verification: verified own site."
discovered:cb1fb140-0d08-4ceb-9030-23ccfe7d9b74,5950d463-211a-4a14-8a31-b827e8343055,633,NURTURE,,49.7,LOW,"Closest client patterns: Industrial services, Landscaping services. Need signals: after hours coverage, emergency dispatch, on call escalation. Verification: verified own site."
discovered:b720ca4f-cb37-41b0-84da-9733e0aadc89,74ee5b9a-e861-4a58-913e-1ca0ac5f4356,634,NURTURE,,49.7,MEDIUM,"Closest client patterns: Alarm and security services. Need signals: after hours coverage, emergency dispatch, on call escalation. Verification: verified own site."
discovered:7c88f99a-9198-4f5a-8f97-540f60da2b9a,be7c12ab-f57b-484d-9d41-162a52fd396a,635,NURTURE,,49.6,LOW,"Closest client patterns: Behavioral health and counseling, Funeral services. Need signals: after hours coverage, appointment scheduling, customer support. Verification: verified own site."
discovered:f666b453-ea1b-4bbb-b3fa-08fbef61121d,d449b40e-8e50-4fa5-a52c-8b8238b66296,636,NURTURE,,49.6,LOW,"Closest client patterns: Home repair and trades, Industrial services. Need signals: after hours coverage, appointment scheduling, emergency dispatch. Verification: verified own site."
discovered:39a57a4f-99b3-47f6-91dd-cbf036f7076f,f0d72157-0f03-4e19-93b5-aa12980db434,637,NURTURE,,49.6,MEDIUM,"Closest client patterns: Alarm and security services. Need signals: after hours coverage, emergency dispatch, on call escalation. Verification: verified own site."
discovered:b74d4684-11ea-45bb-80dd-dad15b40c9f7,b2728e29-c849-47c4-8e5f-328850f0d69f,638,NURTURE,,49.6,MEDIUM,"Closest client patterns: Legal services. Need signals: after hours coverage, appointment scheduling, customer support. Verification: verified own site."
discovered:2e972cc7-4739-492c-8760-c969be43bfae,f352cf12-c511-4bec-9318-19aead50f82f,639,NURTURE,,49.6,MEDIUM,"Closest client patterns: Mechanical and HVAC services, Industrial services. Need signals: after hours coverage, customer support, emergency dispatch. Verification: verified own site."
discovered:e8b73d88-8ce6-4442-90a9-f821e7fe72bb,158d81ce-905f-467f-b6ec-fa595992d367,640,NURTURE,,49.6,MEDIUM,"Closest client patterns: Alarm and security services. Need signals: after hours coverage, emergency dispatch, on call escalation. Verification: verified own site."
discovered:8813dc37-4871-49fa-91b7-30493028ade8,217407d0-b6e8-4453-b5c5-589a867dfceb,641,NURTURE,,49.5,LOW,"Closest client patterns: Home repair and trades, Behavioral health and counseling. Need signals: after hours coverage, appointment scheduling, emergency dispatch. Verification: license evidence, verified own site."
discovered:1f8aee76-4d85-413e-8227-8031fd1d4652,8240f5ce-ec8b-4ae8-9d3c-5b248d033c9a,642,NURTURE,,49.5,MEDIUM,"Closest client patterns: Alarm and security services. Need signals: after hours coverage, emergency dispatch, on call escalation. Verification: verified own site."
discovered:812bf7fb-f4c7-4a74-92b3-7ec0e9eea44f,d4fcad4c-741b-4d24-9abb-7e4d25a1eac6,643,NURTURE,,49.5,MEDIUM,"Closest client patterns: Alarm and security services. Need signals: after hours coverage, emergency dispatch, on call escalation. Verification: verified own site."
discovered:90747633-8139-4d4c-9de8-d87f56528af6,3f41b3b1-425f-4f9c-82a6-594b1b24a96c,644,NURTURE,,49.4,LOW,"Closest client patterns: Home repair and trades, Industrial services. Need signals: after hours coverage, appointment scheduling, emergency dispatch. Verification: verified own site."
discovered:58f7164a-9625-456f-ae2e-94e78e6dfd85,2748f7b7-8638-40d3-85b5-05c08e8164b2,645,NURTURE,,49.4,MEDIUM,"Closest client patterns: Alarm and security services. Need signals: after hours coverage, emergency dispatch, on call escalation. Verification: verified own site."
discovered:10222b9d-e031-4ace-b403-45f4c6ced5b5,77793705-e686-4f1d-97b6-34908a99f001,646,NURTURE,,49.4,LOW,"Closest client patterns: Alarm and security services, Consumer services. Need signals: after hours coverage, emergency dispatch, on call escalation. Verification: verified own site."
discovered:34fff2da-808b-45fa-9f2a-4d4764b29657,19c8d446-911c-40c4-9fe8-e049dfc8f30b,647,NURTURE,,49.4,LOW,"Closest client patterns: Home repair and trades, Behavioral health and counseling. Need signals: after hours coverage, appointment scheduling, emergency dispatch. Verification: verified own site."
discovered:8e3fd55a-33fb-42ae-a660-d4c33fd15dc3,0ba2ef99-c2af-472e-a928-a051de2f3f86,648,NURTURE,,49.4,MEDIUM,"Closest client patterns: Alarm and security services. Need signals: after hours coverage, emergency dispatch, on call escalation. Verification: verified own site."
discovered:50812281-a27d-4bbd-873c-6ce806299fe3,cf36d346-f9b4-4fdf-8ba0-c679f8a0abc8,649,NURTURE,,49.4,LOW,"Closest client patterns: Alarm and security services, Consumer services. Need signals: after hours coverage, emergency dispatch, on call escalation. Verification: verified own site."
discovered:5a3d138f-1b07-4cbf-81b3-ea16e0a90624,4b7dea16-114e-453c-9da4-b044c010d6de,650,NURTURE,,49.3,MEDIUM,"Closest client patterns: Alarm and security services. Need signals: after hours coverage, emergency dispatch, on call escalation. Verification: verified own site."
discovered:a0fbb9fb-1ebf-462a-a3cb-4f45933af1fa,cc85a2d9-5ac9-4822-a230-7d584524c0e1,651,NURTURE,,49.3,LOW,"Closest client patterns: Home repair and trades, Industrial services. Need signals: after hours coverage, appointment scheduling, emergency dispatch. Verification: verified own site."
discovered:feec7a38-a208-4885-af21-8732f75e35ac,4e03fa1a-b0a9-49fe-bdbe-14df96e80db1,652,NURTURE,,49.3,MEDIUM,"Closest client patterns: Alarm and security services. Need signals: after hours coverage, emergency dispatch, on call escalation. Verification: verified own site."
discovered:3866305c-cca0-4afa-b17e-8ac7b216ea01,f793aaaf-5ae7-4baf-93fe-9654839e0e31,653,NURTURE,,49.3,MEDIUM,"Closest client patterns: Funeral services, Elevator services. Need signals: after hours coverage, appointment scheduling, multi location routing. Verification: verified own site."
discovered:6b7fa1e5-ef38-48c7-ab6d-4b862aaf5a37,f28cf4ed-a95f-4092-99de-7f2288a6ffc0,654,NURTURE,,49.3,MEDIUM,"Closest client patterns: Alarm and security services. Need signals: after hours coverage, emergency dispatch, on call escalation. Verification: verified own site."
discovered:b0478c3f-8d60-4728-8fd7-01de5b8636b9,af2d5386-6391-4f57-a6e1-21b36fb55408,655,NURTURE,,49.3,LOW,"Closest client patterns: Alarm and security services, Consumer services. Need signals: after hours coverage, emergency dispatch, on call escalation. Verification: verified own site."
discovered:53c0b70f-302a-40a1-a0d0-597a0d1c9cc3,b9a9be08-309f-40ca-ae49-edbe7a97d649,656,NURTURE,,49.3,LOW,"Closest client patterns: Mechanical and HVAC services, Industrial services. Need signals: after hours coverage, customer support, emergency dispatch. Verification: verified own site."
discovered:3755eb81-2f6e-4a0f-82dd-a59635bd6f1b,0ca728c5-06f0-4849-99ac-0ed5ec9dbd1e,657,NURTURE,,49.3,LOW,"Closest client patterns: Alarm and security services, Consumer services. Need signals: after hours coverage, emergency dispatch, on call escalation. Verification: verified own site."
discovered:cc50e4cf-1f87-40ba-94bd-5449fee2d235,9efcbf7e-23bc-4657-8af8-deec1cac7fd0,658,NURTURE,,49.3,LOW,"Closest client patterns: Home repair and trades, Behavioral health and counseling. Need signals: after hours coverage, appointment scheduling, emergency dispatch. Verification: verified own site."
discovered:135cc724-a736-44aa-a483-dc71502a059e,315f5c9a-c81e-4986-ba43-6ae299cea3cd,659,NURTURE,,49.2,LOW,"Closest client patterns: Home repair and trades, Behavioral health and counseling. Need signals: after hours coverage, appointment scheduling, emergency dispatch. Verification: verified own site."
discovered:73d89e85-1056-461c-936a-4ba3b7ee01a8,eb356ca2-b8e2-4459-babb-ab276ae06be1,660,NURTURE,,49.2,MEDIUM,"Closest client patterns: Funeral services. Need signals: after hours coverage, customer support, on call escalation. Verification: verified own site."
discovered:ebcb4eaf-adec-46c3-886b-f1c7f77c0cd2,ef1622eb-f182-4a6e-89c8-d642c173a1ac,661,NURTURE,,49.2,HIGH,"Closest client patterns: Behavioral health and counseling, Healthcare providers. Need signals: after hours coverage, appointment scheduling, customer support. Verification: verified own site."
discovered:cbe48625-0b29-4ee1-9027-34e33d5c1bae,cfaf6f1f-0c3f-4fa3-96c5-73765938b5b6,662,NURTURE,,49.2,LOW,"Closest client patterns: Home repair and trades, Behavioral health and counseling. Need signals: after hours coverage, appointment scheduling, emergency dispatch. Verification: verified own site."
discovered:103b3c86-eb96-43d3-8c83-a6a8e1df4077,86dbac42-49c1-40c4-ad78-41491c88ffbd,663,NURTURE,,49.1,MEDIUM,"Closest client patterns: Behavioral health and counseling, Funeral services. Need signals: after hours coverage, appointment scheduling, customer support. Verification: T4, Google Business Profile, verified own site."
discovered:9f1162f0-15c7-4242-934f-db724a27b56a,c12bd522-3af2-4ae9-8698-a3d61ee6b5d7,664,NURTURE,,49.1,LOW,"Closest client patterns: Home repair and trades, Industrial services. Need signals: after hours coverage, appointment scheduling, emergency dispatch. Verification: license evidence, verified own site."
discovered:93c2aae3-132f-4da0-9e10-d16fb47602cf,d38ff32b-4ffd-4f96-b480-fc1f3cd36f23,665,NURTURE,,49.1,MEDIUM,"Closest client patterns: Alarm and security services. Need signals: after hours coverage, emergency dispatch, on call escalation. Verification: verified own site."
discovered:41574da1-cc07-48f5-bea9-87015c330a10,b1788af3-6546-4cfa-bae3-f3a9b9a5abb4,666,NURTURE,,49.1,LOW,"Closest client patterns: Home repair and trades, Industrial services. Need signals: after hours coverage, appointment scheduling, emergency dispatch. Verification: verified own site."
discovered:9db4260d-5cc0-47ee-b07c-53200ab0e685,6a8cb94a-7658-44f8-8986-b3a9bd5caa0d,667,NURTURE,,49.1,MEDIUM,"Closest client patterns: Alarm and security services. Need signals: after hours coverage, emergency dispatch, on call escalation. Verification: verified own site."
discovered:ee26b9e6-ec74-41ac-8bec-467b6dcb19d0,8a5b692c-0843-49fa-9a6e-1f7946b8e244,668,NURTURE,,49.1,LOW,"Closest client patterns: Alarm and security services, Consumer services. Need signals: after hours coverage, emergency dispatch, on call escalation. Verification: verified own site."
discovered:80141386-8b98-4002-91e4-db2112045933,c15f4491-0bb9-4e8d-b2fc-70b8509e9fb2,669,NURTURE,,49.1,LOW,"Closest client patterns: Home repair and trades, Behavioral health and counseling. Need signals: after hours coverage, appointment scheduling, emergency dispatch. Verification: verified own site."
discovered:29a9a7ef-2086-4b07-9423-02a0481cb9ba,9cb07e9d-0bf2-4698-b98e-43c4d071265c,670,NURTURE,,49.1,LOW,"Closest client patterns: Alarm and security services, Consumer services. Need signals: after hours coverage, emergency dispatch, on call escalation. Verification: verified own site."
discovered:de25e1b2-4768-4141-adf1-01cb944a2fac,75dd1bc1-f89a-4708-b464-7b4d358b2610,671,NURTURE,,49.0,LOW,"Closest client patterns: Consumer services, Alarm and security services. Need signals: after hours coverage, emergency dispatch, on call escalation. Verification: license evidence, verified own site."
discovered:4be36493-9a5b-4446-b0f6-326e11841a76,daaf88b1-b494-490b-b9f6-6ba09a08d64c,672,NURTURE,,49.0,MEDIUM,"Closest client patterns: Alarm and security services. Need signals: after hours coverage, emergency dispatch, on call escalation. Verification: verified own site."
discovered:cdc582ec-e5d8-4d27-bf1e-6b053a18bb57,625f2e1f-3257-45a1-a5f4-d4a4087c6680,673,NURTURE,,49.0,LOW,"Closest client patterns: Home repair and trades, Behavioral health and counseling. Need signals: after hours coverage, appointment scheduling, emergency dispatch. Verification: verified own site."
discovered:692e1980-4313-4286-b646-bf1f47f52870,5658f9a2-1346-4995-b126-5fb1e89459c7,674,NURTURE,,49.0,MEDIUM,"Closest client patterns: Alarm and security services. Need signals: after hours coverage, emergency dispatch, on call escalation. Verification: verified own site."
discovered:7e2c97f7-cd5b-4c02-8f9b-ccaa7f5de433,5b7eaca1-5fa3-4b78-b932-cd7c785b93b8,675,NURTURE,,49.0,LOW,"Closest client patterns: Funeral services. Need signals: after hours coverage, customer support, on call escalation. Verification: verified own site."
discovered:2b0ce7de-202c-4c07-a363-b90b8ff0dddd,a9e47f98-21ee-4e78-92ec-4ff88657c623,676,NURTURE,,49.0,MEDIUM,"Closest client patterns: Alarm and security services. Need signals: after hours coverage, emergency dispatch, on call escalation. Verification: verified own site."
discovered:f4ace4da-8d7b-4da2-a3e2-59aa2a10d4ca,3ea33438-f801-4e1e-bdb6-a3a56e08daf0,677,NURTURE,,49.0,LOW,"Closest client patterns: Mechanical and HVAC services, Industrial services. Need signals: after hours coverage, customer support, emergency dispatch. Verification: verified own site."
discovered:fe1745da-ddba-405d-a2a6-404138a34ebd,e4a66db6-e01c-4ad8-ad5a-db63ae3cf797,678,NURTURE,,49.0,LOW,"Closest client patterns: Alarm and security services, Consumer services. Need signals: after hours coverage, emergency dispatch, on call escalation. Verification: verified own site."
discovered:306c8f69-023f-4176-aced-e060a1d47c3e,fddca3a0-300d-4867-a68b-2c6e4080562f,679,NURTURE,,49.0,LOW,"Closest client patterns: Alarm and security services, Consumer services. Need signals: after hours coverage, emergency dispatch, on call escalation. Verification: verified own site."
discovered:67e44608-69e7-481d-9e5f-ae5679b89f69,9b34c8b3-3fc6-4dde-aa84-f83ec965bc44,680,NURTURE,,48.9,LOW,"Closest client patterns: Alarm and security services, Consumer services. Need signals: after hours coverage, emergency dispatch, on call escalation. Verification: verified own site."
discovered:7efc3eb5-c76c-4e13-969a-72c6c4645c6e,5e02b2cb-7d42-4ce9-8799-eb0dfd8812fd,681,NURTURE,,48.9,MEDIUM,"Closest client patterns: Consumer services, Elevator services. Need signals: after hours coverage, appointment scheduling, on call escalation. Verification: verified own site."
discovered:df45b4eb-a102-4c33-b5f8-bfab3d311fe5,b558cc07-5fbe-4018-93e4-284e61fc3f12,682,NURTURE,,48.9,LOW,"Closest client patterns: Alarm and security services, Consumer services. Need signals: after hours coverage, emergency dispatch, on call escalation. Verification: verified own site."
discovered:1ed14961-6164-4f98-8c4f-94c3cfc4d47b,445b9fb8-4653-4df9-9ad9-57d622f2e27e,683,NURTURE,,48.9,MEDIUM,"Closest client patterns: Alarm and security services. Need signals: after hours coverage, emergency dispatch, on call escalation. Verification: verified own site."
discovered:07e68a65-b3ad-4bf6-8e53-20eff9030ff6,fed6b876-bb3d-4ae8-97a8-87e5ec9edc5f,684,NURTURE,,48.9,HIGH,"Closest client patterns: Funeral services. Need signals: after hours coverage, customer support, on call escalation. Verification: verified own site."
discovered:a91b0628-4779-43ef-9135-6bcc938ba4b7,70d46637-c987-4562-8d47-3eae949d8aa7,685,NURTURE,,48.9,MEDIUM,"Closest client patterns: Alarm and security services. Need signals: after hours coverage, emergency dispatch, on call escalation. Verification: verified own site."
discovered:e824dc8f-0017-4db8-a61d-7937842e4379,b2baa9c3-fbb2-464f-912a-64d4fadca33e,686,NURTURE,,48.8,MEDIUM,"Closest client patterns: Behavioral health and counseling, Funeral services. Need signals: after hours coverage, appointment scheduling, customer support. Verification: T4, Google Business Profile, verified own site."
discovered:43fb78fa-06f2-42bc-ba61-b5c7fe6a633d,eb338f85-0f93-4655-beca-4bbd2267fae7,687,NURTURE,,48.8,MEDIUM,"Closest client patterns: Home repair and trades, Industrial services. Need signals: appointment scheduling, customer support, lead capture. Verification: verified own site."
discovered:f698840e-68ff-4a6c-8bd4-f2cb0a1fac39,8f7c1d6a-eea2-4164-aa96-b6fce7b0cd76,688,NURTURE,,48.8,LOW,"Closest client patterns: Religious organizations, Behavioral health and counseling. Need signals: after hours coverage, appointment scheduling, bilingual demand. Verification: verified own site."
discovered:16ca9f81-c299-451f-bc71-0ffce972cf8e,f3f96747-9b0f-42ff-9d33-0a9856eee07d,689,NURTURE,,48.7,MEDIUM,"Closest client patterns: Mechanical and HVAC services, Industrial services. Need signals: after hours coverage, appointment scheduling, emergency dispatch. Verification: license evidence, verified own site."
discovered:8bb50019-27aa-4078-b9c9-58f31c12379d,46334824-65ff-49bd-8941-c6a1104951ac,690,NURTURE,,48.7,MEDIUM,"Closest client patterns: Alarm and security services. Need signals: after hours coverage, emergency dispatch, on call escalation. Verification: verified own site."
discovered:4596f426-ee39-485e-8788-e504b93d3943,285d2c0b-fa5b-4df7-a0df-17ac87f97014,691,NURTURE,,48.7,LOW,"Closest client patterns: Home repair and trades, Behavioral health and counseling. Need signals: after hours coverage, appointment scheduling, emergency dispatch. Verification: verified own site."
discovered:9cdf16b2-4144-4dff-87e5-ff0302d84d42,a2445893-412c-48f0-ba5d-dd5171d90f37,692,NURTURE,,48.7,MEDIUM,"Closest client patterns: Alarm and security services. Need signals: after hours coverage, emergency dispatch, on call escalation. Verification: verified own site."
discovered:cb63afdd-0803-4603-87b0-36207bda4c2f,b22ddaa0-4894-4852-962b-3e1e315060b5,693,NURTURE,,48.7,LOW,"Closest client patterns: Mechanical and HVAC services, Municipal public works. Need signals: after hours coverage, appointment scheduling, emergency dispatch. Verification: verified own site."
discovered:f5dd33cd-0a93-484f-8b39-7e083e422cd4,fa5c6266-77d4-4a9a-ab8a-24c2caa794ea,694,NURTURE,,48.6,LOW,"Closest client patterns: Industrial services, Home repair and trades. Need signals: after hours coverage, appointment scheduling, emergency dispatch. Verification: verified own site."
discovered:1ecf79ae-fbbf-4734-949f-4f5612e70e8c,0b5894d5-6ebf-451a-8a45-7776f4b98c4e,695,NURTURE,,48.6,MEDIUM,"Closest client patterns: Alarm and security services. Need signals: after hours coverage, emergency dispatch, on call escalation. Verification: verified own site."
discovered:fd69e744-dac1-4ad3-80e1-00cefdc0016d,ebad475a-cbd9-4c69-a1fc-85144d14c861,696,NURTURE,,48.6,LOW,"Closest client patterns: Alarm and security services, Consumer services. Need signals: after hours coverage, emergency dispatch, on call escalation. Verification: verified own site."
discovered:562adccc-f190-42e4-941e-2ad79d69141f,b5e36d64-d2fa-42b1-a301-62fe4e515fc2,697,NURTURE,,48.5,LOW,"Closest client patterns: Alarm and security services, Consumer services. Need signals: after hours coverage, emergency dispatch, on call escalation. Verification: verified own site."
discovered:5c8d4085-d759-4a6c-90d9-cc0c664e1841,b675764f-d77b-4b11-9130-621a48ba1bf6,698,NURTURE,,48.5,LOW,"Closest client patterns: Industrial services, Home repair and trades. Need signals: after hours coverage, appointment scheduling, emergency dispatch. Verification: verified own site."
discovered:b80d14f8-bad1-4f25-97ec-2cd92b2e5448,88ebaebb-99d1-4d56-9f53-07957e669661,699,NURTURE,,48.5,MEDIUM,"Closest client patterns: Alarm and security services. Need signals: after hours coverage, emergency dispatch, on call escalation. Verification: verified own site."
discovered:fd0af9f2-125c-451e-b5a9-efbf824420e0,2dc9e77e-4163-4a8b-b9bc-5216e6f51977,700,NURTURE,,48.5,LOW,"Closest client patterns: Alarm and security services, Consumer services. Need signals: after hours coverage, emergency dispatch, on call escalation. Verification: verified own site."
discovered:7812c17e-ec20-4695-8fb3-4d699d022c77,e5c47f02-a7a2-426f-b464-530aa0ea1bd3,701,NURTURE,,48.5,MEDIUM,"Closest client patterns: Industrial services, Home repair and trades. Need signals: appointment scheduling, customer support, lead capture. Verification: verified own site."
discovered:9eacb502-c2cf-4d7e-ab2c-74f21868086e,14a0a91a-9d9d-4576-8cb0-0de56ae94252,702,NURTURE,,48.4,LOW,"Closest client patterns: Alarm and security services, Consumer services. Need signals: after hours coverage, emergency dispatch, on call escalation. Verification: verified own site."
discovered:7d8983a0-800b-4440-a571-0f26d07c0c0d,a86f895c-e863-4347-aa73-1769da1c289e,703,NURTURE,,48.4,MEDIUM,"Closest client patterns: Home repair and trades, Behavioral health and counseling. Need signals: after hours coverage, appointment scheduling, emergency dispatch. Verification: verified own site."
discovered:b93e1e2b-5e42-4011-ab7c-28b0116ef413,089efd1f-a3c8-4e26-8f80-c7e3f31062ba,704,NURTURE,,48.4,MEDIUM,"Closest client patterns: Alarm and security services. Need signals: after hours coverage, emergency dispatch, on call escalation. Verification: verified own site."
discovered:d30acc28-22c7-42eb-9d4e-5a2d7fc514de,13717698-a0a7-4f4a-aa41-ab48da8ce9a5,705,NURTURE,,48.4,MEDIUM,"Closest client patterns: Alarm and security services. Need signals: after hours coverage, emergency dispatch, on call escalation. Verification: verified own site."
discovered:0bca8ea9-542d-4d93-a07a-b3977d6182f4,cc023379-e5b2-4291-b437-4d75eb405f23,706,NURTURE,,48.2,LOW,"Closest client patterns: Religious organizations, Behavioral health and counseling. Need signals: after hours coverage, appointment scheduling, bilingual demand. Verification: verified own site."
discovered:09026faa-463d-4d50-8f26-cba2a7de892b,9c357ea2-eee9-4d56-a14e-4384711bb8c6,707,NURTURE,,48.2,MEDIUM,"Closest client patterns: Mechanical and HVAC services, Industrial services. Need signals: after hours coverage, customer support, emergency dispatch. Verification: verified own site."
discovered:fa6403de-a92c-4ee2-b16d-7fdd87cad6cd,16f42fa5-85e4-4948-a561-73e54bb5c102,708,NURTURE,,48.1,HIGH,"Closest client patterns: Property management and real estate. Need signals: after hours coverage, customer support, emergency dispatch. Verification: license evidence, verified own site."
discovered:d4d2a514-bbdd-4065-8c38-1ee9472018ac,73111788-c5bd-4474-9185-c49fed2719b7,709,NURTURE,,48.1,LOW,"Closest client patterns: Industrial services, Home repair and trades. Need signals: after hours coverage, appointment scheduling, emergency dispatch. Verification: verified own site."
discovered:1bf7ac15-33c6-4674-8d2b-8b426ad3bbf3,bd922b4b-c8a8-4295-b7e8-8a5e61929d30,710,NURTURE,,48.1,MEDIUM,"Closest client patterns: Mechanical and HVAC services, Home repair and trades. Need signals: after hours coverage, emergency dispatch, lead capture. Verification: verified own site."
discovered:8888ac1f-a3c4-4505-8db4-921a6467ae61,3449a697-8914-409e-bcef-3dbaa8ee064c,711,NURTURE,,48.1,LOW,"Closest client patterns: Home repair and trades, Behavioral health and counseling. Need signals: after hours coverage, appointment scheduling, emergency dispatch. Verification: verified own site."
discovered:5615487e-9c13-48a1-9b20-c2fd12d74190,05d333ff-595b-439d-b531-75121cf83388,712,NURTURE,,48.1,HIGH,"Closest client patterns: Behavioral health and counseling. Need signals: after hours coverage, appointment scheduling, customer support. Verification: verified own site."
discovered:838464ae-eaf5-4f03-a84c-403eac47434f,6a2d54d8-5744-4bbb-811b-129d3356771c,713,NURTURE,,48.1,LOW,"Closest client patterns: Industrial services, Mechanical and HVAC services. Need signals: after hours coverage, customer support, emergency dispatch. Verification: verified own site."
discovered:2e70a68f-2798-47b1-a640-d3b54209e4d4,93c1e059-404e-445b-9e1d-4d85022e0163,714,NURTURE,,48.1,LOW,"Closest client patterns: Religious organizations, Behavioral health and counseling. Need signals: after hours coverage, appointment scheduling, bilingual demand. Verification: verified own site."
discovered:514df540-6e6c-4286-b4c7-1774e1abb9b7,9fe3d0fd-2906-4baa-97af-bd394adbaa33,715,NURTURE,,48.1,MEDIUM,"Closest client patterns: Funeral services. Need signals: after hours coverage, customer support, on call escalation. Verification: verified own site."
official:a20c9e83-2759-4772-a8f3-c109c6512848,fcd4cdf5-25f8-47cd-853b-b55fb92cd523,716,NURTURE,,48.0,MEDIUM,"Closest client patterns: Mechanical and HVAC services. Need signals: after hours coverage, appointment scheduling, emergency dispatch. Verification: T4, Google Business Profile, verified own site."
discovered:132685fa-de92-4a14-b691-b12dd816814a,827f5b40-0da1-41a9-839c-6584fba44d11,717,NURTURE,,48.0,HIGH,"Closest client patterns: Funeral services. Need signals: after hours coverage, customer support, on call escalation. Verification: license evidence, verified own site."
discovered:62a0a928-eef9-4e1f-877c-29d3cc894989,508e2451-26c6-41c1-94da-66e7b2b4d978,718,NURTURE,,48.0,LOW,"Closest client patterns: Industrial services, Home repair and trades. Need signals: after hours coverage, appointment scheduling, emergency dispatch. Verification: verified own site."
discovered:d0011578-1b61-470b-b2f5-bef04bd52105,fccbc7e7-9865-4a48-b62b-bef453935ad4,719,NURTURE,,48.0,LOW,"Closest client patterns: Industrial services, Home repair and trades. Need signals: after hours coverage, appointment scheduling, emergency dispatch. Verification: verified own site."
discovered:709ab047-ab1f-47e4-b8c5-e7ca9c177550,471df5cc-7c53-4e1e-aaec-7a29d4c2b82a,720,NURTURE,,48.0,MEDIUM,"Closest client patterns: Alarm and security services. Need signals: after hours coverage, emergency dispatch, on call escalation. Verification: verified own site."
discovered:f19b593f-2a22-4956-ab38-80db85ab9e7e,6034dcfa-175b-4dd7-976e-7542f5adf617,721,NURTURE,,48.0,LOW,"Closest client patterns: Alarm and security services, Consumer services. Need signals: after hours coverage, emergency dispatch, on call escalation. Verification: verified own site."
discovered:11358eae-955a-41f1-84cc-86f93ce641d4,c47b27a3-da61-40d9-a685-0526a5f8fba3,722,NURTURE,,48.0,MEDIUM,"Closest client patterns: Funeral services. Need signals: after hours coverage, customer support, on call escalation. Verification: verified own site."
discovered:6242448b-544a-4719-92db-2cdb1bb0fdd7,5c704a0c-7770-4f35-a07f-23af8fc27895,723,NURTURE,,47.9,HIGH,"Closest client patterns: Funeral services. Need signals: after hours coverage, customer support, on call escalation. Verification: license evidence, verified own site."
discovered:9f3020b0-8e75-4c30-97f5-cc509adac559,fab4c99f-e68d-4ad8-8764-3b5d8c4d1ef3,724,NURTURE,,47.9,LOW,"Closest client patterns: Industrial services, Home repair and trades. Need signals: after hours coverage, appointment scheduling, emergency dispatch. Verification: verified own site."
discovered:1084cedb-e7d1-4573-84c2-4859a175cfd5,c1f47d9d-9643-4bae-bba4-3edf88cded04,725,NURTURE,,47.8,LOW,"Closest client patterns: Industrial services, Municipal public works. Need signals: after hours coverage, customer support, emergency dispatch. Verification: license evidence, verified own site."
discovered:54b1f9ef-52d5-4ecf-88b0-0577aa8d6626,71fb9903-ab1f-494f-b476-44b4542b1682,726,NURTURE,,47.8,HIGH,"Closest client patterns: Property management and real estate. Need signals: after hours coverage, customer support, emergency dispatch. Verification: license evidence, verified own site."
discovered:d84e28d6-9b7a-48d5-8cb5-1c5fc96564ed,1476b8d3-7106-481b-b8b5-c204e1870b9c,727,NURTURE,,47.8,LOW,"Closest client patterns: Industrial services, Municipal public works. Need signals: after hours coverage, customer support, emergency dispatch. Verification: license evidence, verified own site."
discovered:bbe540b3-0ed6-4833-98a6-7085d206c4b1,f2a2f630-83ad-4d42-9c6b-5987711f2271,728,NURTURE,,47.8,MEDIUM,"Closest client patterns: Alarm and security services. Need signals: after hours coverage, emergency dispatch, on call escalation. Verification: verified own site."
discovered:f6bbba39-dfed-48fa-9e3a-cdbb9ede28da,cc20b87b-7286-4e9f-899a-6c1a123d679c,729,NURTURE,,47.8,MEDIUM,"Closest client patterns: Funeral services. Need signals: after hours coverage, customer support, on call escalation. Verification: verified own site."
discovered:183b044e-2538-4c25-ab26-1d13c396665c,035da1f1-27e8-4fc8-b578-40c7bd22ab01,730,NURTURE,,47.8,LOW,"Closest client patterns: IT and technical services, Alarm and security services. Need signals: after hours coverage, customer support, emergency dispatch. Verification: verified own site."
discovered:21467233-7c6d-48ad-9d7d-ce88f013a46f,689af9af-2fd8-4545-a0a7-4e8e49a85115,731,NURTURE,,47.7,LOW,"Closest client patterns: Industrial services, Municipal public works. Need signals: after hours coverage, customer support, emergency dispatch. Verification: license evidence, verified own site."
discovered:dce56b11-eee4-4910-a4f4-ca16017f53ed,5d9b8f08-a41d-4da0-bfcd-47807e809e80,732,NURTURE,,47.7,LOW,"Closest client patterns: Industrial services, Municipal public works. Need signals: after hours coverage, customer support, emergency dispatch. Verification: license evidence, verified own site."
discovered:a4b765ef-8888-4e82-8248-1dffaba52dab,98aa6208-eea8-4a1b-89b1-32a8282e9f1d,733,NURTURE,,47.7,HIGH,"Closest client patterns: Consumer services, Elevator services. Need signals: after hours coverage, appointment scheduling, on call escalation. Verification: verified own site."
discovered:3de7be0c-895a-4d32-b16b-9c78c00d4f03,1cf4146b-8bf7-4bcc-aa07-37bf4724024e,734,NURTURE,,47.7,MEDIUM,"Closest client patterns: Alarm and security services. Need signals: after hours coverage, emergency dispatch, on call escalation. Verification: verified own site."
discovered:27eba129-9828-422b-99f9-d6a32be9aa28,d060d60d-a350-43b5-8680-42a5813bbce9,735,NURTURE,,47.7,HIGH,"Closest client patterns: Consumer services, Elevator services. Need signals: after hours coverage, appointment scheduling, on call escalation. Verification: verified own site."
discovered:64667ed0-fc97-42fe-95c7-9dfc0e322c9d,d2660f6a-67c6-429b-bae4-804af21faa9d,736,NURTURE,,47.6,HIGH,"Closest client patterns: Funeral services. Need signals: after hours coverage, customer support, on call escalation. Verification: license evidence, verified own site."
discovered:caefeebd-a799-4020-9270-e29aa48dedcb,55a05359-cee7-4614-ac38-a26ef1ff6e1f,737,NURTURE,,47.6,LOW,"Closest client patterns: Industrial services, Municipal public works. Need signals: after hours coverage, customer support, emergency dispatch. Verification: license evidence, verified own site."
discovered:3aae87ad-856c-462a-91a2-67cc76e17cd9,138fe70f-2104-4c61-8865-eb0f235df251,738,NURTURE,,47.6,HIGH,"Closest client patterns: Property management and real estate. Need signals: after hours coverage, customer support, emergency dispatch. Verification: license evidence, verified own site."
discovered:28d9dfe0-3e37-4691-a481-7e08daf8d0c1,3d25c5cd-079e-4829-9089-d0fffc6144f5,739,NURTURE,,47.6,MEDIUM,"Closest client patterns: Behavioral health and counseling. Need signals: after hours coverage, appointment scheduling, on call escalation. Verification: license evidence, verified own site."
discovered:2cf97ad0-2300-4753-87cf-b9918bf68783,886a79fb-71de-4fe6-bd64-aff8e03cbada,740,NURTURE,,47.6,MEDIUM,"Closest client patterns: Alarm and security services. Need signals: after hours coverage, emergency dispatch, on call escalation. Verification: verified own site."
discovered:af0f25d2-00ab-4fcf-ba84-842f74dfd3ae,be4a88ec-890a-4a01-ae5f-f886fc4e51fc,741,NURTURE,,47.5,LOW,"Closest client patterns: Industrial services, Municipal public works. Need signals: after hours coverage, customer support, emergency dispatch. Verification: license evidence, verified own site."
discovered:eed17447-a501-42a1-98f3-0a013736413d,66ed43fa-cf04-4999-9eed-374df55184a7,742,NURTURE,,47.5,MEDIUM,"Closest client patterns: Home repair and trades, Industrial services. Need signals: after hours coverage, appointment scheduling, emergency dispatch. Verification: verified own site."
discovered:0520dfe2-201e-41bd-a1c3-8e8b697109aa,072fe60e-9557-48d3-aa95-f37ebdf1e0e0,743,NURTURE,,47.5,HIGH,"Closest client patterns: Consumer services, Elevator services. Need signals: after hours coverage, appointment scheduling, on call escalation. Verification: verified own site."
discovered:29f8cd7d-285b-4965-ad2e-f29ba8eca93e,102d2b39-910a-4b8f-b1d8-b3271cbd76cc,744,NURTURE,,47.4,LOW,"Closest client patterns: Industrial services, Municipal public works. Need signals: after hours coverage, customer support, emergency dispatch. Verification: license evidence, verified own site."
discovered:e6b5bc0b-88dc-4a70-846c-bfbe9bb40b04,88210415-8247-4b16-a633-233336343f8f,745,NURTURE,,47.4,LOW,"Closest client patterns: Industrial services, Municipal public works. Need signals: after hours coverage, customer support, emergency dispatch. Verification: license evidence, verified own site."
discovered:1131f02c-c24c-4100-879f-ddb912f0054e,e077c428-da4e-46aa-9055-0eb248549d86,746,NURTURE,,47.4,LOW,"Closest client patterns: Industrial services, Municipal public works. Need signals: after hours coverage, customer support, emergency dispatch. Verification: license evidence, verified own site."
discovered:e99b5bad-79b5-4f8a-a6ad-be8d9261d055,981360fb-01d8-4d7f-aeab-b215b27a5608,747,NURTURE,,47.4,LOW,"Closest client patterns: Industrial services, Municipal public works. Need signals: after hours coverage, customer support, emergency dispatch. Verification: license evidence, verified own site."
discovered:3a026db4-2a1b-490a-918f-8db1653e1438,0b632fea-d477-4636-902a-39798c29d0e7,748,NURTURE,,47.4,HIGH,"Closest client patterns: Elevator services, Property management and real estate. Need signals: after hours coverage, emergency dispatch, on call escalation. Verification: license evidence, verified own site."
discovered:566427ac-4de6-4bb6-89cc-5f67cace39be,218dcd26-3797-4ddd-9200-7ab5a1981cc1,749,NURTURE,,47.4,LOW,"Closest client patterns: Religious organizations, Behavioral health and counseling. Need signals: after hours coverage, appointment scheduling, bilingual demand. Verification: verified own site."
discovered:996b4514-78b3-4fd0-9bf9-abf398867dd9,3dce934c-b198-4461-9d1e-cc41f7a43e19,750,NURTURE,,47.4,MEDIUM,"Closest client patterns: Property management and real estate, Consumer services. Need signals: after hours coverage, customer support, emergency dispatch. Verification: verified own site."
discovered:a52020a3-ee34-4f42-865e-480777624873,5f83351a-0143-4a7b-bbb9-c7afcdd8d26f,751,NURTURE,,47.4,MEDIUM,"Closest client patterns: Behavioral health and counseling, Elevator services. Need signals: after hours coverage, appointment scheduling, customer support. Verification: verified own site."
discovered:77408d6a-de76-4e86-989c-26e02f46b05b,a95862a7-8ad7-4077-9ae6-56037978f300,752,NURTURE,,47.3,HIGH,"Closest client patterns: Behavioral health and counseling. Need signals: after hours coverage, appointment scheduling, customer support. Verification: license evidence, verified own site."
discovered:82eeec9a-65af-4a39-ab25-0b9e4f183a98,be4623d5-f412-46f7-a8f4-d224bb042070,753,NURTURE,,47.3,LOW,"Closest client patterns: Alarm and security services, Consumer services. Need signals: after hours coverage, emergency dispatch, on call escalation. Verification: license evidence, verified own site."
discovered:1c396603-81ae-48c7-8147-e91a185d071f,50e23fdd-e5e9-492f-b307-a9e86789a585,754,NURTURE,,47.3,LOW,"Closest client patterns: Religious organizations, Behavioral health and counseling. Need signals: after hours coverage, appointment scheduling, bilingual demand. Verification: verified own site."
discovered:b8bdfee3-1473-4d32-8724-69c1db0b76bf,5ede679a-60b9-4dff-b0ee-49ce7edc31b8,755,NURTURE,,47.3,LOW,"Closest client patterns: Religious organizations, Behavioral health and counseling. Need signals: after hours coverage, appointment scheduling, bilingual demand. Verification: verified own site."
discovered:09c5ce14-ebbc-4b7e-9559-3fd55a8fbf9e,1d778eea-0ee5-4ae2-a8d1-f951b6863086,756,NURTURE,,47.3,HIGH,"Closest client patterns: Funeral services. Need signals: after hours coverage, customer support, on call escalation. Verification: verified own site."
discovered:fb1a0228-2be4-4618-923e-9913438a1bc4,67c4b763-c13d-4097-802a-8e08b861c719,757,NURTURE,,47.3,LOW,"Closest client patterns: Alarm and security services, Consumer services. Need signals: after hours coverage, emergency dispatch, on call escalation. Verification: verified own site."
discovered:7592a67a-d4b2-4698-87b6-66ff3f764980,bf398af9-ec78-4f4d-b17f-27efa09a45ea,758,NURTURE,,47.2,LOW,"Closest client patterns: Religious organizations, Behavioral health and counseling. Need signals: after hours coverage, appointment scheduling, bilingual demand. Verification: verified own site."
discovered:15efe3f9-3c1d-4047-85f6-8002f5274a49,b22a12d8-b72d-4410-89fd-711106349001,759,NURTURE,,47.1,MEDIUM,"Closest client patterns: Alarm and security services. Need signals: after hours coverage, emergency dispatch, on call escalation. Verification: verified own site."
discovered:c522f63f-0108-4af5-88ab-1401050dad8b,7a12c83f-8d0f-45da-bd69-9fb68ec9e693,760,NURTURE,,47.1,MEDIUM,"Closest client patterns: Alarm and security services. Need signals: after hours coverage, emergency dispatch, on call escalation. Verification: verified own site."
discovered:54e7d997-04ed-49e9-b594-ed2d18970a72,38d96827-05d7-4f78-9ef4-565dfb9be35e,761,NURTURE,,47.1,LOW,"Closest client patterns: Religious organizations, Behavioral health and counseling. Need signals: after hours coverage, appointment scheduling, bilingual demand. Verification: verified own site."
discovered:c5fd0e00-daf4-4ced-9715-40e232e33c17,8ce27b9a-95d2-44f2-a9d4-3f9e52eb96fe,762,NURTURE,,47.1,MEDIUM,"Closest client patterns: Alarm and security services. Need signals: after hours coverage, emergency dispatch, on call escalation. Verification: verified own site."
discovered:ce07fd91-8b92-42cf-a2ec-da003c1ca795,054daab6-41dd-44a5-854e-fbb347704060,763,NURTURE,,47.0,MEDIUM,"Closest client patterns: Elevator services, Property management and real estate. Need signals: after hours coverage, emergency dispatch, on call escalation. Verification: license evidence, verified own site."
discovered:d7e3ae0f-0824-4b8b-a0a7-2db21257f4e1,718b8b42-feda-4b27-82dd-ab14fde506b9,764,NURTURE,,47.0,LOW,"Closest client patterns: Alarm and security services. Need signals: after hours coverage, emergency dispatch, on call escalation. Verification: license evidence, verified own site."
discovered:d995598d-1900-41a1-8d3f-406e20dae180,cdbd75db-cebc-4f33-93ad-695dc8ef1966,765,NURTURE,,47.0,MEDIUM,"Closest client patterns: Funeral services, Healthcare providers. Need signals: after hours coverage, appointment scheduling, on call escalation. Verification: license evidence, verified own site."
discovered:770b8c85-622b-4e87-b20e-02b60b51c4b7,51e84b3e-5ef2-4e73-9f8c-b27375db8ba7,766,NURTURE,,47.0,LOW,"Closest client patterns: Religious organizations, Behavioral health and counseling. Need signals: after hours coverage, appointment scheduling, bilingual demand. Verification: verified own site."
discovered:e19684d3-b432-47e4-ae02-6a1cd047ed72,4d8aec19-333f-424b-9b5c-e78371962373,767,NURTURE,,47.0,LOW,"Closest client patterns: Home repair and trades, Industrial services. Need signals: after hours coverage, appointment scheduling, emergency dispatch. Verification: verified own site."
discovered:abed2fb4-6950-4900-acd7-382cdf60ce1d,7875bd37-2732-4648-b697-e3597f49689f,768,NURTURE,,47.0,LOW,"Closest client patterns: Religious organizations, Behavioral health and counseling. Need signals: after hours coverage, appointment scheduling, bilingual demand. Verification: verified own site."
discovered:3a2a6ba0-0117-44aa-a9b5-ac888eab8ce0,8f5ab821-4b5a-4cfb-b92c-465054eecc6b,769,NURTURE,,47.0,MEDIUM,"Closest client patterns: Alarm and security services. Need signals: after hours coverage, emergency dispatch, on call escalation. Verification: verified own site."
discovered:d1b610c7-9bfd-4d90-8858-e5ffc40ba080,87562b67-8d84-40ae-9d9f-99f6f3383fb2,770,NURTURE,,47.0,LOW,"Closest client patterns: Home repair and trades, Industrial services. Need signals: after hours coverage, appointment scheduling, emergency dispatch. Verification: verified own site."
discovered:ada465d2-64dc-4e50-aeeb-221410f0eb6a,a3029443-9829-48c6-9ddb-ac65c2456b64,771,NURTURE,,47.0,HIGH,"Closest client patterns: Religious organizations. Need signals: after hours coverage, appointment scheduling, bilingual demand. Verification: verified own site."
discovered:90c61194-7880-42b0-ad53-72e738b562c7,acda19f4-7623-47b0-88ba-726c93aa4bef,772,NURTURE,,47.0,LOW,"Closest client patterns: Home repair and trades, Industrial services. Need signals: after hours coverage, appointment scheduling, emergency dispatch. Verification: verified own site."
discovered:53a01495-20f9-4703-aa76-6217cc0a8e88,651a5700-7bbc-40a2-acd7-103d7c0d710a,773,NURTURE,,47.0,LOW,"Closest client patterns: Religious organizations, Behavioral health and counseling. Need signals: after hours coverage, appointment scheduling, bilingual demand. Verification: verified own site."
discovered:daab590c-8955-419e-8614-61bb86384633,f7e1f3c9-fbf6-414c-a383-701d739ca6a4,774,NURTURE,,46.9,MEDIUM,"Closest client patterns: Funeral services. Need signals: after hours coverage, customer support, on call escalation. Verification: license evidence, verified own site."
discovered:8ffb3659-b684-4fad-b111-97a48590c458,8453a91b-1094-43cf-9044-432e08cd302e,775,NURTURE,,46.8,MEDIUM,"Closest client patterns: Alarm and security services. Need signals: after hours coverage, emergency dispatch, on call escalation. Verification: verified own site."
discovered:e5536a77-5be4-4ef8-a907-bce0d0194f4e,cc586727-1ae4-4e6a-a2a1-5ab8bd955e3b,776,NURTURE,,46.8,LOW,"Closest client patterns: Religious organizations, Behavioral health and counseling. Need signals: after hours coverage, appointment scheduling, bilingual demand. Verification: verified own site."
discovered:8bfa7087-5ef8-428c-8f09-f32fffaded14,80c73829-6bb3-46f4-ac7e-3d83f82a3d64,777,NURTURE,,46.8,MEDIUM,"Closest client patterns: Alarm and security services. Need signals: after hours coverage, emergency dispatch, on call escalation. Verification: verified own site."
discovered:a0d25514-b07d-46c6-ad05-3020440ad368,2249ee37-e67d-411a-b29d-43ee5efb3b18,778,NURTURE,,46.7,MEDIUM,"Closest client patterns: Funeral services. Need signals: after hours coverage, customer support, on call escalation. Verification: license evidence, verified own site."
discovered:9dc24d12-bc38-4a4e-9009-9e61992a94d9,d9b91065-891b-4fca-ba0c-388a5080ce39,779,NURTURE,,46.7,MEDIUM,"Closest client patterns: Home repair and trades, Industrial services. Need signals: after hours coverage, appointment scheduling, emergency dispatch. Verification: license evidence, verified own site."
discovered:09944846-71e5-420b-8846-030bb0e68008,978f2b6d-8b79-4650-9afa-4beb4b0544e5,780,NURTURE,,46.7,LOW,"Closest client patterns: Religious organizations, Behavioral health and counseling. Need signals: after hours coverage, appointment scheduling, bilingual demand. Verification: verified own site."
discovered:beb77e43-a27b-4c32-9306-8f2425ad7b4d,30c52991-cd5d-4087-a93f-7c394cfcaa46,781,NURTURE,,46.7,MEDIUM,"Closest client patterns: Funeral services. Need signals: after hours coverage, customer support, on call escalation. Verification: verified own site."
discovered:c9aa3cd4-0af5-417d-a7bc-ca64a117f1ec,6285d06f-cb2c-4991-bf2f-f8e69b490ecb,782,NURTURE,,46.7,HIGH,"Closest client patterns: Funeral services. Need signals: after hours coverage, customer support, on call escalation. Verification: verified own site."
discovered:28da1a90-d42b-4617-bdfe-9bcedc1fcea8,1789d836-ce1e-45dd-a7e7-b47c12bdc144,783,NURTURE,,46.6,LOW,"Closest client patterns: Alarm and security services, Consumer services. Need signals: after hours coverage, emergency dispatch, on call escalation. Verification: license evidence, verified own site."
discovered:84fcb06f-9fb1-4e87-8a2d-6a028835506e,21c959db-c9d3-47e7-be17-f3c03f970b9c,784,NURTURE,,46.6,HIGH,"Closest client patterns: Funeral services. Need signals: after hours coverage, customer support, on call escalation. Verification: verified own site."
discovered:83a359d3-3d43-401a-9011-27b2083d2c3a,cd5156d2-e9d9-4dfe-9b97-57ad5ee37b50,785,NURTURE,,46.6,MEDIUM,"Closest client patterns: Healthcare providers, Behavioral health and counseling. Need signals: after hours coverage, appointment scheduling, customer support. Verification: verified own site."
discovered:8e26d9be-f6c8-4e77-8c2d-11a0bfccb575,786d18d6-f2db-4863-af28-05c04268cda5,786,NURTURE,,46.6,LOW,"Closest client patterns: Home repair and trades, Industrial services. Need signals: after hours coverage, appointment scheduling, emergency dispatch. Verification: verified own site."
discovered:7959772e-09f2-412f-8ec3-329f3e442e5e,0e750e34-062b-4bed-baa5-f3b4c767cac1,787,NURTURE,,46.5,LOW,"Closest client patterns: Industrial services, Municipal public works. Need signals: after hours coverage, customer support, emergency dispatch. Verification: license evidence, verified own site."
discovered:20410525-62b9-4ece-adce-3dbc780b55c3,9347cf2a-c256-4468-b88b-d1abb419265d,788,NURTURE,,46.5,HIGH,"Closest client patterns: Industrial services, Home repair and trades. Need signals: appointment scheduling, customer support, lead capture. Verification: verified own site."
discovered:99e867be-66d2-4b18-99d3-e6c2e554bff7,1bac9b6b-8898-4486-b9ce-8dc2cf2c7310,789,NURTURE,,46.5,MEDIUM,"Closest client patterns: Alarm and security services. Need signals: after hours coverage, emergency dispatch, on call escalation. Verification: verified own site."
discovered:1ebd0f2e-d106-4727-9632-90ec67828842,19031f68-9510-48fc-94a8-8a87fc377c8c,790,NURTURE,,46.4,LOW,"Closest client patterns: Industrial services, Elevator services. Need signals: after hours coverage, customer support, emergency dispatch. Verification: license evidence, verified own site."
discovered:cbe928a6-8924-4cc9-9c8d-add04c5898f8,122a525f-4550-45fb-a0b2-01842667c18c,791,NURTURE,,46.4,HIGH,"Closest client patterns: Behavioral health and counseling. Need signals: after hours coverage, appointment scheduling, customer support. Verification: license evidence, verified own site."
discovered:640a26d8-73f1-489a-98c9-8ea11f08ca7c,174f4693-d0f9-4b75-a5f0-be47839711c4,792,NURTURE,,46.4,LOW,"Closest client patterns: Mechanical and HVAC services, IT and technical services. Need signals: after hours coverage, emergency dispatch, on call escalation. Verification: verified own site."
discovered:e4ed4ce1-dcd6-4858-a8fc-3556e9de0284,e66d4954-f1a7-4dc3-b763-7b167f8952a0,793,NURTURE,,46.3,LOW,"Closest client patterns: Home repair and trades, Industrial services. Need signals: after hours coverage, appointment scheduling, emergency dispatch. Verification: verified own site."
discovered:5f802319-bcbf-4e06-8234-b6fd53f9eef3,b0a72909-0abc-4252-bd17-b854f1cc3c03,794,NURTURE,,46.3,LOW,"Closest client patterns: Behavioral health and counseling, Industrial services. Need signals: after hours coverage, appointment scheduling, emergency dispatch. Verification: verified own site."
discovered:7023fee4-2b96-482b-8338-a670e513ed2c,e078b53e-e1c7-4592-b938-c59a441474f2,795,NURTURE,,46.3,MEDIUM,"Closest client patterns: Alarm and security services, Elevator services. Need signals: after hours coverage, emergency dispatch, on call escalation. Verification: verified own site."
discovered:e5b8f020-1588-433c-a2d1-d76b1e574d2d,734b3e52-cd5d-4c51-9601-2af0551061c2,796,NURTURE,,46.3,MEDIUM,"Closest client patterns: Alarm and security services. Need signals: after hours coverage, emergency dispatch, on call escalation. Verification: verified own site."
discovered:e1ebddf2-0d6c-4d54-a529-1de4e3252f4c,9b9afdb9-48d9-41db-a9f8-4a39c7a6bcdb,797,NURTURE,,46.3,HIGH,"Closest client patterns: Property management and real estate. Need signals: after hours coverage, customer support, emergency dispatch. Verification: verified own site."
discovered:02537b7d-d0a0-4ec1-b1f5-0e22e61322d4,e408c87a-552b-4e20-a3e1-efed25dc0b05,798,NURTURE,,46.2,MEDIUM,"Closest client patterns: Consumer services, Elevator services. Need signals: after hours coverage, appointment scheduling, on call escalation. Verification: verified own site."
discovered:83142128-9378-41c6-b6f2-2c1a18b6989f,822664cc-fde3-4ca6-b698-f90931b16e58,799,NURTURE,,46.2,LOW,"Closest client patterns: Alarm and security services, Consumer services. Need signals: after hours coverage, emergency dispatch, on call escalation. Verification: verified own site."
discovered:94cf549b-d887-469a-916a-f11c23ef3e59,8743706b-43e1-4f0d-b0bb-b846348b6d79,800,NURTURE,,46.2,LOW,"Closest client patterns: Home repair and trades, Consumer services. Need signals: after hours coverage, appointment scheduling, emergency dispatch. Verification: verified own site."
discovered:0e25d39c-75df-4ac1-b3b4-72db2dd10511,84c2cf40-8a62-40b1-ace9-3085f75fc6ef,801,NURTURE,,46.1,LOW,"Closest client patterns: Home repair and trades, Behavioral health and counseling. Need signals: after hours coverage, appointment scheduling, emergency dispatch. Verification: verified own site."
discovered:22d7d7c3-90e4-4082-8d6b-c88dd36062e5,b99281ed-db3f-489a-9b83-5c67ededd682,802,NURTURE,,46.1,LOW,"Closest client patterns: Home repair and trades, Industrial services. Need signals: after hours coverage, appointment scheduling, emergency dispatch. Verification: verified own site."
discovered:20438e3a-805a-4539-a21d-25b3c382b450,c18e6ae5-e451-4c70-a366-f9d92d7aac89,803,NURTURE,,46.0,LOW,"Closest client patterns: Home repair and trades, Behavioral health and counseling. Need signals: after hours coverage, appointment scheduling, emergency dispatch. Verification: verified own site."
discovered:f9e6a098-4dcb-4cf0-83cf-597295167132,7523fc8a-16c7-457f-8fab-68784305ef74,804,NURTURE,,46.0,LOW,"Closest client patterns: Home repair and trades, Behavioral health and counseling. Need signals: after hours coverage, appointment scheduling, emergency dispatch. Verification: verified own site."
discovered:c2a559e7-917e-44f0-a681-b8a76c73ef25,c2d1ca1b-e522-4574-a68c-156f57bc489a,805,NURTURE,,46.0,LOW,"Closest client patterns: Home repair and trades, Industrial services. Need signals: after hours coverage, appointment scheduling, emergency dispatch. Verification: verified own site."
discovered:54ae83eb-8eef-436c-97ba-9d8f60f5f21d,e1be799d-9ff0-4f1b-b5e8-ed1c8b334bce,806,NURTURE,,46.0,LOW,"Closest client patterns: Home repair and trades, Industrial services. Need signals: after hours coverage, appointment scheduling, emergency dispatch. Verification: verified own site."
discovered:4a16a2d0-ebc0-4069-8df7-4f30f5c64cf7,23bfbbc2-ee02-4b87-b40c-a8ae480a4d9d,807,NURTURE,,46.0,LOW,"Closest client patterns: Home repair and trades, Industrial services. Need signals: after hours coverage, appointment scheduling, emergency dispatch. Verification: verified own site."
discovered:4fe0e014-6b5a-4caf-af33-e6f4450f371a,9b7945b4-ef04-4e24-8898-c674f17f8f91,808,NURTURE,,46.0,LOW,"Closest client patterns: Home repair and trades, Behavioral health and counseling. Need signals: after hours coverage, appointment scheduling, emergency dispatch. Verification: verified own site."
discovered:a915255e-f25d-4e08-9f4b-b26619d09eb1,799a58d3-6d1d-400b-a7b1-cb5d38244b39,809,NURTURE,,45.9,LOW,"Closest client patterns: Home repair and trades, Industrial services. Need signals: after hours coverage, appointment scheduling, emergency dispatch. Verification: verified own site."
discovered:aec81516-444f-48ed-b7ed-ab13fb10bc21,390415d5-a885-4841-a1b5-76c0f3b7c1d7,810,NURTURE,,45.9,LOW,"Closest client patterns: Industrial services, IT and technical services. Need signals: after hours coverage, customer support, emergency dispatch. Verification: verified own site."
discovered:20682ef8-102c-4e12-8001-870d2b95d41c,e6401a00-d942-4d2c-999e-d56cc72f2b3d,811,NURTURE,,45.9,LOW,"Closest client patterns: Alarm and security services, Consumer services. Need signals: after hours coverage, emergency dispatch, on call escalation. Verification: verified own site."
discovered:d50c91bb-835f-468d-b470-29a3c448d930,e1bdc883-17e5-453c-8a4e-884fbba17ab2,812,NURTURE,,45.9,HIGH,"Closest client patterns: Behavioral health and counseling. Need signals: after hours coverage, appointment scheduling, customer support. Verification: verified own site."
discovered:c01613d3-7edc-48ba-a339-9a629f795d27,5a024522-3d4e-445e-a4a3-1e51259f94ad,813,NURTURE,,45.9,LOW,"Closest client patterns: Home repair and trades, Industrial services. Need signals: after hours coverage, appointment scheduling, emergency dispatch. Verification: verified own site."
discovered:2cba9dd6-cde4-4b57-9a17-ee4ad3538ed0,e12b77cf-b2f2-4075-a43d-23f912073e6e,814,NURTURE,,45.9,MEDIUM,"Closest client patterns: Funeral services. Need signals: after hours coverage, customer support, on call escalation. Verification: verified own site."
discovered:2087f3f3-6eb5-4e50-9b51-11229b7b5390,048e8a38-d4be-4aea-a89f-23ab4e8af03c,815,NURTURE,,45.9,MEDIUM,"Closest client patterns: Property management and real estate. Need signals: after hours coverage, customer support, emergency dispatch. Verification: verified own site."
discovered:c13c6e12-63e1-4fbe-a6d9-4204f794a06a,e863e94f-e9f3-4988-92c3-ca9eeb488439,816,NURTURE,,45.9,MEDIUM,"Closest client patterns: Behavioral health and counseling. Need signals: after hours coverage, appointment scheduling, customer support. Verification: verified own site."
discovered:2b4e0e57-1aae-40af-b9b5-9f39caa39d8e,b5a24af6-83b2-4cb5-99e9-45f836c6ab88,817,NURTURE,,45.9,MEDIUM,"Closest client patterns: Home repair and trades, Industrial services. Need signals: appointment scheduling, customer support, lead capture. Verification: verified own site."
discovered:7eb3636d-b83a-49fc-b4a9-1c6ffbcf98bf,618d9f73-d244-45d2-a8e6-c019778f987a,818,NURTURE,,45.8,LOW,"Closest client patterns: Home repair and trades, Industrial services. Need signals: after hours coverage, appointment scheduling, emergency dispatch. Verification: verified own site."
discovered:3a67cdb9-caff-4c40-ad1c-3e6e55d07699,3980a30c-f887-4316-a6df-66d818d92f68,819,NURTURE,,45.8,LOW,"Closest client patterns: Home repair and trades, Industrial services. Need signals: after hours coverage, appointment scheduling, emergency dispatch. Verification: verified own site."
discovered:9c4269b1-a0c5-4196-80ff-3205e430f4ae,10167865-435d-4c26-a57c-74a85b44df3c,820,NURTURE,,45.8,HIGH,"Closest client patterns: Funeral services. Need signals: after hours coverage, customer support, on call escalation. Verification: verified own site."
discovered:e88ce311-72fd-4b94-a021-78a7f37cbb7d,c86e7ba0-a433-47d0-9e55-5ea2333ac6c6,821,NURTURE,,45.6,HIGH,"Closest client patterns: Property management and real estate. Need signals: after hours coverage, customer support, emergency dispatch. Verification: verified own site."
discovered:2d276be8-adfb-4fac-bf70-741dde6c3ab9,33c0e8cb-d716-48ff-941e-cc4424a168e9,822,NURTURE,,45.5,HIGH,"Closest client patterns: Behavioral health and counseling. Need signals: after hours coverage, appointment scheduling, customer support. Verification: license evidence, verified own site."
discovered:2c3c177a-9eec-4bfb-b29e-e5a26388283d,e1e59f40-40b4-4c40-96e9-6d4076c60e63,823,NURTURE,,45.5,LOW,"Closest client patterns: Alarm and security services, Consumer services. Need signals: after hours coverage, emergency dispatch, on call escalation. Verification: license evidence, verified own site."
discovered:ca252f7a-e02d-4e9c-932b-a1eca712dd2f,c67eccec-b372-4115-9646-c28b5e5fb0fc,824,NURTURE,,45.5,LOW,"Closest client patterns: Funeral services. Need signals: after hours coverage, customer support, on call escalation. Verification: verified own site."
discovered:2b5f9906-60d8-4fc4-b5e6-12010c02f502,1711828e-87b7-480a-86bd-f0e3e201788c,825,NURTURE,,45.5,LOW,"Closest client patterns: Home repair and trades, Industrial services. Need signals: after hours coverage, appointment scheduling, emergency dispatch. Verification: verified own site."
discovered:9ecda905-0d02-4db0-83c9-c9b2540bd46c,61ff96fe-1a08-4533-9f7e-0d8a933823c7,826,NURTURE,,45.4,MEDIUM,"Closest client patterns: Behavioral health and counseling, Funeral services. Need signals: after hours coverage, appointment scheduling, on call escalation. Verification: license evidence, verified own site."
discovered:c6a81fbf-0c3b-4103-81a4-c747b491f3ea,8cdb7279-f881-4728-bc23-edc8d027fe33,827,NURTURE,,45.4,HIGH,"Closest client patterns: Behavioral health and counseling. Need signals: after hours coverage, appointment scheduling, customer support. Verification: verified own site."
discovered:130f5d09-543d-48ac-aac4-baad3620af12,b95ad291-265b-4129-8995-f3e87018ace2,828,NURTURE,,45.4,MEDIUM,"Closest client patterns: Funeral services. Need signals: after hours coverage, customer support, on call escalation. Verification: verified own site."
discovered:9dd9f088-576a-4813-a81d-8be635c3f274,30a0b135-ae7f-4ebe-8ae1-7de53b2b383f,829,NURTURE,,45.4,LOW,"Closest client patterns: Home repair and trades, Industrial services. Need signals: after hours coverage, appointment scheduling, emergency dispatch. Verification: verified own site."
discovered:321fb168-ee72-4880-8006-e2bb6770b55f,49f344c0-b709-482a-b1f6-55e692a9e517,830,NURTURE,,45.3,MEDIUM,"Closest client patterns: Elevator services. Need signals: after hours coverage, emergency dispatch, on call escalation. Verification: license evidence, verified own site."
discovered:7e7451da-716a-4072-bdf2-1dd36970e7cf,d324777e-8437-4e54-b57c-4166b5f4ed4e,831,NURTURE,,45.3,LOW,"Closest client patterns: Alarm and security services. Need signals: after hours coverage, emergency dispatch, on call escalation. Verification: verified own site."
discovered:a6820ae8-1d2e-42d2-a43b-fe7277e6c80b,3de21828-0490-45e5-83f1-ff3101c58866,832,NURTURE,,45.3,LOW,"Closest client patterns: Mechanical and HVAC services, Home repair and trades. Need signals: after hours coverage, appointment scheduling, emergency dispatch. Verification: verified own site."
discovered:a509fb21-bd11-4dbe-ab86-23f8d7c70d48,3bf447fc-522e-4167-80e2-92e2161112e1,833,NURTURE,,45.2,MEDIUM,"Closest client patterns: Behavioral health and counseling, Religious organizations. Need signals: after hours coverage, appointment scheduling, customer support. Verification: verified own site."
discovered:8bb1de79-84de-4c4f-8ffe-427eac2ba719,27e2ec5d-82b4-4482-8685-d4b1caba8758,834,NURTURE,,45.2,LOW,"Closest client patterns: Home repair and trades, Industrial services. Need signals: after hours coverage, appointment scheduling, emergency dispatch. Verification: verified own site."
discovered:8da99a35-a483-4124-bce5-7b726d43673c,9b98dd07-eec1-45fb-ac7f-e64da4dc1e2c,835,NURTURE,,45.2,MEDIUM,"Closest client patterns: Legal services. Need signals: after hours coverage, appointment scheduling, customer support. Verification: verified own site."
discovered:2a2f0e2b-93a1-4e37-b394-0afa247295de,7871a9ae-6657-4e84-a08a-894d4ae593b3,836,NURTURE,,45.1,HIGH,"Closest client patterns: Behavioral health and counseling. Need signals: after hours coverage, appointment scheduling, customer support. Verification: license evidence, verified own site."
discovered:0eef606c-afdc-4ff9-9298-9ca015d6d939,cafbe5d9-6212-4e27-a128-68dcadef2980,837,NURTURE,,45.1,HIGH,"Closest client patterns: Legal services. Need signals: after hours coverage, appointment scheduling, customer support. Verification: verified own site."
discovered:f9e0cb8b-243f-4bb6-8061-f9482194671f,78f28db3-e6f8-4f55-882e-2eae5f111e0f,838,NURTURE,,45.1,MEDIUM,"Closest client patterns: Behavioral health and counseling. Need signals: after hours coverage, appointment scheduling, customer support. Verification: verified own site."
discovered:9b3751c6-f0d0-4bab-bd0c-ec85243d8ccf,82f3a9d9-5a39-4b40-be2b-d062470fb577,839,NURTURE,,45.0,LOW,"Closest client patterns: Alarm and security services, Industrial services. Need signals: after hours coverage, appointment scheduling, emergency dispatch. Verification: verified own site."
discovered:030d3212-4399-4629-a79c-39d4c4abb142,3deaa4f4-6695-4824-91bb-d955dcf9545c,840,NURTURE,,44.9,HIGH,"Closest client patterns: Behavioral health and counseling. Need signals: after hours coverage, appointment scheduling, customer support. Verification: license evidence, verified own site."
discovered:6fe8549a-36e6-40ee-af7a-7e0ca9768d2c,91b6471f-2ec5-44c7-8b55-d07aa15d4206,841,NURTURE,,44.9,MEDIUM,"Closest client patterns: Behavioral health and counseling, Funeral services. Need signals: after hours coverage, appointment scheduling, customer support. Verification: license evidence, verified own site."
discovered:e0548c66-9753-4e33-887f-4013083d0b8f,30886da2-e461-4cee-8eee-e408a479e92c,842,NURTURE,,44.9,HIGH,"Closest client patterns: Property management and real estate. Need signals: after hours coverage, customer support, emergency dispatch. Verification: verified own site."
discovered:bfd57c21-54ed-49ca-8f70-ee9608ffa8a9,7966a3cf-0416-49d9-8764-9f2fb7ed9ede,843,NURTURE,,44.9,HIGH,"Closest client patterns: Property management and real estate. Need signals: after hours coverage, customer support, emergency dispatch. Verification: verified own site."
discovered:e00cd061-3148-48a8-8187-2cecd0cdd071,e55f63a6-157a-456b-8612-7e55e94889b3,844,NURTURE,,44.9,LOW,"Closest client patterns: Home repair and trades, Industrial services. Need signals: after hours coverage, appointment scheduling, emergency dispatch. Verification: verified own site."
discovered:455619b9-5e2a-4b77-87fc-1274780b8df7,424dbf10-6e5f-4ee4-b921-c8e241f6c86e,845,NURTURE,,44.9,LOW,"Closest client patterns: Funeral services. Need signals: after hours coverage, customer support, on call escalation. Verification: verified own site."
discovered:92814ac3-0316-42d8-9acf-0104fe5b2d70,b0a01a89-aa76-40fd-9547-78ab8886af5e,846,NURTURE,,44.8,LOW,"Closest client patterns: Alarm and security services, Elevator services. Need signals: after hours coverage, emergency dispatch, on call escalation. Verification: verified own site."
discovered:edc141f8-d18b-4a5c-960f-3ba5e84798cf,7b625c8e-7ec2-498c-9a98-6b2768a214e5,847,NURTURE,,44.8,MEDIUM,"Closest client patterns: Home repair and trades, Consumer services. Need signals: appointment scheduling, customer support, lead capture. Verification: verified own site."
discovered:c94cfba8-cc00-4fa1-9409-307c79ebb9dc,08052b47-162f-4f43-8cea-4ff542aef91b,848,NURTURE,,44.7,HIGH,"Closest client patterns: Behavioral health and counseling. Need signals: after hours coverage, appointment scheduling, customer support. Verification: verified own site."
discovered:9ba0853c-3c66-43ea-8cc5-da5ad495f850,7fc80b16-605a-43e5-8ca7-7962cb8b94a3,849,NURTURE,,44.6,MEDIUM,"Closest client patterns: Alarm and security services, IT and technical services. Need signals: after hours coverage, emergency dispatch, on call escalation. Verification: verified own site."
discovered:7077e100-ae95-4135-96de-086c2263d1ea,5ae1cf36-4f06-4fab-b6e6-7db6df6a9cf3,850,NURTURE,,44.6,MEDIUM,"Closest client patterns: Property management and real estate. Need signals: after hours coverage, customer support, emergency dispatch. Verification: verified own site."
discovered:49239487-1344-4927-aba1-e8675ff4237a,b84a0be8-0abb-4281-8159-6850cb110eb4,851,NURTURE,,44.6,LOW,"Closest client patterns: Mechanical and HVAC services, Home repair and trades. Need signals: after hours coverage, appointment scheduling, emergency dispatch. Verification: verified own site."
discovered:761b21f3-e489-42ae-b704-4ee2c0350c7a,cd8a4b5c-c61b-44e6-86d8-a523584cef94,852,NURTURE,,44.5,HIGH,"Closest client patterns: Behavioral health and counseling. Need signals: after hours coverage, appointment scheduling, customer support. Verification: verified own site."
discovered:b67a1c0e-1f60-4f51-9566-3817ab475869,6510ba73-23a6-467e-9b8a-24ffc92b26a1,853,NURTURE,,44.4,LOW,"Closest client patterns: Behavioral health and counseling, Home repair and trades. Need signals: after hours coverage, appointment scheduling, emergency dispatch. Verification: license evidence, verified own site."
discovered:9c74fdc3-6ffc-4bca-b6d8-78f72e1a7fd1,5eb1cfe4-ac8c-4d76-80fe-2624d044a313,854,NURTURE,,44.4,MEDIUM,"Closest client patterns: Property management and real estate, Elevator services. Need signals: after hours coverage, customer support, emergency dispatch. Verification: verified own site."
discovered:6108448a-ee39-44a4-9878-1dd40e8b1f7f,550b1b18-68e7-47f9-b358-11d7db498d64,855,NURTURE,,44.4,MEDIUM,"Closest client patterns: Home repair and trades, Consumer services. Need signals: appointment scheduling, customer support, lead capture. Verification: verified own site."
discovered:a2abc3f6-8967-4ec3-9848-8d55c86876fe,11e919a3-b5e7-4a1a-88e7-556a54283874,856,NURTURE,,44.4,MEDIUM,"Closest client patterns: Funeral services. Need signals: after hours coverage, customer support, on call escalation. Verification: verified own site."
discovered:2975e2f0-6aaa-4060-84f8-1abc1b9b75b7,365b6699-6d53-4b9c-baab-bd9d111080e8,857,NURTURE,,44.4,MEDIUM,"Closest client patterns: Behavioral health and counseling, Funeral services. Need signals: after hours coverage, appointment scheduling, customer support. Verification: verified own site."
discovered:ddaa8a16-eab4-4394-874f-68f4da388080,bc99df39-9740-4977-ab55-bdf0d78cf67d,858,NURTURE,,44.4,LOW,"Closest client patterns: Industrial services, Home repair and trades. Need signals: after hours coverage, appointment scheduling, emergency dispatch. Verification: verified own site."
discovered:7d507875-c7ca-43cc-951c-502343f7e333,bdc8d5ae-a053-4e1b-892a-ce96c78cd02e,859,NURTURE,,44.3,MEDIUM,"Closest client patterns: Behavioral health and counseling, Funeral services. Need signals: after hours coverage, appointment scheduling, on call escalation. Verification: license evidence, verified own site."
discovered:9d8f9e7b-d530-4eae-b724-72105b72c9e4,49884d3b-2060-4dbf-9c27-17173ec140eb,860,NURTURE,,44.3,MEDIUM,"Closest client patterns: Funeral services, Property management and real estate. Need signals: after hours coverage, customer support, on call escalation. Verification: verified own site."
discovered:bcb23918-3ca0-4d1d-9475-74627960869e,7234bb59-ae6a-443b-8455-8c4abaa33054,861,NURTURE,,44.3,LOW,"Closest client patterns: Behavioral health and counseling, Veterinary and animal services. Need signals: after hours coverage, appointment scheduling, customer support. Verification: verified own site."
discovered:4bcfde9d-20ca-4096-948e-65db245b0898,a3e74c62-256f-48da-9a27-da07d0ff1fa1,862,NURTURE,,44.3,LOW,"Closest client patterns: Industrial services, Municipal public works. Need signals: after hours coverage, customer support, emergency dispatch. Verification: verified own site."
discovered:03138dd6-3009-4606-b120-bd88ccf3251b,dc373085-aa20-4f57-9d48-c60bb0c0b56a,863,NURTURE,,44.3,HIGH,"Closest client patterns: Property management and real estate. Need signals: after hours coverage, customer support, emergency dispatch. Verification: verified own site."
discovered:42e6c301-d566-42cd-837e-30b1eb460ecf,0adaadeb-5be2-4433-9cd7-31f6bfd28d19,864,NURTURE,,44.2,LOW,"Closest client patterns: Home repair and trades, Consumer services. Need signals: appointment scheduling, customer support, lead capture. Verification: license evidence, verified own site."
discovered:e20f5d11-7c08-44c9-8a43-6ecfe36255f3,4f5e73e6-d158-4b10-b466-6cf8512d5674,865,NURTURE,,44.2,MEDIUM,"Closest client patterns: Funeral services. Need signals: after hours coverage, customer support, on call escalation. Verification: verified own site."
discovered:f7c12090-a044-4092-b161-e806074c53f2,d2b4eab5-7348-418e-a1e5-e461b2936833,866,NURTURE,,44.2,MEDIUM,"Closest client patterns: Funeral services. Need signals: after hours coverage, customer support, on call escalation. Verification: verified own site."
discovered:ca028a09-62b6-4c22-aabb-e7075e80da88,347f192b-aa5c-4c05-9ee6-840c655e70fc,867,NURTURE,,44.2,HIGH,"Closest client patterns: Property management and real estate. Need signals: after hours coverage, customer support, emergency dispatch. Verification: verified own site."
discovered:a355bba4-abe3-45a1-a1d8-cfe81178deb1,adf1cd97-8baf-4204-8319-1031d51b3702,868,NURTURE,,44.2,LOW,"Closest client patterns: Alarm and security services. Need signals: after hours coverage, emergency dispatch, on call escalation. Verification: verified own site."
discovered:0f183c47-cb3d-40ee-b2a0-4aa966315b33,7f1187c9-3a28-4902-8e94-0b130a66cd5b,869,NURTURE,,44.2,MEDIUM,"Closest client patterns: Behavioral health and counseling, Healthcare providers. Need signals: after hours coverage, appointment scheduling, customer support. Verification: verified own site."
discovered:97d63799-0e90-49e3-8231-38ab36c215be,c986b348-a463-4414-bec5-f8333b653191,870,NURTURE,,44.2,LOW,"Closest client patterns: Behavioral health and counseling, Religious organizations. Need signals: after hours coverage, appointment scheduling, customer support. Verification: verified own site."
discovered:02092e35-3d84-4abe-a446-c71b0397143e,5601481a-fa19-4980-869b-58982e116c99,871,NURTURE,,44.2,LOW,"Closest client patterns: Municipal public works, Mechanical and HVAC services. Need signals: after hours coverage, appointment scheduling, emergency dispatch. Verification: verified own site."
discovered:84fae4cb-4385-4102-8c88-e777c3b7c4f6,195abf91-e34d-41d5-a63c-535cb8e25462,872,NURTURE,,44.1,LOW,"Closest client patterns: Industrial services, Elevator services. Need signals: after hours coverage, emergency dispatch, on call escalation. Verification: verified own site."
discovered:dcf203ff-b0da-47eb-8302-87944e92841e,ff70a3e7-a6a3-45fa-a0c6-e9487237f1a4,873,NURTURE,,44.1,MEDIUM,"Closest client patterns: Funeral services. Need signals: after hours coverage, customer support, on call escalation. Verification: verified own site."
discovered:fe03a5cc-483f-4de5-9044-c71fb5baea9a,213a181d-cc4b-43ba-af76-f22053cf620b,874,NURTURE,,44.1,MEDIUM,"Closest client patterns: Mechanical and HVAC services, Funeral services. Need signals: after hours coverage, appointment scheduling, emergency dispatch. Verification: verified own site."
discovered:7e74ff2e-21ec-4f73-aa34-e952b13b3614,94518cc7-fc20-40f2-a59c-2eab3ad1d834,875,NURTURE,,44.1,MEDIUM,"Closest client patterns: Home repair and trades, Consumer services. Need signals: appointment scheduling, customer support, lead capture. Verification: verified own site."
discovered:b08732c9-b66f-4e98-8219-d7a971ff6352,a581378d-56dd-4478-97b6-1bf20479cd03,876,NURTURE,,44.0,HIGH,"Closest client patterns: Funeral services. Need signals: after hours coverage, customer support, on call escalation. Verification: verified own site."
discovered:fc8711d0-f1a8-492b-ba49-46078bf364e1,ef1a511c-b6d6-4f92-8bdc-0e2ebfa8dee9,877,NURTURE,,44.0,HIGH,"Closest client patterns: Funeral services. Need signals: after hours coverage, customer support, on call escalation. Verification: verified own site."
discovered:d8f86372-a2f0-4f3c-8eb8-1e9491302566,d2435bcc-f751-4f40-8f49-22498f0607e8,878,NURTURE,,43.9,HIGH,"Closest client patterns: Behavioral health and counseling. Need signals: after hours coverage, appointment scheduling, customer support. Verification: license evidence, verified own site."
discovered:2ff84665-caeb-4ac5-be98-4e1d0a7006b9,9e844ac2-a13c-4a87-9be4-f3462c9ff643,879,NURTURE,,43.9,MEDIUM,"Closest client patterns: Home repair and trades, Industrial services. Need signals: after hours coverage, appointment scheduling, emergency dispatch. Verification: verified own site."
discovered:9fdaa3b9-1afb-41ef-be69-22516570d8f5,e2a75382-f091-4c61-a3d1-18844968bf6d,880,NURTURE,,43.9,LOW,"Closest client patterns: Industrial services, Municipal public works. Need signals: after hours coverage, customer support, emergency dispatch. Verification: verified own site."
discovered:bb7613e7-b5d1-42c0-9bce-5bb30529dff8,1cd5baf6-b337-4d2c-8d2c-811f02adef40,881,NURTURE,,43.9,MEDIUM,"Closest client patterns: Alarm and security services, Elevator services. Need signals: after hours coverage, emergency dispatch, on call escalation. Verification: verified own site."
discovered:29a4a33e-21e5-4579-b784-1196f7db2846,56ecda84-6d5d-4d04-a44c-5e3d08d0e3a8,882,NURTURE,,43.9,LOW,"Closest client patterns: Industrial services, Municipal public works. Need signals: after hours coverage, customer support, emergency dispatch. Verification: verified own site."
discovered:d1778f3c-f6c2-4176-91ee-aa96bab5525e,c231f0d8-e904-4e0d-8e36-7d9b18401de3,883,NURTURE,,43.9,LOW,"Closest client patterns: Industrial services, Municipal public works. Need signals: after hours coverage, customer support, emergency dispatch. Verification: verified own site."
discovered:11ff4706-4a8c-4acd-99a9-4124d970989f,ac41f4d9-c589-4578-bf5b-bbb00e1ef7db,884,NURTURE,,43.9,MEDIUM,"Closest client patterns: Home repair and trades, Industrial services. Need signals: after hours coverage, appointment scheduling, emergency dispatch. Verification: verified own site."
discovered:85d53e3c-1cbe-4761-bad4-e275a6e5e84b,bc842743-e3e7-47d5-a52c-5a0b599b4d62,885,NURTURE,,43.8,LOW,"Closest client patterns: Industrial services, Municipal public works. Need signals: after hours coverage, customer support, emergency dispatch. Verification: verified own site."
discovered:a0f7014a-31ba-46c1-a37c-6a8acfcad597,7d34ed44-a765-4cd8-a748-5486d82ab345,886,NURTURE,,43.7,MEDIUM,"Closest client patterns: Behavioral health and counseling. Need signals: after hours coverage, appointment scheduling, customer support. Verification: verified own site."
discovered:c8c63e26-50a3-44b0-be9f-bcf1495cd41d,792cfa4b-61a2-4af4-84a5-82aa0d5840fd,887,NURTURE,,43.7,HIGH,"Closest client patterns: Property management and real estate. Need signals: after hours coverage, customer support, emergency dispatch. Verification: verified own site."
discovered:8bd9016d-3cce-4c1f-985c-4be615ac858d,344be4d6-5188-436c-a47c-12133a002b97,888,NURTURE,,43.6,MEDIUM,"Closest client patterns: Property management and real estate. Need signals: after hours coverage, customer support, emergency dispatch. Verification: verified own site."
discovered:c209afa5-4f79-4a4b-82e6-959fc71e75dc,5f69775b-93d8-4166-a75d-d1f36ef4edcb,889,NURTURE,,43.6,MEDIUM,"Closest client patterns: Funeral services. Need signals: after hours coverage, customer support, on call escalation. Verification: verified own site."
discovered:d955ec16-6e14-426a-b56a-517f7524d349,8f6dae56-69a9-4180-a406-da19c20668a9,890,NURTURE,,43.6,LOW,"Closest client patterns: Industrial services, Mechanical and HVAC services. Need signals: after hours coverage, appointment scheduling, emergency dispatch. Verification: verified own site."
discovered:b246f038-2810-4444-9b91-2a3eaf60978e,7cb8237b-db35-4988-ab04-779838ea68a7,891,NURTURE,,43.6,LOW,"Closest client patterns: Industrial services, Elevator services. Need signals: after hours coverage, customer support, emergency dispatch. Verification: verified own site."
discovered:34a2ef76-e7d1-4f4e-9545-6432fded8a61,bb54422c-7d5a-4fe8-b3da-67d3c49c34a5,892,NURTURE,,43.6,HIGH,"Closest client patterns: Property management and real estate. Need signals: after hours coverage, customer support, emergency dispatch. Verification: verified own site."
discovered:f5d2bcce-28e4-4652-b0f2-078cbf301fa0,f6ca6e06-c646-4fc4-8e71-e6a6222fc087,893,NURTURE,,43.6,MEDIUM,"Closest client patterns: Behavioral health and counseling. Need signals: after hours coverage, appointment scheduling, customer support. Verification: verified own site."
discovered:e83384b9-df7d-4719-8d3c-0b2802f88434,cb500c92-f8ff-49d4-bc8b-782c295760aa,894,NURTURE,,43.6,LOW,"Closest client patterns: Industrial services, Municipal public works. Need signals: after hours coverage, customer support, emergency dispatch. Verification: verified own site."
discovered:b60c6a1f-2c6f-45db-9c0b-73b4cfc1878d,3b8f75e3-5e72-40af-a6d5-71b0a4f0530c,895,NURTURE,,43.6,MEDIUM,"Closest client patterns: Home repair and trades, Industrial services. Need signals: after hours coverage, appointment scheduling, emergency dispatch. Verification: verified own site."
discovered:08b48f17-bfed-4660-954a-56ca98ac4b54,0a8e4ddd-5792-4c47-8991-719e720c3376,896,NURTURE,,43.5,LOW,"Closest client patterns: Property management and real estate, Home repair and trades. Need signals: after hours coverage, appointment scheduling, emergency dispatch. Verification: license evidence, verified own site."
discovered:cdb1fc5b-f4a4-4aab-bd39-c0aa4be70e89,b3deb380-564b-4f81-a9c9-66fcc221b714,897,NURTURE,,43.5,MEDIUM,"Closest client patterns: Behavioral health and counseling. Need signals: after hours coverage, appointment scheduling, customer support. Verification: verified own site."
discovered:4b968a7a-1a8c-4b28-bf17-16540ed77f7e,8b192475-b400-46ae-a58c-1e0f08f71c78,898,NURTURE,,43.5,MEDIUM,"Closest client patterns: Funeral services. Need signals: after hours coverage, customer support, on call escalation. Verification: verified own site."
discovered:0bda1c7c-302d-4165-b8f4-997cbf354410,4046a516-0d8a-4a56-ba50-99c35c3f3e9d,899,NURTURE,,43.5,LOW,"Closest client patterns: Industrial services, Municipal public works. Need signals: after hours coverage, customer support, emergency dispatch. Verification: verified own site."
discovered:ed04a70f-89ff-47e6-aa19-b1865bf247d1,2cef87d2-8584-4779-a6c3-7820dbdeff3d,900,NURTURE,,43.4,HIGH,"Closest client patterns: Property management and real estate. Need signals: after hours coverage, customer support, emergency dispatch. Verification: license evidence, verified own site."
discovered:3f84014d-d9bb-48fe-88a3-a5870afe8dce,2a60ac81-55cf-48a4-a4a1-71433f5cafe1,901,NURTURE,,43.4,LOW,"Closest client patterns: Industrial services, Municipal public works. Need signals: after hours coverage, customer support, emergency dispatch. Verification: verified own site."
discovered:fb7cd266-fcc3-4361-aef8-f9140d4d2671,6a531af5-19fb-44de-9043-72298ebf7885,902,NURTURE,,43.4,LOW,"Closest client patterns: Industrial services, Municipal public works. Need signals: after hours coverage, customer support, emergency dispatch. Verification: verified own site."
discovered:932185b3-54f9-4144-831c-47b6f619fd39,b9a09acb-3683-43aa-af48-d91d430f950f,903,NURTURE,,43.4,LOW,"Closest client patterns: Industrial services, Municipal public works. Need signals: after hours coverage, customer support, emergency dispatch. Verification: verified own site."
discovered:7141c0f8-fdc7-4b3c-846d-775923c7e191,8f52d232-5b9c-4853-a8ca-de5846c15e96,904,NURTURE,,43.4,LOW,"Closest client patterns: Industrial services, Municipal public works. Need signals: after hours coverage, customer support, emergency dispatch. Verification: verified own site."
discovered:7d794b13-161e-41d6-ae73-b62c2ac3b5b8,b5b4573a-a875-4c7d-96a5-0e32d75fd17a,905,NURTURE,,43.4,MEDIUM,"Closest client patterns: Property management and real estate. Need signals: after hours coverage, customer support, emergency dispatch. Verification: verified own site."
discovered:6d1748b1-2701-4777-bb32-6fc6e0ccca47,54388626-e350-4371-b434-be354d73aaca,906,NURTURE,,43.4,MEDIUM,"Closest client patterns: Funeral services. Need signals: after hours coverage, customer support, on call escalation. Verification: verified own site."
discovered:9ca7c509-8eb0-4a87-9697-863288384ac4,f2e149d5-1698-4f52-8cd7-fd30c279b6a2,907,NURTURE,,43.4,MEDIUM,"Closest client patterns: Funeral services. Need signals: after hours coverage, customer support, on call escalation. Verification: verified own site."
discovered:c77b5ece-812a-444a-9dcf-5f300ec0071b,1decaf57-4105-4b87-8197-7336144b2269,908,NURTURE,,43.3,LOW,"Closest client patterns: Home repair and trades, Consumer services. Need signals: appointment scheduling, customer support, lead capture. Verification: license evidence, verified own site."
discovered:d2061636-85f7-4a51-9552-73626c1a7b94,dc096f7a-6394-4529-b658-f09d3cc95f1b,909,NURTURE,,43.3,MEDIUM,"Closest client patterns: Funeral services. Need signals: after hours coverage, customer support, on call escalation. Verification: verified own site."
discovered:3ce6cdbf-6b08-4589-908b-f99fcd96d4bc,67a83346-61b2-4a89-9426-4f9466ab4d49,910,NURTURE,,43.3,MEDIUM,"Closest client patterns: Funeral services. Need signals: after hours coverage, customer support, on call escalation. Verification: verified own site."
discovered:d90d7efb-89e1-4e64-9a2b-37055f2abbbe,9dab06c1-a09a-4fd8-a172-37fab33842fb,911,NURTURE,,43.3,MEDIUM,"Closest client patterns: Funeral services. Need signals: after hours coverage, customer support, on call escalation. Verification: verified own site."
discovered:f23cd159-0327-4447-9cec-d5d3ce16ee1c,995a18c0-0b52-41b8-b9f2-90df8c2b6241,912,NURTURE,,43.3,MEDIUM,"Closest client patterns: Funeral services. Need signals: after hours coverage, customer support, on call escalation. Verification: verified own site."
discovered:c7697f91-0e1a-4c78-b163-6a4447a80616,f1b57d05-a21f-465b-9add-f2a2a8c136b2,913,NURTURE,,43.3,MEDIUM,"Closest client patterns: Funeral services. Need signals: after hours coverage, customer support, on call escalation. Verification: verified own site."
discovered:69d76bfc-90e5-49cb-b96c-8f5203208e96,682b97ed-4e32-4a1c-8de4-f3e2c1237058,914,NURTURE,,43.2,LOW,"Closest client patterns: Industrial services, Alarm and security services. Need signals: after hours coverage, emergency dispatch, on call escalation. Verification: license evidence, verified own site."
discovered:c9bacc34-23cb-4f67-a32d-3422acb9348a,573265d3-d81f-44e3-b4b4-484b727adf11,915,NURTURE,,43.2,MEDIUM,"Closest client patterns: Dental services. Need signals: after hours coverage, appointment scheduling, customer support. Verification: license evidence, verified own site."
discovered:b4225c39-9f3c-4fd6-b49d-eebd12d04969,1170d001-6f53-4a6b-9464-4eb042fe5cdc,916,NURTURE,,43.2,MEDIUM,"Closest client patterns: Dental services. Need signals: after hours coverage, appointment scheduling, customer support. Verification: verified own site."
discovered:9eeee343-c734-46be-8183-70bec06d544f,17b08470-4f6f-407d-8338-5ac586a5df23,917,NURTURE,,43.2,LOW,"Closest client patterns: Industrial services, IT and technical services. Need signals: after hours coverage, customer support, emergency dispatch. Verification: verified own site."
discovered:1fac0943-4528-4d73-bc2b-d18c54a52b10,0953d747-f42e-4e7b-8daf-9bff459dcee3,918,NURTURE,,43.2,HIGH,"Closest client patterns: Behavioral health and counseling. Need signals: after hours coverage, appointment scheduling, customer support. Verification: verified own site."
discovered:fac9de77-ebfb-46b0-9ba8-f196e0c801fd,2e2044e6-5765-415b-9ae7-ccf2d78f4153,919,NURTURE,,43.1,MEDIUM,"Closest client patterns: Funeral services. Need signals: after hours coverage, customer support, on call escalation. Verification: verified own site."
discovered:7423cfeb-cbfc-4e1f-b4a2-79b34241c4a9,a31e98bb-902e-415b-a5b7-1a8967ea0d54,920,NURTURE,,43.1,LOW,"Closest client patterns: Industrial services, Municipal public works. Need signals: after hours coverage, customer support, emergency dispatch. Verification: verified own site."
discovered:4fc718ad-e378-401b-8e49-2a1a2c6220de,63c844c8-8eb1-4210-83d4-74166add12dd,921,NURTURE,,43.1,MEDIUM,"Closest client patterns: Funeral services. Need signals: after hours coverage, customer support, on call escalation. Verification: verified own site."
discovered:c03f9da1-a40a-41e0-8e79-60befcf69e0c,284e4b84-95ff-45cc-bbff-8540467ab23e,922,NURTURE,,43.1,HIGH,"Closest client patterns: Behavioral health and counseling. Need signals: after hours coverage, appointment scheduling, customer support. Verification: verified own site."
discovered:79648536-c907-4735-b554-982846f6f8cd,83c1e59e-b4ea-4c7a-a84c-192f9e05128a,923,NURTURE,,43.1,LOW,"Closest client patterns: Industrial services, Municipal public works. Need signals: after hours coverage, customer support, emergency dispatch. Verification: verified own site."
discovered:b625d8c3-7e45-4938-b5ba-36538957a69b,a6b324db-34c0-4b24-a758-336286f59b07,924,NURTURE,,43.1,LOW,"Closest client patterns: Mechanical and HVAC services, Industrial services. Need signals: after hours coverage, appointment scheduling, emergency dispatch. Verification: verified own site."
discovered:48c9614b-641f-47de-8adb-adaa80d54ee2,5c6d9c72-1556-444b-8f7f-3d295ca8baa2,925,NURTURE,,43.0,MEDIUM,"Closest client patterns: Funeral services. Need signals: after hours coverage, customer support, on call escalation. Verification: license evidence, verified own site."
discovered:6c6344a6-fadc-47bf-ac3b-d033d3e5ab60,4b5664a7-44b3-4ac1-ac0b-6760b761b855,926,NURTURE,,43.0,HIGH,"Closest client patterns: Behavioral health and counseling. Need signals: after hours coverage, appointment scheduling, customer support. Verification: verified own site."
discovered:282df7b1-8433-4b92-9189-5b9588be04b5,5de113c9-0755-407a-b13e-0a2b82292d0a,927,NURTURE,,43.0,LOW,"Closest client patterns: Behavioral health and counseling, Healthcare providers. Need signals: after hours coverage, appointment scheduling, customer support. Verification: verified own site."
discovered:95ecdc6a-8a92-445b-afbc-a1a0b255d1bc,12fb7d61-3fbd-4b1c-8427-0f74b33e7f0f,928,NURTURE,,43.0,MEDIUM,"Closest client patterns: Behavioral health and counseling, Funeral services. Need signals: after hours coverage, appointment scheduling, customer support. Verification: verified own site."
discovered:15b88588-a037-4ec9-b537-435f389409e5,e8593698-031a-4623-a353-0f3a5652a3bd,929,NURTURE,,43.0,LOW,"Closest client patterns: Industrial services, Municipal public works. Need signals: after hours coverage, customer support, emergency dispatch. Verification: verified own site."
discovered:e67b9bc7-c1ee-4533-affa-0256f804783b,cb5aa410-a242-4b95-899a-b690b2c7e7b2,930,NURTURE,,42.9,LOW,"Closest client patterns: Industrial services, IT and technical services. Need signals: after hours coverage, customer support, emergency dispatch. Verification: license evidence, verified own site."
discovered:f20cdab7-e973-4b71-9efd-e5b7b6e73ee2,0a21f20c-dda2-4d1b-a49e-2eba1e76edcc,931,NURTURE,,42.9,MEDIUM,"Closest client patterns: Home repair and trades, Consumer services. Need signals: appointment scheduling, customer support, lead capture. Verification: verified own site."
discovered:4e5e9d57-00a6-4a30-aa6d-1136806a6011,a3e51bcd-23de-4d7b-b538-dba94dbca4b7,932,NURTURE,,42.9,MEDIUM,"Closest client patterns: Behavioral health and counseling, Funeral services. Need signals: after hours coverage, appointment scheduling, customer support. Verification: verified own site."
discovered:50903599-3a1d-4ad7-9f82-8ebe75817e1d,c03a8953-be83-4f99-8757-edd18e70abe5,933,NURTURE,,42.9,MEDIUM,"Closest client patterns: Behavioral health and counseling, Funeral services. Need signals: after hours coverage, appointment scheduling, customer support. Verification: verified own site."
discovered:26aa1a8c-a23b-435d-bd38-35fa42487a40,5ca337fd-dcb8-43b2-b552-a0c149bc4955,934,NURTURE,,42.8,MEDIUM,"Closest client patterns: Funeral services. Need signals: after hours coverage, customer support, on call escalation. Verification: verified own site."
discovered:2106a04d-56e7-4229-9578-866d022d6c1b,de8dbfef-6fe5-49bd-80ae-d5dc95cfd690,935,NURTURE,,42.8,LOW,"Closest client patterns: Industrial services, Mechanical and HVAC services. Need signals: after hours coverage, appointment scheduling, emergency dispatch. Verification: verified own site."
discovered:88128586-3b9f-47ae-abe3-98301130d866,7656593d-6d08-4043-8506-2c57f0d07ba9,936,NURTURE,,42.8,MEDIUM,"Closest client patterns: Alarm and security services, Elevator services. Need signals: after hours coverage, emergency dispatch, on call escalation. Verification: verified own site."
discovered:13d053dc-4b35-4ad5-abf3-dff8bade5cb8,d259c002-ef81-4884-9712-b9295d9921e9,937,NURTURE,,42.7,LOW,"Closest client patterns: Healthcare providers, Consumer services. Need signals: after hours coverage, appointment scheduling, on call escalation. Verification: license evidence, verified own site."
discovered:8aab8ba6-8a2e-43b5-985c-d641ff215c9e,8b52ff48-01a9-4093-b794-d5f5ebe4f44b,938,NURTURE,,42.7,HIGH,"Closest client patterns: Behavioral health and counseling. Need signals: after hours coverage, appointment scheduling, customer support. Verification: verified own site."
discovered:4512d9f2-1b79-42a7-9fba-9cfeb24867d5,aa7f9a0e-ec65-4ebe-8bd8-e5af427e4285,939,NURTURE,,42.7,LOW,"Closest client patterns: IT and technical services, Alarm and security services. Need signals: after hours coverage, emergency dispatch, on call escalation. Verification: verified own site."
discovered:9b38bc0b-4113-42a3-b3c9-22cb98ca0330,e3c66f6e-dd70-4822-b7f8-bb3d35e1b34a,940,NURTURE,,42.7,MEDIUM,"Closest client patterns: Property management and real estate. Need signals: after hours coverage, customer support, emergency dispatch. Verification: verified own site."
discovered:1cb80da5-ab82-465d-b2e3-527341a55423,7b8566ee-39d3-44ce-95c9-67faf0ad170c,941,NURTURE,,42.7,LOW,"Closest client patterns: Industrial services, Legal services. Need signals: after hours coverage, customer support, emergency dispatch. Verification: verified own site."
discovered:a79ec294-c76f-4cc5-af09-6d3d77b657cb,5be5b72c-6c79-4cd1-a461-86f74d3ef56d,942,NURTURE,,42.6,MEDIUM,"Closest client patterns: Behavioral health and counseling, Funeral services. Need signals: after hours coverage, appointment scheduling, customer support. Verification: verified own site."
discovered:b637b176-c2b6-41b3-baa0-de4d05ade510,1057b135-477b-47e6-b5af-e2604d4c3c3a,943,NURTURE,,42.6,HIGH,"Closest client patterns: Behavioral health and counseling. Need signals: after hours coverage, appointment scheduling, customer support. Verification: verified own site."
discovered:012beabe-07f9-437e-97a9-d9d31f8f024d,6ed03c3e-bd4c-4732-b5b6-f7f480378f62,944,NURTURE,,42.6,LOW,"Closest client patterns: Mechanical and HVAC services, Industrial services. Need signals: after hours coverage, appointment scheduling, emergency dispatch. Verification: verified own site."
discovered:ab0c13f7-db23-4cdc-9bea-9f42d75bd49d,2b071d89-5f11-44ac-a9b7-13ef350a5845,945,NURTURE,,42.6,MEDIUM,"Closest client patterns: Home repair and trades, Industrial services. Need signals: appointment scheduling, customer support, lead capture. Verification: verified own site."
discovered:23619bf9-490a-47f7-8040-74d2836317fc,f8ab4c4a-dca7-4ea5-b736-a43ae0856f0e,946,NURTURE,,42.5,MEDIUM,"Closest client patterns: Property management and real estate. Need signals: after hours coverage, customer support, emergency dispatch. Verification: license evidence, verified own site."
discovered:d6693e63-aa11-4b3e-b774-d24a9c23d4e8,2663134d-c066-47bf-9b6e-9a43ea561482,947,NURTURE,,42.5,LOW,"Closest client patterns: Industrial services, IT and technical services. Need signals: after hours coverage, customer support, emergency dispatch. Verification: license evidence, verified own site."
discovered:f4435791-6788-4824-b44f-56261226c634,b1394fbd-eab5-41ad-998d-2f6c9811831d,948,NURTURE,,42.5,LOW,"Closest client patterns: Mechanical and HVAC services, Industrial services. Need signals: after hours coverage, appointment scheduling, emergency dispatch. Verification: verified own site."
discovered:9be15a64-3a92-42f2-844d-5022edd397ae,829d5151-a407-4b51-b3e2-8242dc950e37,949,NURTURE,,42.5,MEDIUM,"Closest client patterns: Healthcare providers, Consumer services. Need signals: after hours coverage, appointment scheduling, on call escalation. Verification: verified own site."
discovered:132548da-2c6c-4145-a4be-a1fde7370d68,988c6cf4-64bb-4e2c-bae0-02f14c30779d,950,NURTURE,,42.5,MEDIUM,"Closest client patterns: Funeral services. Need signals: after hours coverage, customer support, on call escalation. Verification: verified own site."
discovered:a17a67a2-469e-4374-85ca-6840c8f911b7,70ff95c9-fcc8-4b56-882a-6e2fb9961311,951,NURTURE,,42.4,HIGH,"Closest client patterns: Behavioral health and counseling. Need signals: after hours coverage, appointment scheduling, customer support. Verification: verified own site."
discovered:0f46f611-dce2-43e1-9ee5-7c811e25b3a7,4dbcba7f-1fd4-4c96-9a76-d1ea3ae736fa,952,NURTURE,,42.4,LOW,"Closest client patterns: Fundraising and pledge services, Industrial services. Need signals: after hours coverage, appointment scheduling, emergency dispatch. Verification: verified own site."
discovered:b44dac4f-c9c5-4b4f-9605-02f046889af6,3b8f9a25-44f7-420e-87ce-33aacd3ed3d7,953,NURTURE,,42.4,LOW,"Closest client patterns: Behavioral health and counseling, Funeral services. Need signals: after hours coverage, appointment scheduling, customer support. Verification: verified own site."
discovered:823751a3-d1b7-422c-82fe-b726e0e9e5bd,3f9046c4-4fa5-45c7-8ddc-2163e134f57c,954,NURTURE,,42.4,LOW,"Closest client patterns: Industrial services, Elevator services. Need signals: after hours coverage, customer support, emergency dispatch. Verification: verified own site."
discovered:16f0fd74-ec02-46d7-830b-72d0edd0b618,17d8f9f2-e993-4a1e-a631-adc1387d21f3,955,NURTURE,,42.4,MEDIUM,"Closest client patterns: Funeral services. Need signals: after hours coverage, customer support, on call escalation. Verification: verified own site."
discovered:730cb507-09db-44ad-98f2-85470d5378d4,446e6ac5-c807-4d3f-90d2-2075028504a4,956,NURTURE,,42.4,HIGH,"Closest client patterns: Behavioral health and counseling. Need signals: after hours coverage, appointment scheduling, customer support. Verification: verified own site."
discovered:5fc93ac5-ace0-40f1-8a61-1c53d0d9c0df,11af8232-1cfc-4aac-8a6b-31e5a91838e6,957,NURTURE,,42.4,HIGH,"Closest client patterns: Behavioral health and counseling. Need signals: after hours coverage, appointment scheduling, customer support. Verification: verified own site."
discovered:1dd7eaa4-9823-4c83-860e-7aebd79c5436,b522d694-0625-474c-926a-ffa36a67966d,958,NURTURE,,42.4,MEDIUM,"Closest client patterns: Behavioral health and counseling. Need signals: after hours coverage, appointment scheduling, customer support. Verification: verified own site."
discovered:5d82c81b-a0b8-4233-b85e-e3d6bcf2b437,1cd2e2d0-f0ac-4096-b7e9-c325a84fb8cf,959,NURTURE,,42.4,HIGH,"Closest client patterns: Behavioral health and counseling. Need signals: after hours coverage, appointment scheduling, customer support. Verification: verified own site."
discovered:df04c469-af48-44cc-beb7-35daddb52ebd,5956ccf0-ac41-403d-a294-0147333f3566,960,NURTURE,,42.3,LOW,"Closest client patterns: Behavioral health and counseling, Funeral services. Need signals: after hours coverage, appointment scheduling, customer support. Verification: verified own site."
discovered:292835ed-c00e-4e43-ac31-d59638d48b38,7ada9cfa-7f89-49e2-9148-de9671f7f904,961,NURTURE,,42.3,MEDIUM,"Closest client patterns: Funeral services. Need signals: after hours coverage, customer support, on call escalation. Verification: verified own site."
discovered:24dd9793-edb2-4303-aebe-afad2c7d3941,c9b6e0d2-0bcf-4547-ba61-c5877c3d4604,962,NURTURE,,42.3,MEDIUM,"Closest client patterns: Behavioral health and counseling, Funeral services. Need signals: after hours coverage, appointment scheduling, customer support. Verification: verified own site."
discovered:bf417be7-533d-4edb-95c9-1e3cfd3180be,440ad358-48d0-4ec0-887a-919f732add40,963,NURTURE,,42.3,MEDIUM,"Closest client patterns: Funeral services. Need signals: after hours coverage, customer support, on call escalation. Verification: verified own site."
discovered:cb2a35ce-ba64-444d-9a06-d617df868c26,f4ca2159-16bb-4f55-a553-2ff996fac880,964,NURTURE,,42.2,MEDIUM,"Closest client patterns: Property management and real estate. Need signals: after hours coverage, customer support, emergency dispatch. Verification: license evidence, verified own site."
discovered:d6d79b2b-72f5-49ae-8a2d-9fa18d7e8bcc,6505d2dc-69cb-49fc-8254-ac8bccb049f5,965,NURTURE,,42.2,MEDIUM,"Closest client patterns: Property management and real estate. Need signals: after hours coverage, customer support, emergency dispatch. Verification: license evidence, verified own site."
discovered:5cbd90d8-11a6-4b65-887e-01f7e95837dd,45082b2e-1808-4468-a90f-f4af4ec4f6b7,966,NURTURE,,42.2,LOW,"Closest client patterns: Behavioral health and counseling, Funeral services. Need signals: after hours coverage, appointment scheduling, customer support. Verification: verified own site."
discovered:2487af43-319d-4249-9f55-38b98e831131,085732a6-7697-4e88-ac08-f7929dba18af,967,NURTURE,,42.2,MEDIUM,"Closest client patterns: Behavioral health and counseling, Funeral services. Need signals: after hours coverage, appointment scheduling, customer support. Verification: verified own site."
discovered:8a61fa34-be8c-4c32-96b8-b898b739f8b6,4ef93619-3a1d-499d-affd-4017b9325e57,968,NURTURE,,42.2,MEDIUM,"Closest client patterns: Behavioral health and counseling. Need signals: after hours coverage, appointment scheduling, customer support. Verification: verified own site."
discovered:5cff8a5d-b0a8-49bc-becf-a2f85f70d129,dc4716e0-514f-4533-89d1-f466f42576b6,969,NURTURE,,42.1,LOW,"Closest client patterns: Alarm and security services, Consumer services. Need signals: after hours coverage, emergency dispatch, on call escalation. Verification: verified own site."
discovered:84c698be-a0f0-4d06-b8a7-f3ae3dc706fa,f2b03e3e-7d09-4a45-916c-067fc8def430,970,NURTURE,,42.1,LOW,"Closest client patterns: Alarm and security services, Consumer services. Need signals: after hours coverage, emergency dispatch, on call escalation. Verification: verified own site."
discovered:61484195-a477-4e10-a05e-3a7c8e7b47c4,a8d0d186-9839-4a83-9738-0e34b4c5cf34,971,NURTURE,,42.1,HIGH,"Closest client patterns: Behavioral health and counseling. Need signals: after hours coverage, appointment scheduling, customer support. Verification: verified own site."
discovered:9c37171e-951e-4348-8927-33d31f026b9f,dfdd0c29-577f-4013-a9b4-aa01861613ba,972,NURTURE,,42.1,MEDIUM,"Closest client patterns: Religious organizations, Behavioral health and counseling. Need signals: after hours coverage, appointment scheduling, bilingual demand. Verification: verified own site."
discovered:abc803c7-b69a-4704-8af4-57b0fa4a2a21,842174a8-bbe8-42ca-99de-686ebc16b8eb,973,NURTURE,,42.1,MEDIUM,"Closest client patterns: Behavioral health and counseling, Funeral services. Need signals: after hours coverage, appointment scheduling, customer support. Verification: verified own site."
discovered:c32fc51e-fed0-40be-8ca7-6dec4b130226,8da1a10e-5d17-41e6-a975-3d04dd3d08dd,974,NURTURE,,42.1,MEDIUM,"Closest client patterns: Home repair and trades, Consumer services. Need signals: appointment scheduling, customer support, lead capture. Verification: verified own site."
discovered:3e754249-5736-4bc3-873d-00b169335714,85970e42-dd19-4758-adcb-83b116f61025,975,NURTURE,,42.1,MEDIUM,"Closest client patterns: Behavioral health and counseling, Funeral services. Need signals: after hours coverage, appointment scheduling, customer support. Verification: verified own site."
discovered:25d47893-fd56-433d-a55a-167ec4f1ef43,485e49f8-9837-4a67-ad4b-b13b925ce2cb,976,NURTURE,,42.0,MEDIUM,"Closest client patterns: Behavioral health and counseling, Funeral services. Need signals: after hours coverage, appointment scheduling, customer support. Verification: verified own site."
discovered:70f0148c-daa1-4210-9f95-8d9c2ee19a63,793974bf-8d89-4767-a019-37352306435f,977,NURTURE,,42.0,MEDIUM,"Closest client patterns: Dental services. Need signals: after hours coverage, appointment scheduling, customer support. Verification: verified own site."
discovered:dfcd486b-cd1d-4c79-9c49-d4dbaac412c2,554df58a-dd59-485c-87bb-fc2ea73f0a2a,978,NURTURE,,42.0,HIGH,"Closest client patterns: Behavioral health and counseling. Need signals: after hours coverage, appointment scheduling, customer support. Verification: verified own site."
discovered:77664ae8-e194-4e72-9df2-e0d1f37ea38a,1eade7f5-40c0-4687-a82b-d36d2d31d107,979,NURTURE,,41.9,MEDIUM,"Closest client patterns: Property management and real estate. Need signals: after hours coverage, customer support, emergency dispatch. Verification: license evidence, verified own site."
discovered:68d5c0b6-1e92-485a-be0b-55643600a018,59eb0cd9-ce21-4d04-be8d-a01d5ac19d58,980,NURTURE,,41.9,MEDIUM,"Closest client patterns: Funeral services. Need signals: after hours coverage, customer support, on call escalation. Verification: verified own site."
discovered:045641b9-1f07-461e-ba0b-cc710e3853cc,b7f872d2-0ba2-4610-881c-cbd2d926dfb5,981,NURTURE,,41.9,LOW,"Closest client patterns: Alarm and security services, Consumer services. Need signals: after hours coverage, emergency dispatch, on call escalation. Verification: verified own site."
discovered:69f3b04f-624b-4720-9737-b1f897fe9a0c,42424a25-fcc1-4082-a5c1-6f9b7f01f1d8,982,NURTURE,,41.9,HIGH,"Closest client patterns: Behavioral health and counseling. Need signals: after hours coverage, appointment scheduling, customer support. Verification: verified own site."
discovered:a92367c3-5053-421f-8fc8-1cadda76bae6,da1d8c5b-f4b3-456c-8778-b9abd2619617,983,NURTURE,,41.9,HIGH,"Closest client patterns: Behavioral health and counseling. Need signals: after hours coverage, appointment scheduling, customer support. Verification: verified own site."
discovered:5ec8c1a0-4216-4526-ba96-5439da903c0a,00910c61-96a3-499e-b1d6-5a3c194c34eb,984,NURTURE,,41.9,LOW,"Closest client patterns: Alarm and security services, Consumer services. Need signals: after hours coverage, emergency dispatch, on call escalation. Verification: verified own site."
discovered:64a46e90-be91-43ef-8168-9d1b4d90265c,e11a2752-0a6a-43b4-887c-2a70e97e7b64,985,NURTURE,,41.9,LOW,"Closest client patterns: Alarm and security services, Consumer services. Need signals: after hours coverage, emergency dispatch, on call escalation. Verification: verified own site."
discovered:50031c35-20bd-4d50-8aa4-e33f087410e5,d275957f-5276-4f28-aac9-4b22cdea6f82,986,NURTURE,,41.8,MEDIUM,"Closest client patterns: Property management and real estate. Need signals: after hours coverage, customer support, emergency dispatch. Verification: license evidence, verified own site."
discovered:016af88c-42fd-4c9a-9c02-d538876cfe34,49b4d3e3-7876-4af2-a8bc-edb84f1de439,987,NURTURE,,41.8,MEDIUM,"Closest client patterns: Property management and real estate. Need signals: after hours coverage, customer support, emergency dispatch. Verification: license evidence, verified own site."
discovered:2f635193-fc68-4ec7-a160-24d92907e5b2,79711550-3db2-439d-9117-489876a2cdbe,988,NURTURE,,41.8,LOW,"Closest client patterns: Alarm and security services, Consumer services. Need signals: after hours coverage, emergency dispatch, on call escalation. Verification: verified own site."
discovered:9433c333-8103-4b20-8447-4570bd1ed0c1,a2fa668d-1125-4bc5-b98c-51acf48c8b3c,989,NURTURE,,41.8,MEDIUM,"Closest client patterns: Funeral services. Need signals: after hours coverage, customer support, on call escalation. Verification: verified own site."
discovered:16f05974-b993-4fc2-bd89-5658c60d2ebb,3ede9e8e-68b1-418f-a1b8-af6b09a2deec,990,NURTURE,,41.8,LOW,"Closest client patterns: Behavioral health and counseling, Funeral services. Need signals: after hours coverage, appointment scheduling, customer support. Verification: verified own site."
discovered:97fa31b1-d1d6-4e15-909a-caf0626d85f4,59d7a75f-dfe1-4489-87c8-91c3fb78c383,991,NURTURE,,41.8,LOW,"Closest client patterns: Alarm and security services, Consumer services. Need signals: after hours coverage, emergency dispatch, on call escalation. Verification: verified own site."
discovered:4ecac179-f99f-4c05-88b0-bfaf82b52190,9cadb35b-ce25-4fb7-a2e1-115a2906e97b,992,NURTURE,,41.8,LOW,"Closest client patterns: Behavioral health and counseling, Funeral services. Need signals: after hours coverage, appointment scheduling, customer support. Verification: verified own site."
discovered:b21dd431-5f9a-4550-b0f5-a88dc961fc39,e6e947ec-73d3-4839-93b5-a9599911d484,993,NURTURE,,41.8,MEDIUM,"Closest client patterns: Behavioral health and counseling, Funeral services. Need signals: after hours coverage, appointment scheduling, customer support. Verification: verified own site."
discovered:0aa73193-bf10-4c5b-83db-48275934e321,4edc1993-fe45-4088-81f6-f78518be772c,994,NURTURE,,41.8,MEDIUM,"Closest client patterns: Behavioral health and counseling, Funeral services. Need signals: after hours coverage, appointment scheduling, customer support. Verification: verified own site."
discovered:672de92e-ea58-4452-a659-facf7a63e4d7,fda0e2ac-f068-4fe8-9715-3b93eae4fcdd,995,NURTURE,,41.7,LOW,"Closest client patterns: Behavioral health and counseling, Funeral services. Need signals: after hours coverage, appointment scheduling, customer support. Verification: verified own site."
discovered:48e9cb1d-355d-4632-b509-6d327ba0d8b0,bd34baec-189e-46f3-b5a0-b780b01a5ec1,996,NURTURE,,41.7,LOW,"Closest client patterns: Mechanical and HVAC services, Municipal assistance. Need signals: after hours coverage, emergency dispatch, lead capture. Verification: verified own site."
discovered:f739509b-fe99-4085-b032-a934f2ebdb67,c2915b55-f336-4aee-b454-06286b664998,997,NURTURE,,41.7,MEDIUM,"Closest client patterns: Behavioral health and counseling, Funeral services. Need signals: after hours coverage, appointment scheduling, customer support. Verification: verified own site."
discovered:69a68de7-eaef-438b-8bf7-57fa076cb3b1,0795ed85-603c-4d6f-a242-28e1e9ef571a,998,NURTURE,,41.7,MEDIUM,"Closest client patterns: Behavioral health and counseling, Funeral services. Need signals: after hours coverage, appointment scheduling, customer support. Verification: verified own site."
discovered:be8e06e8-94b7-4a39-b913-2d8668a05e70,98cf1db8-d364-46e9-b407-d81db5fbd1b6,999,NURTURE,,41.7,LOW,"Closest client patterns: Behavioral health and counseling, Funeral services. Need signals: after hours coverage, appointment scheduling, customer support. Verification: verified own site."
discovered:40fd9425-ed56-410a-aae5-160253fb6fc1,4eba6874-f0c2-41c4-b8fe-ae3715880270,1000,NURTURE,,41.7,LOW,"Closest client patterns: Funeral services. Need signals: after hours coverage, customer support, on call escalation. Verification: verified own site."
discovered:6c774d25-e7ae-4caa-8604-ab0b4b7e1540,371397d4-3513-4d2c-a352-3b9897e5d4ef,1001,NURTURE,,41.7,LOW,"Closest client patterns: Alarm and security services, Consumer services. Need signals: after hours coverage, emergency dispatch, on call escalation. Verification: verified own site."
discovered:438c7623-b22a-45fb-ba4d-446309716481,8adea3ad-49e4-469a-821e-ba76d43741fb,1002,NURTURE,,41.7,HIGH,"Closest client patterns: Property management and real estate. Need signals: after hours coverage, customer support, emergency dispatch. Verification: verified own site."
discovered:87a5ebb5-3c0b-4761-bca5-a1c0af6ce321,1c288a1a-46b9-4d72-80b8-5f1ae44f7865,1003,NURTURE,,41.6,LOW,"Closest client patterns: Behavioral health and counseling, Funeral services. Need signals: after hours coverage, appointment scheduling, customer support. Verification: verified own site."
discovered:5d9d658c-95ce-4b77-9055-bd30fe075302,257b4d9b-5639-43e4-ba79-e87163ea14b5,1004,NURTURE,,41.6,LOW,"Closest client patterns: Behavioral health and counseling, Funeral services. Need signals: after hours coverage, appointment scheduling, customer support. Verification: verified own site."
discovered:86b552e9-803d-4729-9fb3-2730b212a549,0468be3c-3b4c-4ed9-8ac2-5809afe2db57,1005,NURTURE,,41.5,HIGH,"Closest client patterns: Behavioral health and counseling. Need signals: after hours coverage, appointment scheduling, customer support. Verification: verified own site."
discovered:1502bb1a-2cf9-47f4-a940-e16e4bb77e40,21a51548-9bbd-4208-beaf-7a1db76b2f3f,1006,NURTURE,,41.5,MEDIUM,"Closest client patterns: Behavioral health and counseling. Need signals: after hours coverage, appointment scheduling, customer support. Verification: verified own site."
discovered:3abe2a5f-f84b-4a96-8ebd-786527acc872,cd8f016d-087d-470e-81a0-e56168114202,1007,NURTURE,,41.5,HIGH,"Closest client patterns: Behavioral health and counseling. Need signals: after hours coverage, appointment scheduling, customer support. Verification: verified own site."
discovered:8b0bcfdf-4257-4f8a-a905-d011bd693d06,5060f0d1-c8bb-4749-b7d6-068629238907,1008,NURTURE,,41.5,MEDIUM,"Closest client patterns: Mechanical and HVAC services. Need signals: after hours coverage, emergency dispatch, lead capture. Verification: verified own site."
discovered:e1205dc6-79f4-4c08-af11-bbd565bd5d54,a7a4dbd2-1007-4ff7-897a-bc975ce1015f,1009,NURTURE,,41.5,LOW,"Closest client patterns: Dental services. Need signals: after hours coverage, appointment scheduling, customer support. Verification: verified own site."
discovered:2321b8f2-36e6-46ed-9da2-432c697ab6c5,3d5ca4df-fb21-41d8-9324-c12afb411af3,1010,NURTURE,,41.5,LOW,"Closest client patterns: Behavioral health and counseling, Funeral services. Need signals: after hours coverage, appointment scheduling, customer support. Verification: verified own site."
discovered:c22d5d7f-a695-4b43-836a-5b72f3f97bbb,2af65fe8-e482-4106-b5fe-bff04b5dd141,1011,NURTURE,,41.5,HIGH,"Closest client patterns: Behavioral health and counseling. Need signals: after hours coverage, appointment scheduling, customer support. Verification: verified own site."
discovered:94eb1580-20aa-44c7-9784-dad139287dd5,8052b1ef-056e-450a-aea5-d63c7c2644df,1012,NURTURE,,41.5,HIGH,"Closest client patterns: Behavioral health and counseling. Need signals: after hours coverage, appointment scheduling, customer support. Verification: verified own site."
discovered:9db516c8-47eb-4bf0-b3e3-075df454cb60,ea1e3306-9c93-4c4c-93cb-2b7678e0041e,1013,NURTURE,,41.4,LOW,"Closest client patterns: Behavioral health and counseling, Funeral services. Need signals: after hours coverage, appointment scheduling, customer support. Verification: verified own site."
discovered:9d132b6a-5cc3-4701-bb6f-1fdfa0d719a3,6f4622a5-27e5-4026-be4a-be5df46ea7c1,1014,NURTURE,,41.4,LOW,"Closest client patterns: Behavioral health and counseling, Funeral services. Need signals: after hours coverage, appointment scheduling, customer support. Verification: verified own site."
discovered:d2eb8636-d759-45d7-a11a-2f4c4e90b3ed,b37a7a19-f97a-4fe1-a5ff-f33ddeff45be,1015,NURTURE,,41.4,MEDIUM,"Closest client patterns: Mechanical and HVAC services. Need signals: after hours coverage, emergency dispatch, lead capture. Verification: verified own site."
discovered:08e53346-b88e-4092-b08c-f8abc5c66520,66a03d6a-5709-45d1-b486-0bbbce797dd7,1016,NURTURE,,41.4,MEDIUM,"Closest client patterns: Funeral services. Need signals: after hours coverage, customer support, on call escalation. Verification: verified own site."
discovered:a9d2cee3-9885-486e-bde3-612098aafd73,9f42eff6-75d7-4bcc-a661-c81da2c182b9,1017,NURTURE,,41.4,LOW,"Closest client patterns: Home repair and trades, Consumer services. Need signals: appointment scheduling, customer support, lead capture. Verification: verified own site."
discovered:ba3895a7-73b2-4a60-98b9-aeb32467269f,5d8fcca0-b89b-4474-b473-0a67e3f33742,1018,NURTURE,,41.3,LOW,"Closest client patterns: Home repair and trades, Consumer services. Need signals: appointment scheduling, customer support, lead capture. Verification: license evidence, verified own site."
discovered:54985693-54ec-44ee-996a-9cf9ca7aac2c,ac6c7422-b97c-45b3-bda1-ae7888e4ae0d,1019,NURTURE,,41.3,MEDIUM,"Closest client patterns: Property management and real estate. Need signals: after hours coverage, customer support, emergency dispatch. Verification: license evidence, verified own site."
discovered:14966ac6-e0a0-4e94-93f7-4a5def23d584,c819ca51-f199-4de3-aba1-faced2a83571,1020,NURTURE,,41.3,MEDIUM,"Closest client patterns: Behavioral health and counseling, Funeral services. Need signals: after hours coverage, appointment scheduling, customer support. Verification: verified own site."
discovered:1874fafb-18ac-4fac-a77e-a9d6ff166e38,6f1485c9-473e-4a3e-bd80-4a19e71a63b4,1021,NURTURE,,41.3,LOW,"Closest client patterns: Behavioral health and counseling, Funeral services. Need signals: after hours coverage, appointment scheduling, customer support. Verification: verified own site."
discovered:63e0acc5-8dd6-44b1-948e-e8fcbe6e4a0a,0b615e40-13c2-4ccd-b990-bbc3db111cb4,1022,NURTURE,,41.3,LOW,"Closest client patterns: Mechanical and HVAC services, Industrial services. Need signals: after hours coverage, appointment scheduling, emergency dispatch. Verification: verified own site."
discovered:e8e4c840-ee32-4c67-b3cb-3e466d156f70,1f15dc35-ee66-4b19-8276-2524c58be075,1023,NURTURE,,41.3,MEDIUM,"Closest client patterns: Behavioral health and counseling, Funeral services. Need signals: after hours coverage, appointment scheduling, customer support. Verification: verified own site."
discovered:f09c07e6-7d29-4e12-9749-5ef06a336358,91bae9e5-b0eb-40d9-9011-cda4c05caadc,1024,NURTURE,,41.2,HIGH,"Closest client patterns: Behavioral health and counseling. Need signals: after hours coverage, appointment scheduling, customer support. Verification: verified own site."
discovered:996ebac6-608d-4e27-be30-8d28c5896c6f,72cda75a-10f5-4258-87b5-aa31513a6cea,1025,NURTURE,,41.2,LOW,"Closest client patterns: Behavioral health and counseling, Funeral services. Need signals: after hours coverage, appointment scheduling, customer support. Verification: verified own site."
discovered:65373edf-b114-421e-96d0-c8045fe27f42,28d928f9-1712-4b42-b74b-bf6dd28b058c,1026,NURTURE,,41.2,LOW,"Closest client patterns: Home repair and trades, Consumer services. Need signals: appointment scheduling, customer support, lead capture. Verification: verified own site."
discovered:ecd89042-0897-49e2-bce2-0fa4de6cca06,f13f1019-3d08-4f40-8590-0c54f4a9a9bb,1027,NURTURE,,41.2,HIGH,"Closest client patterns: Behavioral health and counseling. Need signals: after hours coverage, appointment scheduling, customer support. Verification: verified own site."
discovered:c303a750-3413-4d52-819d-d172cac8c504,6b2c5137-60b3-497f-b573-49a9f0ddf708,1028,NURTURE,,41.2,LOW,"Closest client patterns: Home repair and trades, Consumer services. Need signals: appointment scheduling, customer support, lead capture. Verification: verified own site."
discovered:4a6a9c37-c498-4016-883e-e7f9e7ecbe6d,663c08a9-6ce6-40e3-978b-ddacf8364aae,1029,NURTURE,,41.1,LOW,"Closest client patterns: Behavioral health and counseling, Funeral services. Need signals: after hours coverage, appointment scheduling, customer support. Verification: verified own site."
discovered:1f96f9af-1c22-431d-ad82-7f4cffe01e7b,142bd724-b9ec-4e9e-88a7-2a0f43b4f186,1030,NURTURE,,41.1,LOW,"Closest client patterns: Home repair and trades, Consumer services. Need signals: appointment scheduling, customer support, lead capture. Verification: verified own site."
discovered:ec44e070-16d0-4c55-a96b-3f0d356cd28d,510918b0-f907-4df0-a770-67b4cf5034cb,1031,NURTURE,,41.1,HIGH,"Closest client patterns: Behavioral health and counseling. Need signals: after hours coverage, appointment scheduling, customer support. Verification: verified own site."
discovered:9c17d5e2-a122-472e-ab93-efcea35db062,2b5ef8af-3545-4be1-8ab2-7352334e29eb,1032,NURTURE,,41.1,HIGH,"Closest client patterns: Behavioral health and counseling. Need signals: after hours coverage, appointment scheduling, customer support. Verification: verified own site."
discovered:b86f22cb-4eac-44e6-9f99-532cdfbf878f,5e94718a-a2c2-4666-8d95-bdc1c2d5d193,1033,NURTURE,,41.1,LOW,"Closest client patterns: Mechanical and HVAC services, Industrial services. Need signals: after hours coverage, appointment scheduling, emergency dispatch. Verification: verified own site."
discovered:c6190840-ded0-44f3-bd51-d197ba1bc763,68562b76-0409-431c-a5e8-03fed1ae2f3f,1034,NURTURE,,41.1,LOW,"Closest client patterns: Alarm and security services, Consumer services. Need signals: after hours coverage, emergency dispatch, on call escalation. Verification: verified own site."
discovered:380e23d5-72b9-400b-b2b8-8e2c3a06472a,2a8a9dd0-ff24-4c7e-b9e6-7aa96d223142,1035,NURTURE,,41.1,MEDIUM,"Closest client patterns: Behavioral health and counseling. Need signals: after hours coverage, appointment scheduling, customer support. Verification: verified own site."
discovered:6b7f0534-884f-43c3-b668-557785701efb,ad9e2671-0b80-4da4-bf9b-33788bb66dc5,1036,NURTURE,,41.1,MEDIUM,"Closest client patterns: Home repair and trades, Landscaping services. Need signals: appointment scheduling, customer support, lead capture. Verification: verified own site."
discovered:23a0c220-62fe-409e-ab8a-604c777e6508,381ae8b5-635f-47a3-b9ad-f5e52267560a,1037,NURTURE,,41.0,MEDIUM,"Closest client patterns: Property management and real estate. Need signals: after hours coverage, customer support, emergency dispatch. Verification: license evidence, verified own site."
discovered:276b15cc-22a5-4c4f-9d08-6537da6aefcd,d8ecebf5-e2c5-4de6-8cb6-46456f833d51,1038,NURTURE,,41.0,LOW,"Closest client patterns: Dental services. Need signals: after hours coverage, appointment scheduling, customer support. Verification: verified own site."
discovered:2c7f45f6-f0e9-4a21-9f17-daef193acbab,2109554e-2b0a-4d4f-9f2f-e22dd79d3417,1039,NURTURE,,41.0,MEDIUM,"Closest client patterns: Funeral services. Need signals: after hours coverage, customer support, on call escalation. Verification: verified own site."
discovered:0026da25-bcb3-4b02-adfb-67c9c5b2563c,42095bfd-4c52-4d48-99cc-0a8fd342cdce,1040,NURTURE,,41.0,MEDIUM,"Closest client patterns: Legal services, Consumer services. Need signals: after hours coverage, appointment scheduling, customer support. Verification: verified own site."
discovered:a1a1e09b-c0c2-4719-b3fa-0c382ef12cca,212cdb3b-d8bc-4877-8781-51ef92960036,1041,NURTURE,,41.0,HIGH,"Closest client patterns: Behavioral health and counseling. Need signals: after hours coverage, appointment scheduling, customer support. Verification: verified own site."
discovered:51490273-cb60-49ed-9394-b775347e921e,a57103ff-2c89-493c-9957-cb7f65e69a6e,1042,NURTURE,,40.9,LOW,"Closest client patterns: Home repair and trades, Funeral services. Need signals: after hours coverage, appointment scheduling, emergency dispatch. Verification: license evidence, verified own site."
discovered:df90c904-4d61-41d3-bad6-4cbae36b1d99,3e465742-5823-48fb-9fd4-9f84b4dcf8d9,1043,NURTURE,,40.8,LOW,"Closest client patterns: Behavioral health and counseling, Funeral services. Need signals: after hours coverage, appointment scheduling, customer support. Verification: verified own site."
discovered:37436a2b-1dae-451f-b1e1-9bef506bf085,0845e53b-cfe5-4b09-b6b7-2578917cda11,1044,NURTURE,,40.8,LOW,"Closest client patterns: Behavioral health and counseling, Funeral services. Need signals: after hours coverage, appointment scheduling, customer support. Verification: verified own site."
discovered:a610080f-e818-4dc2-b799-dea00a6e4a2a,72a80d22-c475-4b62-99d8-5794f930634d,1045,NURTURE,,40.8,LOW,"Closest client patterns: Behavioral health and counseling, Funeral services. Need signals: after hours coverage, appointment scheduling, customer support. Verification: verified own site."
discovered:cd876b8b-43f1-446f-a5cc-c3229179de75,8eaad3ab-5144-419f-841a-7f1157f162e2,1046,NURTURE,,40.8,MEDIUM,"Closest client patterns: Property management and real estate. Need signals: after hours coverage, customer support, emergency dispatch. Verification: verified own site."
discovered:d98f023c-cb7a-43f2-aa09-1368f076d49b,e73a7850-3230-4f6d-8000-ed9b8c8d535e,1047,NURTURE,,40.8,LOW,"Closest client patterns: Dental services. Need signals: after hours coverage, appointment scheduling, customer support. Verification: verified own site."
discovered:6133fbf4-4a44-4bbf-a89a-451047fdf6d4,925f3697-3e54-451d-b2f5-69de2848580a,1048,NURTURE,,40.8,LOW,"Closest client patterns: Behavioral health and counseling, Funeral services. Need signals: after hours coverage, appointment scheduling, customer support. Verification: verified own site."
discovered:ab31934e-1090-4c6b-9336-211371beb247,c2c549d9-6ee7-44e0-a76e-03abac2d359b,1049,NURTURE,,40.7,MEDIUM,"Closest client patterns: Home repair and trades, Consumer services. Need signals: appointment scheduling, customer support, lead capture. Verification: license evidence, verified own site."
discovered:e27bcf77-45f2-414d-9f9e-c60a392fbeea,0f61ea10-df5a-4970-8910-5fbb8e385161,1050,NURTURE,,40.7,LOW,"Closest client patterns: Religious organizations, Behavioral health and counseling. Need signals: after hours coverage, appointment scheduling, bilingual demand. Verification: verified own site."
discovered:401a70ad-1b2a-480f-8e37-7a3b88979ad4,724d1168-1d21-4027-89d1-c11c781c091b,1051,NURTURE,,40.7,LOW,"Closest client patterns: Behavioral health and counseling, Funeral services. Need signals: after hours coverage, appointment scheduling, customer support. Verification: verified own site."
discovered:71505e52-121d-4f76-aa15-59b98da0153c,634dba88-606e-42a9-a5cc-8cc9895002d2,1052,NURTURE,,40.7,LOW,"Closest client patterns: Behavioral health and counseling, Funeral services. Need signals: after hours coverage, appointment scheduling, customer support. Verification: verified own site."
discovered:0aaec520-2786-4acc-af31-f5b4fa604286,770aa593-9ead-4857-813b-ab9495129855,1053,NURTURE,,40.7,LOW,"Closest client patterns: Behavioral health and counseling, Funeral services. Need signals: after hours coverage, appointment scheduling, customer support. Verification: verified own site."
discovered:141d727c-b0ec-4e7c-8615-54978e9b1a01,02a4e7ce-145c-48b3-b863-eec43d50ca16,1054,NURTURE,,40.7,MEDIUM,"Closest client patterns: Property management and real estate. Need signals: after hours coverage, customer support, emergency dispatch. Verification: verified own site."
discovered:f3063ff1-67c4-4b90-b305-e18cd4807b15,3fbf3d73-3279-460d-9eaa-755721cf3b5c,1055,NURTURE,,40.6,MEDIUM,"Closest client patterns: Home repair and trades, Industrial services. Need signals: after hours coverage, appointment scheduling, emergency dispatch. Verification: verified own site."
discovered:001520af-8d79-4130-8dd7-5b804d10fbab,667329f0-99fe-4e5f-958e-e993edc848e0,1056,NURTURE,,40.6,MEDIUM,"Closest client patterns: Behavioral health and counseling. Need signals: after hours coverage, appointment scheduling, customer support. Verification: verified own site."
discovered:e30847b3-dafd-4bb8-8cbc-d2299970fadc,f0dfcd3d-c611-4f64-96c5-f481e7e4b5e3,1057,NURTURE,,40.6,HIGH,"Closest client patterns: Behavioral health and counseling. Need signals: after hours coverage, appointment scheduling, customer support. Verification: verified own site."
discovered:05351be2-0a92-4240-a6e0-7ca5e2382923,d59783ce-1ebf-4735-a0cc-e6b5b4dc6c97,1058,NURTURE,,40.5,MEDIUM,"Closest client patterns: Home repair and trades, Consumer services. Need signals: appointment scheduling, customer support, lead capture. Verification: license evidence, verified own site."
discovered:7dad0ec3-ec9e-4a7f-b815-ecc895f09486,f02c1681-af33-4844-8c2c-ff9cff14a27e,1059,NURTURE,,40.5,LOW,"Closest client patterns: Behavioral health and counseling, Funeral services. Need signals: after hours coverage, appointment scheduling, customer support. Verification: verified own site."
discovered:ee1331bc-ef6a-4ee3-82cf-8a27623505bb,3790ba48-4653-40ae-a9af-abf911d4d25d,1060,NURTURE,,40.5,MEDIUM,"Closest client patterns: Behavioral health and counseling. Need signals: after hours coverage, appointment scheduling, customer support. Verification: verified own site."
discovered:44e12243-1167-4dff-9a5e-bff4e70c834c,97873fe0-4dd8-42a0-bb8e-abd00c640c53,1061,NURTURE,,40.4,LOW,"Closest client patterns: Property management and real estate. Need signals: after hours coverage, customer support, emergency dispatch. Verification: license evidence, verified own site."
discovered:2baae589-383a-4c5d-99c7-f82c81d17524,e6babdae-42ff-47c4-892c-ce5a07dd6ab2,1062,NURTURE,,40.4,LOW,"Closest client patterns: Behavioral health and counseling, Funeral services. Need signals: after hours coverage, appointment scheduling, customer support. Verification: verified own site."
discovered:318eafd5-c64e-45b5-bbea-20dc769ec19e,fc65a205-3ac5-4fe0-be57-165f1bf7fe27,1063,NURTURE,,40.4,LOW,"Closest client patterns: Mechanical and HVAC services, Industrial services. Need signals: after hours coverage, appointment scheduling, emergency dispatch. Verification: verified own site."
discovered:d8cfeb06-71dc-4b15-92cb-8095fc6267f9,45b3b0d4-bea3-40df-8b3e-2b1b458cac4c,1064,NURTURE,,40.3,MEDIUM,"Closest client patterns: Behavioral health and counseling. Need signals: after hours coverage, appointment scheduling, customer support. Verification: verified own site."
discovered:2f310c40-7c94-45dd-b008-8cd6e952fee2,765e3eed-da61-4364-800a-7b4767a822b2,1065,NURTURE,,40.2,MEDIUM,"Closest client patterns: Property management and real estate. Need signals: after hours coverage, customer support, emergency dispatch. Verification: license evidence, verified own site."
discovered:40ec40d4-1225-4bda-92ed-48377c6bd34e,f79b57ca-04e2-4343-8aef-2a850039037d,1066,NURTURE,,40.2,LOW,"Closest client patterns: Elevator services, Legal services. Need signals: after hours coverage, appointment scheduling, on call escalation. Verification: verified own site."
discovered:57149bd7-1439-46b2-8bab-eec0d71feebb,e56d4fab-4c29-49c2-a439-e5e245765e40,1067,NURTURE,,40.2,MEDIUM,"Closest client patterns: Home repair and trades, Consumer services. Need signals: appointment scheduling, customer support, lead capture. Verification: verified own site."
discovered:74367b21-8fb9-4210-b12f-7307d1b32afc,bd9f353f-f013-40b8-800e-2947b7da70a5,1068,NURTURE,,40.2,MEDIUM,"Closest client patterns: Elevator services, Behavioral health and counseling. Need signals: after hours coverage, appointment scheduling, customer support. Verification: verified own site."
discovered:3b871903-fdca-4589-bfa3-18afe2e6e35a,88630927-6430-42f5-b66d-9c71980125c5,1069,NURTURE,,40.2,MEDIUM,"Closest client patterns: Behavioral health and counseling. Need signals: after hours coverage, appointment scheduling, customer support. Verification: verified own site."
discovered:09292b86-213d-4191-acdf-8a1c7fa9d162,77c19d7d-2142-4faf-bdd9-6faed25c9f11,1070,NURTURE,,40.1,MEDIUM,"Closest client patterns: Mechanical and HVAC services, Elevator services. Need signals: after hours coverage, emergency dispatch, on call escalation. Verification: verified own site."
discovered:b5e8d66d-e4c6-4a5f-bbe2-5d02f4b9e406,9f7d009e-b5ad-4556-915b-620b4246c9ce,1071,NURTURE,,40.1,LOW,"Closest client patterns: Dental services. Need signals: after hours coverage, appointment scheduling, customer support. Verification: verified own site."
discovered:b2945032-55da-44bb-b146-67e104a0f2a6,05a699ff-a60d-4c24-86ad-8e2f6a2a133f,1072,NURTURE,,40.1,LOW,"Closest client patterns: Behavioral health and counseling, Funeral services. Need signals: after hours coverage, appointment scheduling, customer support. Verification: verified own site."
discovered:7e591e92-4b95-4698-b9d3-267090c984f4,4373eb44-5907-4674-89c0-f48ae4d77f38,1073,NURTURE,,40.0,LOW,"Closest client patterns: Home repair and trades, Consumer services. Need signals: appointment scheduling, customer support, lead capture. Verification: license evidence, verified own site."
discovered:ce279d02-c56f-4c19-aed7-dc7cc3e86e2a,6e3ecf93-837e-477d-a9d7-5c9038c43f03,1074,NURTURE,,40.0,MEDIUM,"Closest client patterns: Alarm and security services, Elevator services. Need signals: after hours coverage, emergency dispatch, on call escalation. Verification: verified own site."
discovered:dbc93a9f-bbe1-45a6-922c-a6303fac3091,2f7f63ab-746d-4dc5-a4f6-d5bc5c7ec76b,1075,NURTURE,,40.0,LOW,"Closest client patterns: Religious organizations, Home repair and trades. Need signals: appointment scheduling, customer support, lead capture. Verification: verified own site."
discovered:d3cadbfa-80fb-4a9e-911c-bc63a2a49dd3,c5847bb6-900d-46f7-9022-2302d3c5f94e,1076,NURTURE,,40.0,MEDIUM,"Closest client patterns: Funeral services. Need signals: after hours coverage, customer support, on call escalation. Verification: verified own site."
discovered:b35a1082-7b25-4e39-ac1c-a543ff14dde7,c4de8b49-3a6b-4e17-8985-033b025d74aa,1077,NURTURE,,40.0,MEDIUM,"Closest client patterns: Funeral services. Need signals: after hours coverage, customer support, on call escalation. Verification: verified own site."
discovered:a34e7af8-04ba-4f22-a3db-cf227bc43649,007e6ed0-df4c-425e-974d-027facdba889,1078,NURTURE,,39.9,LOW,"Closest client patterns: Home repair and trades, Consumer services. Need signals: appointment scheduling, customer support, lead capture. Verification: license evidence, verified own site."
discovered:727628f8-1db3-47c8-86de-292ec96186d3,583885c9-a86f-4b51-9334-2a6991589a57,1079,NURTURE,,39.9,MEDIUM,"Closest client patterns: Home repair and trades, Consumer services. Need signals: appointment scheduling, customer support, lead capture. Verification: verified own site."
discovered:ce6ebd45-bc55-4dea-a325-fcc47eb167a9,828cf02c-c93a-40c4-b73c-aba91b319aac,1080,NURTURE,,39.9,HIGH,"Closest client patterns: Behavioral health and counseling. Need signals: after hours coverage, appointment scheduling, customer support. Verification: verified own site."
discovered:5bea1834-22fc-40ed-8b50-c96bf7be9897,c9f0add2-6b98-46a9-aebb-fe1292160db7,1081,NURTURE,,39.9,LOW,"Closest client patterns: Funeral services. Need signals: after hours coverage, customer support, on call escalation. Verification: verified own site."
discovered:916f6abb-54f3-4a76-9b4f-b55bc9135264,d9978b30-8c37-4d93-bb30-b922e6256d88,1082,NURTURE,,39.8,LOW,"Closest client patterns: Home repair and trades, Consumer services. Need signals: appointment scheduling, customer support, lead capture. Verification: license evidence, verified own site."
discovered:3e826481-f89e-4c71-ac97-522b60f76e41,601d558d-3919-4bd2-9eba-ae138a8a2d7d,1083,NURTURE,,39.8,MEDIUM,"Closest client patterns: Legal services, Consumer services. Need signals: after hours coverage, appointment scheduling, customer support. Verification: verified own site."
discovered:1f6fd482-08bf-4936-bd81-f9b1aa22f52f,179697ca-22c4-42ee-b15f-cadbde9bf0ae,1084,NURTURE,,39.8,LOW,"Closest client patterns: Industrial services, IT and technical services. Need signals: after hours coverage, customer support, emergency dispatch. Verification: verified own site."
discovered:20b93776-bcd2-426f-a80e-1d96162b8792,d4a4fbdb-7f47-45f5-960b-c616b53289b3,1085,NURTURE,,39.7,MEDIUM,"Closest client patterns: Legal services, Consumer services. Need signals: after hours coverage, appointment scheduling, customer support. Verification: verified own site."
discovered:a70da31a-cb15-4611-9196-848e57b432e7,14220687-3fc1-4929-8695-92b45b341c42,1086,NURTURE,,39.7,MEDIUM,"Closest client patterns: Property management and real estate. Need signals: after hours coverage, customer support, emergency dispatch. Verification: verified own site."
discovered:d1d3b34d-b8aa-4c88-9d65-77681af713fd,e7ae70a9-b149-46ee-8eff-6406f2993cc4,1087,NURTURE,,39.6,MEDIUM,"Closest client patterns: Dental services. Need signals: after hours coverage, appointment scheduling, customer support. Verification: verified own site."
discovered:2ff6fa8d-ca22-420d-8b86-99cfa160202b,cac97919-7091-4d4d-99b5-a625e688e19b,1088,NURTURE,,39.6,MEDIUM,"Closest client patterns: Behavioral health and counseling. Need signals: after hours coverage, appointment scheduling, customer support. Verification: verified own site."
discovered:d8bdfa0c-aaed-419c-82cd-e58ecbb9031c,9f7285e5-6323-4895-9b09-714ee5fe56ce,1089,NURTURE,,39.6,MEDIUM,"Closest client patterns: Behavioral health and counseling, Healthcare providers. Need signals: after hours coverage, appointment scheduling, customer support. Verification: verified own site."
discovered:41848aea-c55e-4ea0-9faa-4e3bd91865d9,06b6c47d-d5bd-4ab7-b386-ef41a1f75810,1090,NURTURE,,39.6,MEDIUM,"Closest client patterns: Property management and real estate. Need signals: after hours coverage, customer support, emergency dispatch. Verification: verified own site."
discovered:12d54aa7-aad3-47b0-a19a-39dc2ee983ab,e11fc46e-e705-44ac-969b-ef727751d66c,1091,NURTURE,,39.5,MEDIUM,"Closest client patterns: Healthcare providers, Funeral services. Need signals: after hours coverage, appointment scheduling, on call escalation. Verification: license evidence, verified own site."
discovered:3c5aead6-f1f2-49ba-ae24-50108cb05241,9d700f91-195e-4987-afe3-c0e5aaf0a5be,1092,NURTURE,,39.5,LOW,"Closest client patterns: Industrial services, Alarm and security services. Need signals: after hours coverage, emergency dispatch, on call escalation. Verification: verified own site."
discovered:04cee768-8f32-40fe-959e-54ea0bf8b783,3e7a5f99-3d28-46b2-9adc-db43042dbef8,1093,NURTURE,,39.5,MEDIUM,"Closest client patterns: Dental services. Need signals: after hours coverage, appointment scheduling, customer support. Verification: verified own site."
discovered:f55a5d67-f615-4b4c-8559-f8f0979b852f,84a0597a-807f-4937-b390-87cedf584f77,1094,NURTURE,,39.5,MEDIUM,"Closest client patterns: Dental services. Need signals: after hours coverage, appointment scheduling, customer support. Verification: verified own site."
discovered:707689d7-0b88-4d38-a9ae-9e1f7e126680,b0262cf8-5cbe-4c94-bdbc-b83198a32212,1095,NURTURE,,39.5,HIGH,"Closest client patterns: Property management and real estate. Need signals: after hours coverage, customer support, emergency dispatch. Verification: verified own site."
discovered:de9997e4-1311-4765-a828-27e65b33be4c,686503bf-30ee-48e8-86c5-c1501d65f348,1096,NURTURE,,39.5,MEDIUM,"Closest client patterns: Property management and real estate. Need signals: after hours coverage, customer support, emergency dispatch. Verification: verified own site."
discovered:9915e84a-3378-48a5-a7f2-a96619afd96b,e57084db-70ef-4a1b-844b-842bf762bcf4,1097,NURTURE,,39.5,MEDIUM,"Closest client patterns: Property management and real estate. Need signals: after hours coverage, customer support, emergency dispatch. Verification: verified own site."
discovered:31638470-e80b-42df-9762-af0a8f440d1c,721fb16b-56d7-4213-9aad-8bba0fae691e,1098,NURTURE,,39.4,MEDIUM,"Closest client patterns: Property management and real estate. Need signals: after hours coverage, customer support, emergency dispatch. Verification: verified own site."
discovered:5ac438a5-7f8d-4e53-8b39-67c83e80efff,ca4cd1a0-c492-46dd-9a0d-124ffc5bbf34,1099,NURTURE,,39.4,MEDIUM,"Closest client patterns: Property management and real estate. Need signals: after hours coverage, customer support, emergency dispatch. Verification: verified own site."
discovered:443c4f91-e046-4544-bdd5-73fb0f55235a,d7f1eb78-18b4-4e29-aef7-692a2aef1c51,1100,NURTURE,,39.4,MEDIUM,"Closest client patterns: Behavioral health and counseling, Funeral services. Need signals: after hours coverage, appointment scheduling, customer support. Verification: verified own site."
discovered:00abecce-24f1-4fd0-afe1-b5c638440f81,38d01851-fa4b-4300-85da-7a1d1a758148,1101,NURTURE,,39.4,MEDIUM,"Closest client patterns: Dental services. Need signals: after hours coverage, appointment scheduling, customer support. Verification: verified own site."
discovered:889bc730-0662-4c7a-bb93-8525564a6b78,82f58924-a719-4d9a-a3b5-1f7c831c13c8,1102,NURTURE,,39.4,LOW,"Closest client patterns: Industrial services, Alarm and security services. Need signals: after hours coverage, emergency dispatch, on call escalation. Verification: verified own site."
discovered:c9a60c76-1fd6-46db-98c4-6c656680a06d,71cc8355-6b6b-4ce3-b02b-7315816fea19,1103,NURTURE,,39.3,LOW,"Closest client patterns: Mechanical and HVAC services, Property management and real estate. Need signals: after hours coverage, emergency dispatch, lead capture. Verification: license evidence, verified own site."
discovered:6ca6ab39-f9fe-4901-b650-c372d571b5b2,f17968d6-31f5-48d7-ad1c-1691cddccf50,1104,NURTURE,,39.3,MEDIUM,"Closest client patterns: Property management and real estate. Need signals: after hours coverage, customer support, emergency dispatch. Verification: license evidence, verified own site."
discovered:f8a5faf1-8fe6-4611-a657-3da20ece05ef,d7120504-1e06-4201-a652-4ac75972c8d5,1105,NURTURE,,39.3,MEDIUM,"Closest client patterns: Dental services. Need signals: after hours coverage, appointment scheduling, customer support. Verification: verified own site."
discovered:6f3a6103-9954-488c-9822-3bbc5a5185e8,f2f1b64b-dc13-46e5-9e4f-b054bd73d52e,1106,NURTURE,,39.3,MEDIUM,"Closest client patterns: Property management and real estate. Need signals: after hours coverage, customer support, emergency dispatch. Verification: verified own site."
discovered:fccf8b2b-8526-432f-a80b-891d7159d858,eef77861-0a30-417f-97b7-561166a82d10,1107,NURTURE,,39.2,MEDIUM,"Closest client patterns: Dental services. Need signals: after hours coverage, appointment scheduling, customer support. Verification: verified own site."
discovered:deb23838-2b6a-4942-988a-04e5bb13fd85,5f6bc47c-2ac0-44f5-b85a-b0ddc318646d,1108,NURTURE,,39.2,MEDIUM,"Closest client patterns: Mechanical and HVAC services, Industrial services. Need signals: after hours coverage, emergency dispatch, on call escalation. Verification: verified own site."
discovered:27e8903b-fdc4-49d7-b8f8-565d4c4ef580,ed622d76-6074-4ed0-957e-38e17fe452e3,1109,NURTURE,,39.2,MEDIUM,"Closest client patterns: Dental services. Need signals: after hours coverage, appointment scheduling, customer support. Verification: verified own site."
discovered:a0372671-3dbc-4f5e-a827-c35855af80be,6e0ba27f-fbf5-4ed0-a9f9-39cb22821bad,1110,NURTURE,,39.2,MEDIUM,"Closest client patterns: Property management and real estate. Need signals: after hours coverage, customer support, emergency dispatch. Verification: verified own site."
discovered:06da068c-9d6e-4adc-b8d0-b78be3286d60,9838dcba-1bdc-470a-8a4c-ce55e4bac85a,1111,NURTURE,,39.1,LOW,"Closest client patterns: Behavioral health and counseling, Municipal public works. Need signals: after hours coverage, appointment scheduling, on call escalation. Verification: license evidence, verified own site."
discovered:d379cfbd-f301-4874-b895-cc67e8c5f228,793ee57c-5ad8-41c8-a1b2-58ac01952794,1112,NURTURE,,39.1,LOW,"Closest client patterns: Home repair and trades, Industrial services. Need signals: after hours coverage, appointment scheduling, emergency dispatch. Verification: verified own site."
discovered:f309a27c-4667-4fdf-a806-088c3a1fd091,15924b68-8f91-46f2-98e5-8a3665c60b39,1113,NURTURE,,39.1,MEDIUM,"Closest client patterns: Dental services. Need signals: after hours coverage, appointment scheduling, customer support. Verification: verified own site."
discovered:87f00eab-200e-4aae-9c6f-d69698ceedb8,e165a195-cea1-4d0a-b926-59d1871022af,1114,NURTURE,,39.1,MEDIUM,"Closest client patterns: Property management and real estate. Need signals: after hours coverage, customer support, emergency dispatch. Verification: verified own site."
discovered:bf058284-b59f-4e88-94ae-3619ceddd88f,7010cab5-c300-40bb-8b0a-17787e3dff61,1115,NURTURE,,39.1,LOW,"Closest client patterns: Funeral services. Need signals: after hours coverage, customer support, on call escalation. Verification: verified own site."
discovered:91e48203-3625-4382-962c-6d869504c3f2,c2578c19-4635-4863-ac27-9c9e8ce75dcf,1116,NURTURE,,39.1,MEDIUM,"Closest client patterns: Behavioral health and counseling, Funeral services. Need signals: after hours coverage, appointment scheduling, customer support. Verification: verified own site."
discovered:d2503548-7643-4718-958c-5c24455a6a0d,82483cfe-46f5-48c1-a547-2d42d52bb81d,1117,NURTURE,,39.0,MEDIUM,"Closest client patterns: Dental services. Need signals: after hours coverage, appointment scheduling, customer support. Verification: verified own site."
discovered:4d6da223-7c7c-44a3-9df1-bc43256c021c,bc410726-24d1-4d26-875c-0000f337cb5d,1118,NURTURE,,39.0,LOW,"Closest client patterns: Industrial services, Alarm and security services. Need signals: after hours coverage, emergency dispatch, on call escalation. Verification: verified own site."
discovered:c0fc3467-cb45-44aa-b203-ef5d1186e4d6,a2ea73f2-8614-4e0c-83bb-1d93089a6c30,1119,NURTURE,,39.0,LOW,"Closest client patterns: Home repair and trades, Industrial services. Need signals: after hours coverage, appointment scheduling, emergency dispatch. Verification: verified own site."
discovered:99102cdf-eed2-4cda-ab3d-fe1a21bfcfd6,da6dc4f7-3be2-4c38-a8ac-2364740c7c1e,1120,NURTURE,,39.0,MEDIUM,"Closest client patterns: Dental services. Need signals: after hours coverage, appointment scheduling, customer support. Verification: verified own site."
discovered:f79f5cb7-4abd-4a02-bb8b-3906083e4130,9d5da12b-1dde-475b-a411-1794503529ab,1121,NURTURE,,39.0,MEDIUM,"Closest client patterns: Property management and real estate. Need signals: after hours coverage, customer support, emergency dispatch. Verification: verified own site."
discovered:b25a24e2-7432-4dcb-93d3-0fc58ad51f63,d445ece4-ef64-4877-ba98-0e32052ee41b,1122,NURTURE,,39.0,MEDIUM,"Closest client patterns: Dental services. Need signals: after hours coverage, appointment scheduling, customer support. Verification: verified own site."
discovered:cabe016a-d6b6-4da9-8ca9-b221816b26a2,a0a223b1-e472-4520-b513-ec8ffe6a41df,1123,NURTURE,,38.9,LOW,"Closest client patterns: Home repair and trades, Consumer services. Need signals: appointment scheduling, customer support, lead capture. Verification: license evidence, verified own site."
discovered:8cbcba1c-9d8a-4475-b717-23b59ebc7218,6a97db16-bc22-4a39-9432-834c32acfaa3,1124,NURTURE,,38.9,LOW,"Closest client patterns: Healthcare providers, Elevator services. Need signals: after hours coverage, appointment scheduling, on call escalation. Verification: license evidence, verified own site."
discovered:d95453f8-a233-4791-9e38-f0fcfc6c8b63,79fe6c4c-f4bb-49da-a5f1-819f366cd8f3,1125,NURTURE,,38.9,LOW,"Closest client patterns: Home repair and trades, Funeral services. Need signals: after hours coverage, appointment scheduling, emergency dispatch. Verification: verified own site."
discovered:41b9084d-efd2-45da-8b17-51e3d7af5822,cd1d46b1-4fdb-47d6-b121-ab1e1c9a4bbb,1126,NURTURE,,38.9,LOW,"Closest client patterns: Funeral services. Need signals: after hours coverage, customer support, on call escalation. Verification: verified own site."
discovered:c43ccd02-f33e-48fd-ab36-a8f407ed0ba9,5314cbfa-0981-413c-9bc3-41c452d33a08,1127,NURTURE,,38.9,LOW,"Closest client patterns: Consumer services, Mechanical and HVAC services. Need signals: after hours coverage, emergency dispatch, on call escalation. Verification: verified own site."
discovered:77fd83e7-a6da-4c05-9c9c-0ca4c0704408,828d63d7-02ff-4854-9003-3a0751400b47,1128,NURTURE,,38.8,LOW,"Closest client patterns: Home repair and trades, Consumer services. Need signals: appointment scheduling, customer support, lead capture. Verification: license evidence, verified own site."
discovered:6f5a18cd-f881-44db-8b14-bf4bfd28a789,177ff30a-9e07-4a0b-86d9-2f997b6753fd,1129,NURTURE,,38.8,LOW,"Closest client patterns: Mechanical and HVAC services. Need signals: after hours coverage, emergency dispatch, lead capture. Verification: verified own site."
discovered:52ed6544-7ebb-4992-86f0-4d5e4d91f602,13af1c15-d4ac-40b4-89b0-1d2c73fc8ea6,1130,NURTURE,,38.8,LOW,"Closest client patterns: Dental services. Need signals: after hours coverage, appointment scheduling, customer support. Verification: verified own site."
discovered:f169dd77-8f13-40e8-a530-bd67028bd334,13f4ebae-a52f-4c58-b533-ffa2f48725d9,1131,NURTURE,,38.8,MEDIUM,"Closest client patterns: Dental services. Need signals: after hours coverage, appointment scheduling, customer support. Verification: verified own site."
discovered:1cf5495f-4b69-4a38-9235-ca8f97be32a2,d7e098ce-260f-4fcc-9abe-a30bb1752940,1132,NURTURE,,38.8,LOW,"Closest client patterns: Home repair and trades, Funeral services. Need signals: after hours coverage, appointment scheduling, emergency dispatch. Verification: verified own site."
discovered:b7bb4d36-c399-4ebf-b9cc-0a7ab8ad7259,12cd0e5f-c82e-4c47-aaff-dfee2046a931,1133,NURTURE,,38.8,LOW,"Closest client patterns: Funeral services. Need signals: after hours coverage, customer support, on call escalation. Verification: verified own site."
discovered:bf3dd2fb-c433-4c8e-a00d-3b9ab8e6721b,1571f1ff-03ce-4f32-8f41-aa86c04b87ca,1134,NURTURE,,38.8,MEDIUM,"Closest client patterns: Property management and real estate. Need signals: after hours coverage, customer support, emergency dispatch. Verification: verified own site."
discovered:0b5cf8bf-8ef0-44e6-99f3-dac32b7c0ecd,26a7addb-c2bd-47bf-9f56-dcb8643a94b5,1135,NURTURE,,38.8,MEDIUM,"Closest client patterns: Dental services. Need signals: after hours coverage, appointment scheduling, customer support. Verification: verified own site."
discovered:956d0174-0d0f-4e25-be97-6ad0b30f520b,8b9b9a74-3af0-4eb0-a507-78070091fcf3,1136,NURTURE,,38.7,LOW,"Closest client patterns: Home repair and trades, Consumer services. Need signals: appointment scheduling, customer support, lead capture. Verification: verified own site."
discovered:1394d843-8e60-4464-bcb5-200708315dc5,5125bc56-2720-4712-9ba8-2dd60554e8c2,1137,NURTURE,,38.7,MEDIUM,"Closest client patterns: Dental services. Need signals: after hours coverage, appointment scheduling, customer support. Verification: verified own site."
discovered:23d533b8-5b44-4fe5-9ecd-9f62f947f82c,64d9f807-67e3-4dcc-9fb9-0a1df5d44d23,1138,NURTURE,,38.7,MEDIUM,"Closest client patterns: Property management and real estate. Need signals: after hours coverage, customer support, emergency dispatch. Verification: verified own site."
discovered:b9578922-531a-40f3-931b-95a1ca852a66,9f272f1e-e791-4e75-974a-08db57005e71,1139,NURTURE,,38.7,LOW,"Closest client patterns: Industrial services, Alarm and security services. Need signals: after hours coverage, emergency dispatch, on call escalation. Verification: verified own site."
discovered:6f935110-5a76-4dbd-9e52-aecf529e41cb,92b895b7-ac50-4062-bf2e-91700beb560f,1140,NURTURE,,38.7,LOW,"Closest client patterns: Funeral services. Need signals: after hours coverage, customer support, on call escalation. Verification: verified own site."
discovered:4215ac4c-f1bb-450e-bcbd-e5e9b9e86eac,1ed22e2c-5449-48b7-9fc9-014f5d6842d5,1141,NURTURE,,38.6,MEDIUM,"Closest client patterns: Dental services. Need signals: after hours coverage, appointment scheduling, customer support. Verification: verified own site."
discovered:37ef488e-3dfc-4bfc-bc46-be7d98604359,04773503-adf4-431d-adc5-3d7322609bcb,1142,NURTURE,,38.6,MEDIUM,"Closest client patterns: Dental services. Need signals: after hours coverage, appointment scheduling, customer support. Verification: verified own site."
discovered:ea10e0a7-ed24-448c-9b0f-eb6a070205b7,b3d3022d-574e-4ad5-acb4-0e6dc3ca39a6,1143,NURTURE,,38.6,MEDIUM,"Closest client patterns: Behavioral health and counseling. Need signals: after hours coverage, appointment scheduling, customer support. Verification: verified own site."
discovered:a15e9ffe-ade2-4dab-b0a4-25c4aa7e931f,b5187797-f869-40dd-92c5-0d8493eb444e,1144,NURTURE,,38.6,LOW,"Closest client patterns: Funeral services. Need signals: after hours coverage, customer support, on call escalation. Verification: verified own site."
discovered:b63529c1-9b35-4bdd-a178-8a48e9c461ab,be4b1411-3af7-4d89-b2b8-df7cb03752a2,1145,NURTURE,,38.6,MEDIUM,"Closest client patterns: Dental services. Need signals: after hours coverage, appointment scheduling, customer support. Verification: verified own site."
discovered:06db5887-19be-4f4c-9c61-2de5e297e24f,f7caa2c2-ccea-4fb8-800f-509e9b94eecc,1146,NURTURE,,38.6,MEDIUM,"Closest client patterns: Property management and real estate. Need signals: after hours coverage, customer support, emergency dispatch. Verification: verified own site."
discovered:04b316fd-7dbe-4bb6-a5b6-10a435d189ed,8b0afdfb-6f30-4e97-bbee-5bac23a6e07d,1147,NURTURE,,38.5,LOW,"Closest client patterns: Behavioral health and counseling, Municipal assistance. Need signals: after hours coverage, appointment scheduling, on call escalation. Verification: license evidence, verified own site."
discovered:ab203b8b-9b8a-48dc-9983-0409ec4b1f5b,fc32f634-c2b9-4654-a551-e2a5b4bd6979,1148,NURTURE,,38.5,LOW,"Closest client patterns: Home repair and trades, Consumer services. Need signals: appointment scheduling, customer support, lead capture. Verification: license evidence, verified own site."
discovered:6d8273d3-4b9a-48a8-84ad-7c9b96e629d6,1c66c2f0-8646-44f4-800d-a9cfe39c926d,1149,NURTURE,,38.5,MEDIUM,"Closest client patterns: Dental services. Need signals: after hours coverage, appointment scheduling, customer support. Verification: verified own site."
discovered:5f39785e-2c8e-4043-b4a5-d821bce9910e,05a3e2fb-ef87-40fe-943f-75bb1c5ee955,1150,NURTURE,,38.5,MEDIUM,"Closest client patterns: Property management and real estate. Need signals: after hours coverage, customer support, emergency dispatch. Verification: verified own site."
discovered:853f912a-42b5-483c-b1a3-73d93fc8ef22,35ef56de-5760-4c79-9b0d-d257e4622e82,1151,NURTURE,,38.5,LOW,"Closest client patterns: Mechanical and HVAC services. Need signals: after hours coverage, emergency dispatch, lead capture. Verification: verified own site."
discovered:dd28fc3c-bc95-4588-8aff-c6832b1e5f5a,735b6fb5-a526-4e53-b80b-8d7fd087ac2d,1152,NURTURE,,38.5,MEDIUM,"Closest client patterns: Property management and real estate. Need signals: after hours coverage, customer support, emergency dispatch. Verification: verified own site."
discovered:76cde92d-c1f2-444c-b56d-a8ddc2ce0b88,806e2934-fa9c-4e74-a49a-f0b6bde34d60,1153,NURTURE,,38.5,LOW,"Closest client patterns: Industrial services, Alarm and security services. Need signals: after hours coverage, emergency dispatch, on call escalation. Verification: verified own site."
discovered:f604cd74-2e43-4a98-a411-183c681b53a8,4a20889e-7457-4e23-bc84-ca2727c48173,1154,NURTURE,,38.5,LOW,"Closest client patterns: Home repair and trades, Consumer services. Need signals: appointment scheduling, customer support, lead capture. Verification: verified own site."
discovered:65cdaf1a-767b-404d-899d-42a52b7e034c,d9de88c8-5d6e-430d-b1cb-71c04ba8d747,1155,NURTURE,,38.5,MEDIUM,"Closest client patterns: Behavioral health and counseling, Funeral services. Need signals: after hours coverage, appointment scheduling, customer support. Verification: verified own site."
discovered:9c4a3845-ee0b-435d-890d-089e84906e88,37dcac01-93ac-4ad9-b30c-acd2d971c6dc,1156,NURTURE,,38.5,MEDIUM,"Closest client patterns: Behavioral health and counseling. Need signals: after hours coverage, appointment scheduling, customer support. Verification: verified own site."
discovered:502b8ab3-30e9-4204-915a-d219dbbea143,35c249a4-ad78-411e-9771-cc0a56f76e7f,1157,NURTURE,,38.5,LOW,"Closest client patterns: Dental services. Need signals: after hours coverage, appointment scheduling, customer support. Verification: verified own site."
discovered:923eb1fc-16c3-4aaf-a29c-304bf4142d40,01cb7d6c-b169-44b7-aba6-23f0a60f8e17,1158,NURTURE,,38.5,MEDIUM,"Closest client patterns: Dental services. Need signals: after hours coverage, appointment scheduling, customer support. Verification: verified own site."
discovered:a82a502f-febe-4056-bdfb-1f3f76495b0f,ea36224e-4b03-4180-b4ce-b68918460a14,1159,NURTURE,,38.5,LOW,"Closest client patterns: Industrial services, Alarm and security services. Need signals: after hours coverage, emergency dispatch, on call escalation. Verification: verified own site."
discovered:9812f877-f74d-4af6-9a74-59e97c5f5a9f,0eecf0c1-a2a1-4a45-abb5-d76419c64b04,1160,NURTURE,,38.5,MEDIUM,"Closest client patterns: Dental services. Need signals: after hours coverage, appointment scheduling, customer support. Verification: verified own site."
discovered:4900d8ff-1667-4bf1-9a14-6e7194b6b956,aacf64bf-a3cf-4d7c-afa0-b17245795a35,1161,NURTURE,,38.5,MEDIUM,"Closest client patterns: Consumer services, Healthcare providers. Need signals: after hours coverage, appointment scheduling, on call escalation. Verification: verified own site."
discovered:7d7dac2f-f88b-43e7-854f-349915ba53d8,1ca7d4ee-e2c7-49cb-9e26-c50d15d2df60,1162,NURTURE,,38.4,LOW,"Closest client patterns: Home repair and trades, Consumer services. Need signals: after hours coverage, appointment scheduling, emergency dispatch. Verification: license evidence, verified own site."
discovered:da0287be-a1a4-48d1-90fa-54f91bb76475,5ba841ec-fcaf-47d9-a378-aa75a17cbf42,1163,NURTURE,,38.4,LOW,"Closest client patterns: Home repair and trades, Consumer services. Need signals: appointment scheduling, customer support, lead capture. Verification: verified own site."
discovered:c41d0b08-886a-43eb-b341-3f9bf38ab9d5,ffa5411b-e526-475f-aa7a-042ddc7c56d7,1164,NURTURE,,38.4,MEDIUM,"Closest client patterns: Funeral services. Need signals: after hours coverage, customer support, on call escalation. Verification: verified own site."
discovered:97e138d8-7023-4e78-bb26-e9e740a249d9,c4abfd00-6e16-4808-9e41-04fffecd7d3b,1165,NURTURE,,38.4,LOW,"Closest client patterns: Mechanical and HVAC services. Need signals: after hours coverage, emergency dispatch, lead capture. Verification: verified own site."
discovered:3d901326-a190-4192-b80f-ac50368cd0bf,6dc9018b-5964-4349-b6a9-da272bc44d34,1166,NURTURE,,38.4,MEDIUM,"Closest client patterns: Property management and real estate. Need signals: after hours coverage, customer support, emergency dispatch. Verification: verified own site."
discovered:69a592f6-2bc4-459b-95b6-fbbca2264d2a,fd26e03b-2551-483c-814f-07299a134dff,1167,NURTURE,,38.4,LOW,"Closest client patterns: Dental services, Consumer services. Need signals: after hours coverage, appointment scheduling, customer support. Verification: verified own site."
discovered:aad21411-a91f-453c-a9c1-209b408b6a9d,df0687e2-c936-4b03-aff6-9634c854c8e1,1168,NURTURE,,38.3,LOW,"Closest client patterns: Dental services. Need signals: after hours coverage, appointment scheduling, customer support. Verification: verified own site."
discovered:41ba8a49-7c98-49e3-8b7d-6cf0079ea481,d2bf21d4-cbcd-4677-88cb-e7d01bc6ab3e,1169,NURTURE,,38.3,MEDIUM,"Closest client patterns: Property management and real estate. Need signals: after hours coverage, customer support, emergency dispatch. Verification: verified own site."
discovered:39978f0e-9320-47ca-894b-dae474407569,06b7b7b0-65f4-4ede-a44b-9e348bf388e5,1170,NURTURE,,38.3,LOW,"Closest client patterns: Dental services, Healthcare providers. Need signals: after hours coverage, appointment scheduling, customer support. Verification: verified own site."
discovered:bfaa71b2-1064-48dc-a7f3-acaa47d0f6e0,207b36cf-8f8d-43ef-b203-68e9f5329838,1171,NURTURE,,38.3,MEDIUM,"Closest client patterns: Property management and real estate. Need signals: after hours coverage, customer support, emergency dispatch. Verification: verified own site."
discovered:28da7953-7163-4994-930a-f0093cfc2f19,a3b7e1cb-4c63-4b13-b78a-943a157af216,1172,NURTURE,,38.3,LOW,"Closest client patterns: Municipal public works, Mechanical and HVAC services. Need signals: after hours coverage, customer support, on call escalation. Verification: verified own site."
discovered:be87a0ec-8229-4dc9-8793-7faeeb923c32,229bee35-be9c-4418-9893-b389f026607c,1173,NURTURE,,38.3,LOW,"Closest client patterns: Dental services. Need signals: after hours coverage, appointment scheduling, customer support. Verification: verified own site."
discovered:e6fef3e2-f1b6-4b83-b718-8b63b1ae378b,654df554-f9e6-436b-9290-8d606a53b543,1174,NURTURE,,38.3,LOW,"Closest client patterns: Dental services. Need signals: after hours coverage, appointment scheduling, customer support. Verification: verified own site."
discovered:73f52282-a485-4b86-8c04-0a127d87188e,13bc36fb-cae2-4c3f-aa9e-857b4be5472e,1175,NURTURE,,38.2,LOW,"Closest client patterns: Home repair and trades, Consumer services. Need signals: appointment scheduling, customer support, lead capture. Verification: license evidence, verified own site."
discovered:091c063e-aa72-425d-bc52-dd6da83850ca,9351868f-7690-4a6c-bbbd-c4fe50ebf343,1176,NURTURE,,38.2,LOW,"Closest client patterns: Alarm and security services, Consumer services. Need signals: after hours coverage, emergency dispatch, on call escalation. Verification: verified own site."
discovered:46f7a53b-967f-44fc-bd35-65a187304d68,d2202841-7720-45fc-80f2-a5d6e0a2ee15,1177,NURTURE,,38.2,MEDIUM,"Closest client patterns: Consumer services, Healthcare providers. Need signals: after hours coverage, appointment scheduling, on call escalation. Verification: verified own site."
discovered:dcd10770-586e-4817-94be-ffb6ce337c9d,bf1e5ab7-4dc1-4de3-80aa-f546f385d22e,1178,NURTURE,,38.2,HIGH,"Closest client patterns: Behavioral health and counseling. Need signals: after hours coverage, appointment scheduling, customer support. Verification: verified own site."
discovered:b3bb948b-3e93-42b9-94cd-4e718474828e,11a4a62f-6f4a-4d9a-86c7-0caa2f0cd2d8,1179,NURTURE,,38.2,LOW,"Closest client patterns: Mechanical and HVAC services. Need signals: after hours coverage, emergency dispatch, lead capture. Verification: verified own site."
discovered:a666be4b-636b-4f26-93cb-4eff50840d5d,23b56bb8-ab4f-4a9e-ac49-fbee1593985a,1180,NURTURE,,38.2,LOW,"Closest client patterns: Dental services. Need signals: after hours coverage, appointment scheduling, customer support. Verification: verified own site."
discovered:ed953ca4-ea0b-4a77-ad3b-5a65c958dbf8,7ec7484d-a7c2-42a3-842a-f27ed620207a,1181,NURTURE,,38.2,LOW,"Closest client patterns: Dental services. Need signals: after hours coverage, appointment scheduling, customer support. Verification: verified own site."
discovered:66b7e68b-ca4c-4185-ba98-c420815f1c51,397bcdf3-c43b-4aec-af58-ed71476a88b0,1182,NURTURE,,38.2,LOW,"Closest client patterns: Dental services. Need signals: after hours coverage, appointment scheduling, customer support. Verification: verified own site."
discovered:e81e85df-1044-455d-b6a4-3ebb53414aee,3094e7bb-5330-41f9-a431-8951b0560965,1183,NURTURE,,38.1,LOW,"Closest client patterns: Home repair and trades, Consumer services. Need signals: appointment scheduling, customer support, lead capture. Verification: license evidence, verified own site."
discovered:a27f0530-e86a-493b-9b1c-1dfd839c134c,5b32d585-8552-4d01-b55d-774d81971dee,1184,NURTURE,,38.1,MEDIUM,"Closest client patterns: Legal services. Need signals: after hours coverage, appointment scheduling, customer support. Verification: verified own site."
discovered:e33af814-502d-4894-915c-cb909546c6f9,0a71c312-2a81-4ce2-a8ee-81c2cb452476,1185,NURTURE,,38.1,LOW,"Closest client patterns: Dental services. Need signals: after hours coverage, appointment scheduling, customer support. Verification: verified own site."
discovered:cb013c60-97a6-4728-8bd2-95edd361fbaa,f0e6535f-4b5e-4c14-af5b-f3e83e005eff,1186,NURTURE,,38.1,MEDIUM,"Closest client patterns: Funeral services. Need signals: after hours coverage, customer support, on call escalation. Verification: verified own site."
discovered:fc5bcffe-d105-4f5c-a440-456f559b494b,d95575f8-6c1f-4bd2-8a92-4aa095db5a15,1187,NURTURE,,38.1,LOW,"Closest client patterns: Mechanical and HVAC services. Need signals: after hours coverage, emergency dispatch, lead capture. Verification: verified own site."
discovered:d23f14dd-e9cc-4305-b1f3-1dac1d9afa89,c64a6020-a54f-4650-aa06-19e5f06e5ef9,1188,NURTURE,,38.1,MEDIUM,"Closest client patterns: Funeral services. Need signals: after hours coverage, customer support, on call escalation. Verification: verified own site."
discovered:afb3b898-bd61-4a56-b548-014f806c3d0a,b232376b-28b6-43fb-a06b-eccbce8b5c4a,1189,NURTURE,,38.1,LOW,"Closest client patterns: Mechanical and HVAC services. Need signals: after hours coverage, emergency dispatch, lead capture. Verification: verified own site."
discovered:4c824e0d-014e-4d9e-a41b-0d7c22babcab,979023ab-b233-483a-8dde-0ec0e857c821,1190,NURTURE,,38.0,LOW,"Closest client patterns: Mechanical and HVAC services. Need signals: after hours coverage, emergency dispatch, lead capture. Verification: verified own site."
discovered:55bae259-5bda-4715-a88d-01caa8f658c8,fc4bb599-26ac-470d-98af-eab8fa287e2c,1191,NURTURE,,38.0,MEDIUM,"Closest client patterns: Property management and real estate. Need signals: after hours coverage, customer support, emergency dispatch. Verification: verified own site."
discovered:6b508a0b-6ffb-4095-9b83-155193639aa7,3db02563-2e96-40dd-882d-39eda0d75df3,1192,NURTURE,,38.0,MEDIUM,"Closest client patterns: Property management and real estate. Need signals: after hours coverage, customer support, emergency dispatch. Verification: verified own site."
discovered:00ac0b58-1a17-4774-96ed-67167931533f,ef8101c8-abe4-4b09-8443-495f605dfe81,1193,NURTURE,,38.0,LOW,"Closest client patterns: Mechanical and HVAC services. Need signals: after hours coverage, emergency dispatch, lead capture. Verification: verified own site."
discovered:9094eb4c-5b78-4423-81a7-acb08c3e3ffd,fa18f7b0-96a6-4926-9022-8bdf98c67544,1194,NURTURE,,38.0,LOW,"Closest client patterns: Home repair and trades, Consumer services. Need signals: appointment scheduling, customer support, lead capture. Verification: verified own site."
discovered:2f72ae5d-d5c3-4118-afd8-f59061ac78aa,99330470-23c5-42ab-826a-143c16a2cbfe,1195,NURTURE,,38.0,LOW,"Closest client patterns: Dental services. Need signals: after hours coverage, appointment scheduling, customer support. Verification: verified own site."
discovered:97cfacee-c0b2-4cd2-b276-0b60816f5315,452a20d6-320c-471a-9b82-c6d6a4e5a283,1196,NURTURE,,37.9,MEDIUM,"Closest client patterns: Behavioral health and counseling. Need signals: after hours coverage, appointment scheduling, customer support. Verification: verified own site."
discovered:5c482c91-ab11-408e-b5d6-15c26e6fc503,c249d2aa-05de-4725-9b23-cc70d0497e31,1197,NURTURE,,37.9,LOW,"Closest client patterns: Mechanical and HVAC services. Need signals: after hours coverage, emergency dispatch, lead capture. Verification: verified own site."
discovered:5385c6d1-2e25-44a4-b9cd-8820bb540841,0b7bf381-6ff3-42e2-b7ed-30c379802806,1198,NURTURE,,37.8,LOW,"Closest client patterns: Dental services, Consumer services. Need signals: after hours coverage, appointment scheduling, customer support. Verification: verified own site."
discovered:a098dcd3-d5d3-41fb-a980-bc0117deabca,87992108-f3c6-4567-8b8d-ec59ff0482b3,1199,NURTURE,,37.8,HIGH,"Closest client patterns: Behavioral health and counseling. Need signals: after hours coverage, appointment scheduling, customer support. Verification: verified own site."
discovered:43d17b6f-35ff-427d-b839-34a3ca3ca455,2dbf70a0-78af-4ea4-b366-54964d18145a,1200,NURTURE,,37.8,LOW,"Closest client patterns: Mechanical and HVAC services. Need signals: after hours coverage, emergency dispatch, lead capture. Verification: verified own site."
discovered:823a4507-60df-4da5-b366-94ddc4f67d77,a6521fab-5891-4b9a-adce-afb6617a4f8d,1201,NURTURE,,37.8,LOW,"Closest client patterns: Dental services, Consumer services. Need signals: after hours coverage, appointment scheduling, customer support. Verification: verified own site."
discovered:3529a09f-46ab-4ce9-898c-b2d379dea396,aa39407e-9d19-4573-8f35-52ccd15869e4,1202,NURTURE,,37.7,LOW,"Closest client patterns: Consumer services, Healthcare providers. Need signals: after hours coverage, appointment scheduling, on call escalation. Verification: verified own site."
discovered:7f877bb0-9271-4c98-9e9d-f11da42832c8,d570ff1a-74a8-4042-98a4-be754746bcd4,1203,NURTURE,,37.7,LOW,"Closest client patterns: Municipal public works, Municipal assistance. Need signals: after hours coverage, emergency dispatch, on call escalation. Verification: verified own site."
discovered:97edd0a9-4732-4a72-8265-4fa042373503,7aff7f17-e507-4daf-8600-74f9c3767e19,1204,NURTURE,,37.7,MEDIUM,"Closest client patterns: Property management and real estate. Need signals: after hours coverage, customer support, emergency dispatch. Verification: verified own site."
discovered:b241826e-a2bb-4eb0-8fb9-f8350d949df8,37290b5c-23f3-49f7-8401-123789a75b03,1205,NURTURE,,37.6,MEDIUM,"Closest client patterns: Property management and real estate. Need signals: after hours coverage, customer support, emergency dispatch. Verification: verified own site."
discovered:a13a9842-c4f3-4d74-b02b-42c6faa680e6,ce1f9b8b-3809-4da1-a860-ebe1c1ecaa39,1206,NURTURE,,37.6,MEDIUM,"Closest client patterns: Property management and real estate. Need signals: after hours coverage, customer support, emergency dispatch. Verification: verified own site."
discovered:bfde2b36-3cd5-4742-937e-5c899412c96d,e319164d-511b-4817-a4dd-abcb446df520,1207,NURTURE,,37.5,LOW,"Closest client patterns: Home repair and trades, Consumer services. Need signals: appointment scheduling, customer support, lead capture. Verification: license evidence, verified own site."
discovered:b1025520-7e33-4264-a107-2ecca06f3985,1bab51ec-ff07-489d-880d-3c3b6ccde998,1208,NURTURE,,37.5,MEDIUM,"Closest client patterns: Mechanical and HVAC services. Need signals: after hours coverage, emergency dispatch, lead capture. Verification: license evidence, verified own site."
discovered:8040f458-e7a7-49da-8c31-1eb84925ad0b,91111817-37e7-4274-b9a0-a62d222b4597,1209,NURTURE,,37.5,HIGH,"Closest client patterns: Dental services. Need signals: after hours coverage, appointment scheduling, customer support. Verification: verified own site."
discovered:b8adaf15-653f-4ab1-b6de-b75da6c37420,f7dc3522-0bac-4e10-82d1-80dfc0b9aae0,1210,NURTURE,,37.5,LOW,"Closest client patterns: Industrial services, Alarm and security services. Need signals: after hours coverage, emergency dispatch, on call escalation. Verification: verified own site."
discovered:9a9fb344-5ce7-4f8f-a3d4-26785fa0f5db,c6832546-2fd4-40ff-ad9c-4b64bbae765b,1211,NURTURE,,37.5,LOW,"Closest client patterns: Dental services, Consumer services. Need signals: after hours coverage, appointment scheduling, customer support. Verification: verified own site."
discovered:89e73baa-ebf1-4f0d-a0d1-019347bb2df2,4d90e943-2588-4e76-83e2-3b7431dcece2,1212,NURTURE,,37.4,LOW,"Closest client patterns: Home repair and trades, Consumer services. Need signals: appointment scheduling, customer support, lead capture. Verification: license evidence, verified own site."
discovered:87735d85-9b3d-403d-a9be-85d04fbb1b69,efb1f5c3-e610-40d2-860c-b25e35f40cf9,1213,NURTURE,,37.4,MEDIUM,"Closest client patterns: Property management and real estate. Need signals: after hours coverage, customer support, emergency dispatch. Verification: verified own site."
discovered:0f23c516-ebdc-44bb-8875-1ab0b8014283,9a59bb87-b89b-4170-b909-bd2a175304ef,1214,NURTURE,,37.4,MEDIUM,"Closest client patterns: Legal services. Need signals: after hours coverage, appointment scheduling, customer support. Verification: verified own site."
discovered:bc16e284-6122-414b-990d-9d6ee1f20abf,2ab8c220-c55a-416c-ba74-408510c002aa,1215,NURTURE,,37.4,LOW,"Closest client patterns: Mechanical and HVAC services, Industrial services. Need signals: after hours coverage, emergency dispatch, on call escalation. Verification: verified own site."
discovered:813b9a2f-b56f-4d8b-9512-05fd666a1f50,5c436791-e33e-4592-a2cf-4beb9963af1f,1216,NURTURE,,37.4,MEDIUM,"Closest client patterns: Consumer services, Healthcare providers. Need signals: after hours coverage, appointment scheduling, on call escalation. Verification: verified own site."
discovered:3f5e0218-ecff-4898-b5c8-d996414f0bae,451f3fd1-3c9d-45ac-996a-cd5aded9fbaf,1217,NURTURE,,37.3,LOW,"Closest client patterns: Dental services, Consumer services. Need signals: after hours coverage, appointment scheduling, customer support. Verification: verified own site."
discovered:b46a5644-4778-4593-a38f-3e6f982a6562,a7ce0a83-d133-4083-b2f3-34ec925e7067,1218,NURTURE,,37.3,MEDIUM,"Closest client patterns: Funeral services. Need signals: after hours coverage, customer support, on call escalation. Verification: verified own site."
discovered:e62d2b0c-0acf-4677-afda-a0a9229a0671,9fd350f6-355a-4b68-aa09-4fbc1bbfcfde,1219,NURTURE,,37.3,LOW,"Closest client patterns: Dental services. Need signals: after hours coverage, appointment scheduling, customer support. Verification: verified own site."
discovered:5518a8ca-b534-4b58-8ab9-e68e80b53614,5229625f-2b24-405f-9c3e-df6b59c22701,1220,NURTURE,,37.2,LOW,"Closest client patterns: Home repair and trades, Consumer services. Need signals: appointment scheduling, customer support, lead capture. Verification: license evidence, verified own site."
discovered:f685f249-f046-471b-967b-95cf3b971e9b,f09843af-89c7-4b58-b4fa-86bdea7081d2,1221,NURTURE,,37.2,LOW,"Closest client patterns: Mechanical and HVAC services, Municipal assistance. Need signals: after hours coverage, emergency dispatch, lead capture. Verification: verified own site."
discovered:8c4da5ff-1e33-41b1-ae08-8e9b12f40071,2742790d-0fcb-42cb-b88e-0caf62e68b24,1222,NURTURE,,37.2,HIGH,"Closest client patterns: Behavioral health and counseling. Need signals: after hours coverage, appointment scheduling, customer support. Verification: verified own site."
discovered:8977bd06-bc60-4e21-9a52-5f5b857042e9,a9c63c57-630f-40e4-9e02-a6e8222d6392,1223,NURTURE,,37.2,LOW,"Closest client patterns: Industrial services, IT and technical services. Need signals: after hours coverage, customer support, emergency dispatch. Verification: verified own site."
discovered:9a0e2188-a85a-4284-83fc-8729ae9f3a07,163eae31-cfc7-4d9b-bc3e-7317272b16dc,1224,NURTURE,,37.1,MEDIUM,"Closest client patterns: Property management and real estate. Need signals: after hours coverage, customer support, emergency dispatch. Verification: verified own site."
discovered:ff4fd7b1-fd52-4fc8-9c2c-1cd2b0938bee,2c2f9f1a-1fd5-48e4-91b1-8288b436b0c3,1225,NURTURE,,37.1,LOW,"Closest client patterns: Home repair and trades, Consumer services. Need signals: appointment scheduling, customer support, lead capture. Verification: verified own site."
discovered:97919d43-642e-4a8e-9e1a-0d4152a0787f,1c69aa5a-24bb-4bc0-9e4a-cd391d4ae20b,1226,NURTURE,,37.1,MEDIUM,"Closest client patterns: Legal services. Need signals: after hours coverage, appointment scheduling, customer support. Verification: verified own site."
discovered:e3e95b56-72b0-471b-aea8-864da227b78b,18d16580-8c2b-412d-becf-315d8bef75b6,1227,NURTURE,,37.0,MEDIUM,"Closest client patterns: Healthcare providers, Behavioral health and counseling. Need signals: after hours coverage, appointment scheduling, customer support. Verification: verified own site."
discovered:ad2fb3ce-60d1-463d-91c1-175ee91aadcb,c7b22f40-62f3-4ba7-ada2-7fa081cdcd54,1228,NURTURE,,36.9,MEDIUM,"Closest client patterns: Funeral services. Need signals: after hours coverage, customer support, on call escalation. Verification: verified own site."
discovered:93b1f806-09e2-4931-b6cb-6870756c0332,83441401-4acd-4c87-9123-e7ca17b4c87c,1229,NURTURE,,36.9,MEDIUM,"Closest client patterns: Industrial services, Consumer services. Need signals: after hours coverage, emergency dispatch, on call escalation. Verification: verified own site."
discovered:0dadf028-89bb-46b7-9ba5-d0a6e67ea366,8f718397-a248-4e4f-a53f-82548d090a29,1230,NURTURE,,36.8,LOW,"Closest client patterns: Home repair and trades, Consumer services. Need signals: appointment scheduling, customer support, lead capture. Verification: license evidence, verified own site."
discovered:fe2cefc6-895e-4d84-aa70-6eb1487c8756,7db1af6e-15d9-4571-a57a-ff1d60278498,1231,NURTURE,,36.8,MEDIUM,"Closest client patterns: Property management and real estate. Need signals: after hours coverage, customer support, emergency dispatch. Verification: verified own site."
discovered:bae9363e-c865-4826-83e8-1afcf5cf749d,f8c54acb-1fbd-42bd-83d5-ccc1b9e3ec90,1232,NURTURE,,36.8,LOW,"Closest client patterns: Home repair and trades, Consumer services. Need signals: appointment scheduling, customer support, lead capture. Verification: verified own site."
discovered:709bd135-0ac9-40ec-be7a-d97343f71a2d,b72b5d0e-ec3a-4bef-92f4-4c1e1d407be3,1233,NURTURE,,36.8,LOW,"Closest client patterns: Behavioral health and counseling, Elevator services. Need signals: after hours coverage, appointment scheduling, customer support. Verification: verified own site."
discovered:30da9c40-f070-4929-b9bb-6233ec51d644,0c365f9e-b7a4-477e-80bb-4d63447c3ba9,1234,NURTURE,,36.8,MEDIUM,"Closest client patterns: Legal services. Need signals: after hours coverage, appointment scheduling, customer support. Verification: verified own site."
discovered:1dbbe230-6c60-435a-af45-4a827e5cc2b7,39b9565d-c347-416a-93a7-cc717c4f885b,1235,NURTURE,,36.8,MEDIUM,"Closest client patterns: Legal services. Need signals: after hours coverage, appointment scheduling, customer support. Verification: verified own site."
discovered:ee2dcb30-a549-47cc-97b3-3d9bf1731a82,5212777f-efa4-436c-afa6-6150d79d79cd,1236,NURTURE,,36.7,MEDIUM,"Closest client patterns: Property management and real estate. Need signals: after hours coverage, customer support, emergency dispatch. Verification: verified own site."
discovered:06a9e6e3-55ac-42e7-8071-119ad3a05ddb,44421993-d9e9-4287-a993-34dec3a911d2,1237,NURTURE,,36.7,LOW,"Closest client patterns: Mechanical and HVAC services, Municipal public works. Need signals: after hours coverage, emergency dispatch, lead capture. Verification: verified own site."
discovered:6ba3b6cf-8545-4230-9a38-b375be72a3be,5bcb7e01-f5d6-4cb4-92f6-85a397dcfb1f,1238,NURTURE,,36.6,MEDIUM,"Closest client patterns: Legal services. Need signals: after hours coverage, appointment scheduling, customer support. Verification: verified own site."
discovered:d3a81211-291f-45f9-a96a-d2c2588191cd,898a9cc5-a588-44cd-97b2-a93a443d55d3,1239,NURTURE,,36.6,MEDIUM,"Closest client patterns: Mechanical and HVAC services, Home repair and trades. Need signals: after hours coverage, emergency dispatch, lead capture. Verification: verified own site."
discovered:bd1be1d6-fcc9-4fbf-834e-6bae2302e599,a2052eb8-12c4-477c-b527-87cc912ef9be,1240,NURTURE,,36.5,LOW,"Closest client patterns: Home repair and trades, Consumer services. Need signals: appointment scheduling, customer support, lead capture. Verification: verified own site."
discovered:17fc5323-5262-48a3-ac2c-7ac047873eb4,efa283f5-4253-4623-bf41-172aafbddbfe,1241,NURTURE,,36.5,LOW,"Closest client patterns: Home repair and trades, Consumer services. Need signals: appointment scheduling, customer support, lead capture. Verification: verified own site."
discovered:e700a773-7293-4cd9-8815-16f991360a20,75dfcbae-137a-45d0-8e30-d3dce723842b,1242,NURTURE,,36.5,MEDIUM,"Closest client patterns: Property management and real estate. Need signals: after hours coverage, customer support, emergency dispatch. Verification: verified own site."
discovered:b2c29e86-915f-4156-999a-7f3fb64f5dbb,97aa6fe0-3e2a-44b8-a9d7-85d0ef6cacab,1243,NURTURE,,36.5,MEDIUM,"Closest client patterns: Legal services. Need signals: after hours coverage, appointment scheduling, customer support. Verification: verified own site."
discovered:477c2252-3502-4f0a-be83-1d8a33da9013,9e3b0c15-fe45-474f-85ff-d9a174455fa0,1244,NURTURE,,36.5,MEDIUM,"Closest client patterns: Property management and real estate. Need signals: after hours coverage, customer support, emergency dispatch. Verification: verified own site."
discovered:dfe405d3-a316-484b-9ff0-8384b11515ec,e376beb1-3493-4914-8382-f5a411636e12,1245,NURTURE,,36.5,LOW,"Closest client patterns: Home repair and trades, Consumer services. Need signals: appointment scheduling, customer support, lead capture. Verification: verified own site."
discovered:901c07ae-4dc4-4bb0-9f8f-fbf11f6580f8,8ad22557-147c-49c5-a9f4-179c8fdb0219,1246,NURTURE,,36.4,LOW,"Closest client patterns: Dental services, Consumer services. Need signals: after hours coverage, appointment scheduling, customer support. Verification: verified own site."
discovered:8cab4446-c99d-49ed-8106-d6524266d92c,2610e147-5000-40b1-b630-55cd3d728b94,1247,NURTURE,,36.4,MEDIUM,"Closest client patterns: Property management and real estate. Need signals: after hours coverage, customer support, emergency dispatch. Verification: verified own site."
discovered:09d7eb49-4f37-4663-80dc-8330c27b2690,25d26759-abc3-46f9-9444-45d36c45f844,1248,NURTURE,,36.4,LOW,"Closest client patterns: Mechanical and HVAC services, Municipal public works. Need signals: after hours coverage, emergency dispatch, on call escalation. Verification: verified own site."
discovered:13c96d8d-fe84-422d-bdb4-4be8a7269f0f,5d9c48ca-619b-42fb-8bb2-63c49f06ee14,1249,NURTURE,,36.3,LOW,"Closest client patterns: Industrial services, Home repair and trades. Need signals: after hours coverage, appointment scheduling, emergency dispatch. Verification: license evidence, verified own site."
discovered:6a729090-5b14-4aa0-87ed-cb48cc8157bd,dd63ddcf-224f-473c-8e14-9f5504cd8d37,1250,NURTURE,,36.3,LOW,"Closest client patterns: Home repair and trades, Consumer services. Need signals: appointment scheduling, customer support, lead capture. Verification: verified own site."
discovered:1ecba9f9-d1e8-4d9c-8a12-ec6018e8e1d8,b9baa3cc-ea4e-4759-8b45-b47278c0e52e,1251,NURTURE,,36.3,MEDIUM,"Closest client patterns: Property management and real estate. Need signals: after hours coverage, customer support, emergency dispatch. Verification: verified own site."
discovered:c882dcd9-6dd4-48b0-b3d1-293e05428d11,ce6ab8bb-b466-4203-8af1-76c59c319a62,1252,NURTURE,,36.3,LOW,"Closest client patterns: Mechanical and HVAC services. Need signals: after hours coverage, emergency dispatch, lead capture. Verification: verified own site."
discovered:b8e08f42-59c4-4be5-8dc6-febbf55e9194,6b0dbe77-2fc4-456c-b885-454526ca9bf5,1253,NURTURE,,36.3,LOW,"Closest client patterns: Home repair and trades, Consumer services. Need signals: appointment scheduling, customer support, lead capture. Verification: verified own site."
discovered:61e081be-3168-4352-ae7c-4318f482edb9,365bad39-0c11-4004-a5a9-aadb2ff960e2,1254,NURTURE,,36.2,LOW,"Closest client patterns: Municipal assistance, Consumer services. Need signals: after hours coverage, emergency dispatch, on call escalation. Verification: verified own site."
discovered:3c1ed9b2-96d6-4964-9c1d-8a51364b7a34,57d2ae35-c23c-4707-9e8e-57afac3b8319,1255,NURTURE,,36.2,LOW,"Closest client patterns: Home repair and trades, Consumer services. Need signals: appointment scheduling, customer support, lead capture. Verification: verified own site."
discovered:7239ec86-0dd0-4128-8195-3f8274395f46,de12293b-4439-4197-9704-1d76201d0d5a,1256,NURTURE,,36.2,MEDIUM,"Closest client patterns: Property management and real estate. Need signals: after hours coverage, customer support, emergency dispatch. Verification: verified own site."
discovered:464b6a17-1514-4a29-bcca-3f2a8613fbd6,71e06977-2476-4744-a576-8b307e47b0f1,1257,NURTURE,,36.2,LOW,"Closest client patterns: Home repair and trades, Consumer services. Need signals: appointment scheduling, customer support, lead capture. Verification: verified own site."
discovered:5e8aedd3-e5c9-4a97-9103-9965207787d7,fbc40021-866f-4a87-b419-a404524db68e,1258,NURTURE,,36.1,MEDIUM,"Closest client patterns: Property management and real estate. Need signals: after hours coverage, customer support, emergency dispatch. Verification: verified own site."
discovered:a11ab518-ccc2-40e6-bd81-7431363b2170,3c09df06-7b52-4f0d-98c9-b1a59f8fae1c,1259,NURTURE,,36.1,MEDIUM,"Closest client patterns: Legal services. Need signals: after hours coverage, appointment scheduling, customer support. Verification: verified own site."
discovered:063ba168-2da1-4369-9f70-233dcdeb0360,d660296a-f197-40e9-8c94-a92ca6ea27de,1260,NURTURE,,36.1,LOW,"Closest client patterns: Mechanical and HVAC services. Need signals: after hours coverage, emergency dispatch, lead capture. Verification: verified own site."
discovered:9a863939-8a38-434a-b541-ac1774bbfae9,b38f01e7-41b1-49d2-9b9f-28e7944f1c80,1261,NURTURE,,36.1,LOW,"Closest client patterns: Home repair and trades, Consumer services. Need signals: appointment scheduling, customer support, lead capture. Verification: verified own site."
discovered:c2481c9e-92af-4ce3-8a67-f1402bbca6bb,50283004-7a21-48e0-b5b7-904aa8ebe9a7,1262,NURTURE,,36.1,MEDIUM,"Closest client patterns: Mechanical and HVAC services, Municipal assistance. Need signals: after hours coverage, emergency dispatch, lead capture. Verification: verified own site."
discovered:cc92d452-2dc5-4c20-8e92-c68994a62a32,70367847-3612-4fbb-b378-9f27e21386c1,1263,NURTURE,,36.1,MEDIUM,"Closest client patterns: Mechanical and HVAC services, Industrial services. Need signals: after hours coverage, emergency dispatch, on call escalation. Verification: verified own site."
discovered:7f903863-3e2e-4805-9550-066a9de6fa67,6b4ae542-db96-47fb-95e8-5427ec565026,1264,NURTURE,,36.0,HIGH,"Closest client patterns: Dental services. Need signals: after hours coverage, appointment scheduling, customer support. Verification: verified own site."
discovered:419e5bae-2efe-45fa-a915-ba8fb60740fe,2ffbda83-f524-447e-9899-350c71e402e8,1265,NURTURE,,36.0,LOW,"Closest client patterns: Dental services, Industrial services. Need signals: after hours coverage, appointment scheduling, emergency dispatch. Verification: verified own site."
discovered:637858fa-2e81-4e81-98ac-e86aa3c4b05c,5ca083f2-443c-433a-afef-3c9a4cd48a70,1266,NURTURE,,36.0,LOW,"Closest client patterns: Home repair and trades, Consumer services. Need signals: appointment scheduling, customer support, lead capture. Verification: verified own site."
discovered:437dd220-05db-4356-96e8-b38da22b7be6,2c88b494-d07c-4112-aaf5-c2d8878b6e9d,1267,NURTURE,,36.0,LOW,"Closest client patterns: Home repair and trades, Consumer services. Need signals: appointment scheduling, customer support, lead capture. Verification: verified own site."
discovered:bc980834-de42-4ccc-8664-0b857e3a1c0a,b8ad8f1d-15fb-4bbf-bac1-02e3f98e81a5,1268,NURTURE,,36.0,MEDIUM,"Closest client patterns: Legal services. Need signals: after hours coverage, appointment scheduling, customer support. Verification: verified own site."
discovered:58ad67b5-44d3-4641-b022-0e976bd53388,4a067d52-b51b-4afe-8f97-57f843a56526,1269,NURTURE,,36.0,HIGH,"Closest client patterns: Dental services. Need signals: after hours coverage, appointment scheduling, customer support. Verification: verified own site."
discovered:2b35b42a-8a77-4ab6-b08a-c5bc1f1bdc39,81355111-b1bd-4655-a5df-ac90ca4935ec,1270,NURTURE,,35.9,LOW,"Closest client patterns: Municipal assistance, Elevator services. Need signals: after hours coverage, emergency dispatch, on call escalation. Verification: license evidence, verified own site."
discovered:1f921add-e198-48bf-bf91-0878138580bd,cccc2468-829f-4807-8611-b029e8ce0381,1271,NURTURE,,35.9,MEDIUM,"Closest client patterns: Alarm and security services, Elevator services. Need signals: after hours coverage, emergency dispatch, on call escalation. Verification: license evidence, verified own site."
discovered:f8dda6ec-c7c6-4b5d-ba40-9bdaf1a00e9e,f5b1b3e8-2701-4f70-bff2-53228b7d1dc3,1272,NURTURE,,35.8,LOW,"Closest client patterns: Home repair and trades, Consumer services. Need signals: appointment scheduling, customer support, lead capture. Verification: verified own site."
discovered:281ec51e-d376-4496-9bb5-c76a291c2920,98172fa9-4151-47c9-a3f2-da4e3e1f2b27,1273,NURTURE,,35.8,LOW,"Closest client patterns: Home repair and trades, Consumer services. Need signals: appointment scheduling, customer support, lead capture. Verification: verified own site."
discovered:718eb182-58e4-4bb7-a1c6-505f45d77277,97a4efbe-f309-496d-ae90-54315a5ca6e9,1274,NURTURE,,35.8,HIGH,"Closest client patterns: Behavioral health and counseling. Need signals: after hours coverage, appointment scheduling, customer support. Verification: verified own site."
discovered:6f3440bb-fd61-4680-9abf-245cb6146844,d9037dc6-e32a-4d78-8b08-e8ae3345555b,1275,NURTURE,,35.7,MEDIUM,"Closest client patterns: Elevator services, Property management and real estate. Need signals: after hours coverage, emergency dispatch, on call escalation. Verification: verified own site."
discovered:ed35ed91-2fed-4a79-8990-cfc0fe4da7ab,0052f2e9-27d5-4bb9-9a13-ebfdef150eb0,1276,NURTURE,,35.7,MEDIUM,"Closest client patterns: Legal services. Need signals: after hours coverage, appointment scheduling, customer support. Verification: verified own site."
discovered:f0a48744-c2d0-4095-939a-071a1320b72b,f75de88d-a6e5-415a-9fb4-f631488bfe5a,1277,NURTURE,,35.7,MEDIUM,"Closest client patterns: Mechanical and HVAC services, Home repair and trades. Need signals: after hours coverage, emergency dispatch, lead capture. Verification: verified own site."
discovered:9b6661a5-6f84-4d65-81c0-8a35f0ab1080,8c6ce735-7791-487c-8d4e-2e7e8b23105f,1278,NURTURE,,35.7,LOW,"Closest client patterns: Home repair and trades, Consumer services. Need signals: appointment scheduling, customer support, lead capture. Verification: verified own site."
discovered:1c166e91-a2c5-489c-baef-08c9f60cc860,de5571fb-9d11-4fa9-b204-0eb3953a2137,1279,NURTURE,,35.7,LOW,"Closest client patterns: Home repair and trades, Consumer services. Need signals: appointment scheduling, customer support, lead capture. Verification: verified own site."
discovered:aa8f58ac-089f-407c-9caf-fbeaff9d9e28,8800dcd1-ad7f-4905-92fc-3e185e1064a5,1280,NURTURE,,35.6,LOW,"Closest client patterns: Home repair and trades, Consumer services. Need signals: appointment scheduling, customer support, lead capture. Verification: verified own site."
discovered:bf7f18d7-fb82-4fab-bb96-669fb5ff9857,b21ce4e5-0913-44cc-8230-9e72a8c01642,1281,NURTURE,,35.6,MEDIUM,"Closest client patterns: Legal services. Need signals: after hours coverage, appointment scheduling, customer support. Verification: verified own site."
discovered:8fb47853-9fc7-452c-8d39-78aa9eba659a,1ce9a608-8742-4d0f-92b5-dc4dd3ad67a2,1282,NURTURE,,35.6,LOW,"Closest client patterns: Home repair and trades, Consumer services. Need signals: appointment scheduling, customer support, lead capture. Verification: verified own site."
discovered:f2858cbc-a87a-4ad9-b02d-56f0509e7624,2ece05ce-f263-4e98-a640-a819e272f7bd,1283,NURTURE,,35.6,HIGH,"Closest client patterns: Elevator services. Need signals: after hours coverage, emergency dispatch, on call escalation. Verification: verified own site."
discovered:0c58e98c-ddfc-4526-ac5e-bfc85e35d809,11b0d92a-9655-4d43-9d15-5724423ecce3,1284,NURTURE,,35.5,MEDIUM,"Closest client patterns: Industrial services, Consumer services. Need signals: after hours coverage, emergency dispatch, on call escalation. Verification: verified own site."
discovered:71797ec7-23c9-415f-bd43-d557dd67a0f0,f4c3c4d5-108e-4af0-a069-da183589acc2,1285,NURTURE,,35.5,LOW,"Closest client patterns: Mechanical and HVAC services. Need signals: after hours coverage, emergency dispatch, lead capture. Verification: verified own site."
discovered:cc82cb31-d92b-43d3-83b5-4aa8c8ddf18a,133b7202-24cf-4585-b5f0-9444226d7016,1286,NURTURE,,35.5,HIGH,"Closest client patterns: Elevator services. Need signals: after hours coverage, emergency dispatch, on call escalation. Verification: verified own site."
discovered:9d05e16e-a78e-4afb-9c6d-18480311bb5f,a2745403-5d9e-4007-9445-42dd4c441c82,1287,NURTURE,,35.5,MEDIUM,"Closest client patterns: Legal services. Need signals: after hours coverage, appointment scheduling, customer support. Verification: verified own site."
discovered:c16b80a0-30b4-44dc-b9ae-9427219a7746,cfaa7438-d4ec-4a15-8660-965f726d4794,1288,NURTURE,,35.4,MEDIUM,"Closest client patterns: Legal services. Need signals: after hours coverage, appointment scheduling, customer support. Verification: verified own site."
discovered:97a7aad2-0a7a-4c12-ac3d-e5e69e4549ed,650ef68f-7dcf-4b9b-a1e0-4cad377f51a6,1289,NURTURE,,35.4,MEDIUM,"Closest client patterns: Mechanical and HVAC services, Municipal public works. Need signals: after hours coverage, emergency dispatch, lead capture. Verification: verified own site."
discovered:55cc8151-8a71-4ac8-9d9f-176021c6a30d,9799b6c3-c388-47ae-bba6-5504d262b81e,1290,NURTURE,,35.4,MEDIUM,"Closest client patterns: Property management and real estate. Need signals: after hours coverage, customer support, emergency dispatch. Verification: verified own site."
discovered:68386f77-e2d8-4eec-8b19-23d81724ed71,20b015d1-8625-4e65-90e0-f26a75cc3470,1291,NURTURE,,35.4,MEDIUM,"Closest client patterns: Legal services. Need signals: after hours coverage, appointment scheduling, customer support. Verification: verified own site."
discovered:8863b075-c9ef-4967-9bd5-291fa0be5e62,60a31833-2b14-4f48-8db7-e7630fa77c16,1292,NURTURE,,35.4,MEDIUM,"Closest client patterns: Mechanical and HVAC services, Home repair and trades. Need signals: after hours coverage, emergency dispatch, lead capture. Verification: verified own site."
discovered:6dfdc13c-477f-418f-b871-d820776602f8,c05c8803-4150-4f78-8429-aa5311be38aa,1293,NURTURE,,35.4,MEDIUM,"Closest client patterns: Behavioral health and counseling, Funeral services. Need signals: after hours coverage, appointment scheduling, on call escalation. Verification: verified own site."
discovered:e83b6792-5209-4d85-ae5f-578be2d45f43,b7b0dfe9-fee6-4286-9e45-bb506d2fdd50,1294,NURTURE,,35.4,MEDIUM,"Closest client patterns: Legal services. Need signals: after hours coverage, appointment scheduling, customer support. Verification: verified own site."
discovered:cee04b49-be50-44a5-9813-4712fe3e063f,f6a3a9a4-a750-4994-bd10-7cf29d22f7c9,1295,NURTURE,,35.3,LOW,"Closest client patterns: Industrial services, Home repair and trades. Need signals: appointment scheduling, customer support, lead capture. Verification: verified own site."
discovered:055bfef3-5a05-4e30-987d-64af3fba03bc,3c6c9e2e-d414-4ad4-ab83-dbc589bc4fe5,1296,NURTURE,,35.3,MEDIUM,"Closest client patterns: Behavioral health and counseling, Religious organizations. Need signals: after hours coverage, appointment scheduling, customer support. Verification: verified own site."
discovered:6e9cffca-89cc-4245-82b4-4653af0f5ad5,ee1fa1a0-9f1a-4bdb-b08f-6ee33eced868,1297,NURTURE,,35.2,LOW,"Closest client patterns: Home repair and trades, Consumer services. Need signals: appointment scheduling, customer support, lead capture. Verification: verified own site."
discovered:96f53169-facf-4ea2-8b60-82322317889f,575698d0-a309-4a83-bd30-1f60aacd2121,1298,NURTURE,,35.2,MEDIUM,"Closest client patterns: Property management and real estate. Need signals: after hours coverage, customer support, emergency dispatch. Verification: verified own site."
discovered:219ddbcd-ba88-4e82-987b-a28454995fa5,743ac113-39e2-45b8-aac4-c2f7a05bdf31,1299,NURTURE,,35.1,MEDIUM,"Closest client patterns: Legal services. Need signals: after hours coverage, appointment scheduling, customer support. Verification: verified own site."
discovered:9394fdcd-7700-4cc0-89cd-0c52251a7ac8,5080505d-36dd-443e-b769-22dcbdd8f29c,1300,NURTURE,,35.1,LOW,"Closest client patterns: Home repair and trades, Consumer services. Need signals: appointment scheduling, customer support, lead capture. Verification: verified own site."
discovered:b2f70a8c-7b54-4e71-b8ac-396b8bbce124,74ad6e1c-695d-43e6-9bd3-3db827baf4d7,1301,NURTURE,,35.1,LOW,"Closest client patterns: Home repair and trades, Funeral services. Need signals: after hours coverage, appointment scheduling, emergency dispatch. Verification: verified own site."
discovered:dc2b0485-0b77-4312-9f8b-77f9bb16b3e1,78f3bcb3-077d-41c4-b0eb-6b37873d5183,1302,NURTURE,,35.0,MEDIUM,"Closest client patterns: Mechanical and HVAC services, Home repair and trades. Need signals: after hours coverage, emergency dispatch, lead capture. Verification: license evidence, verified own site."
discovered:6662f18b-3ac7-4de6-9360-0da21035952f,94e15961-6003-4219-a7cf-62c986cdb6ea,1303,NURTURE,,35.0,LOW,"Closest client patterns: Mechanical and HVAC services. Need signals: after hours coverage, emergency dispatch, lead capture. Verification: verified own site."
discovered:788667b0-2ece-4a74-8826-f369a70b85cd,7d58a68e-afd7-4ec9-9020-235a3ea34384,1304,NURTURE,,35.0,MEDIUM,"Closest client patterns: Behavioral health and counseling. Need signals: after hours coverage, appointment scheduling, customer support. Verification: verified own site."
discovered:a213c9a0-e8d2-4179-8007-9fc27621d283,ebd9b074-c344-457b-9184-2703411d495e,1305,NURTURE,,35.0,LOW,"Closest client patterns: Home repair and trades, Consumer services. Need signals: appointment scheduling, customer support, lead capture. Verification: verified own site."
discovered:3386c9ef-ccd2-42f5-8314-5ddb198dd0c7,9693f5ec-744a-4d0a-afdb-9a08755820ee,1306,NURTURE,,34.9,LOW,"Closest client patterns: Industrial services, IT and technical services. Need signals: after hours coverage, customer support, emergency dispatch. Verification: license evidence, verified own site."
discovered:9f9ee233-eff1-4f77-bbe3-872507950f72,15af04ab-2f97-4b39-a368-1de9ad7872a2,1307,NURTURE,,34.9,LOW,"Closest client patterns: Home repair and trades, Consumer services. Need signals: appointment scheduling, customer support, lead capture. Verification: license evidence, verified own site."
discovered:d292be0d-32ce-416b-beba-bd57afa42d8b,36bec738-7f40-4719-8b11-835448af2610,1308,NURTURE,,34.9,LOW,"Closest client patterns: Industrial services, Elevator services. Need signals: after hours coverage, customer support, emergency dispatch. Verification: license evidence, verified own site."
discovered:998085a1-2531-4972-8c02-9b9fff52cbe1,bfd03cbe-7778-4656-bc1f-75b02b2946ad,1309,NURTURE,,34.8,LOW,"Closest client patterns: Mechanical and HVAC services. Need signals: after hours coverage, emergency dispatch, lead capture. Verification: verified own site."
discovered:bb1af84b-248b-4f20-972c-18375042078d,3f0029ef-4188-49c1-87f7-618d307a8927,1310,NURTURE,,34.7,MEDIUM,"Closest client patterns: Mechanical and HVAC services. Need signals: after hours coverage, emergency dispatch, lead capture. Verification: verified own site."
discovered:310f067d-c108-476b-9613-826a55cefdb4,17f28252-7c86-4a49-8d63-3015e9eda1a8,1311,NURTURE,,34.7,LOW,"Closest client patterns: Funeral services. Need signals: after hours coverage, customer support, on call escalation. Verification: verified own site."
discovered:34ccb1f3-dfe9-4fd9-896d-85fea040d9fd,d5eed1b5-2d52-4e40-9209-cdc22e9b3151,1312,NURTURE,,34.7,LOW,"Closest client patterns: Dental services, Consumer services. Need signals: after hours coverage, appointment scheduling, customer support. Verification: verified own site."
discovered:617ad2af-9575-4217-972b-e8edd7b4a3e6,d43e4393-f9bc-4604-8e7e-9f2783f3d335,1313,NURTURE,,34.7,LOW,"Closest client patterns: Mechanical and HVAC services, Veterinary and animal services. Need signals: after hours coverage, emergency dispatch, lead capture. Verification: verified own site."
discovered:8a7082f5-c6be-4eed-881a-cd1a1477dfc8,074d16c8-2eda-4ea8-b57a-01a6f680ecdb,1314,NURTURE,,34.5,LOW,"Closest client patterns: Home repair and trades, Consumer services. Need signals: appointment scheduling, customer support, lead capture. Verification: verified own site."
discovered:0677fd6d-176d-488e-bdfa-dec94ee067db,e13d233a-dcff-44f2-891c-f49b397cfe49,1315,NURTURE,,34.4,MEDIUM,"Closest client patterns: Property management and real estate. Need signals: after hours coverage, customer support, emergency dispatch. Verification: verified own site."
discovered:e737ed1c-3d77-402c-b2d7-8d807419f4f2,67da12b6-a9b2-4b15-8a12-3f1ed9492854,1316,NURTURE,,34.4,LOW,"Closest client patterns: Home repair and trades, Funeral services. Need signals: after hours coverage, appointment scheduling, emergency dispatch. Verification: verified own site."
discovered:575ad4a8-a08d-4e17-bb3f-5164fd8739bd,9fd4509f-3785-4187-a145-4fbcbd6a0603,1317,NURTURE,,34.4,LOW,"Closest client patterns: Home repair and trades, Consumer services. Need signals: appointment scheduling, customer support, lead capture. Verification: verified own site."
discovered:d3acabf5-44f5-478f-becd-368227a494d6,ae493817-d6c0-4d21-8082-3a335e24b0d6,1318,NURTURE,,34.4,LOW,"Closest client patterns: Home repair and trades, Behavioral health and counseling. Need signals: appointment scheduling, customer support, lead capture. Verification: verified own site."
discovered:6db5263b-d2f9-44da-962a-98e14e294635,84e58fa0-0ad4-4410-9e01-9320084e6254,1319,NURTURE,,34.3,MEDIUM,"Closest client patterns: Mechanical and HVAC services. Need signals: after hours coverage, emergency dispatch, lead capture. Verification: verified own site."
discovered:6d7fb9a8-89f4-458d-909d-269937b81067,39f6ed89-3d05-4710-a685-ca37eac8cbe5,1320,NURTURE,,34.3,HIGH,"Closest client patterns: Behavioral health and counseling. Need signals: after hours coverage, appointment scheduling, customer support. Verification: verified own site."
discovered:bae5f9df-f0e7-4616-b61a-d388e16a7800,9c3e3724-733e-4dc9-8621-63bd29247036,1321,NURTURE,,34.3,MEDIUM,"Closest client patterns: Home repair and trades, Legal services. Need signals: after hours coverage, appointment scheduling, emergency dispatch. Verification: verified own site."
discovered:958bdc69-5d3a-4637-ac7f-d51e33cd060c,de8527bf-15c7-4af3-813f-37e6ce37ac9a,1322,NURTURE,,34.3,LOW,"Closest client patterns: Dental services, Consumer services. Need signals: after hours coverage, appointment scheduling, customer support. Verification: verified own site."
discovered:2fded0dc-e4f5-45fc-9351-31dbfd9a5ed2,a8284eb7-18d1-45c6-ade2-27397a34cfd7,1323,NURTURE,,34.3,LOW,"Closest client patterns: Funeral services. Need signals: after hours coverage, customer support, on call escalation. Verification: verified own site."
discovered:53ba93a3-3e1b-4381-8630-1076bd3f32c5,f80d1833-1c49-4aa1-b2ba-4a88e01584c0,1324,NURTURE,,34.3,MEDIUM,"Closest client patterns: Mechanical and HVAC services, Home repair and trades. Need signals: after hours coverage, emergency dispatch, lead capture. Verification: verified own site."
discovered:00733ab0-a0e4-4553-abab-572f63a81b83,a66e0740-49f6-4cd5-9609-f7a5e6402b29,1325,NURTURE,,34.3,LOW,"Closest client patterns: Home repair and trades, Consumer services. Need signals: appointment scheduling, customer support, lead capture. Verification: verified own site."
discovered:4ce3bae8-c31f-4f59-b0eb-71bb4b4b8263,f825c064-8293-41a9-b035-f31e4c370d77,1326,NURTURE,,34.2,MEDIUM,"Closest client patterns: Consumer services, Healthcare providers. Need signals: after hours coverage, appointment scheduling, on call escalation. Verification: verified own site."
discovered:fa0531a0-a555-4e2a-b1dc-133a8c63e23c,415afdf9-85c7-47d4-b863-d2843e5d5676,1327,NURTURE,,34.2,LOW,"Closest client patterns: Home repair and trades, Consumer services. Need signals: appointment scheduling, customer support, lead capture. Verification: verified own site."
discovered:9eba89cc-3dc2-4a1a-be25-5cb986cc0246,c0e7d3c2-0dd1-4576-adbb-31b69e639284,1328,NURTURE,,34.2,MEDIUM,"Closest client patterns: Mechanical and HVAC services, Home repair and trades. Need signals: after hours coverage, emergency dispatch, lead capture. Verification: verified own site."
discovered:3c83d843-e049-4805-84c6-00e58ea22a36,c3529413-6888-4273-8e04-bd92bac7c5ea,1329,NURTURE,,34.2,LOW,"Closest client patterns: Mechanical and HVAC services. Need signals: after hours coverage, emergency dispatch, lead capture. Verification: verified own site."
discovered:4977175a-8d9f-4d34-ad63-0b3cde001903,86679464-8a81-41a4-9ff4-72e36a3b411d,1330,NURTURE,,34.2,MEDIUM,"Closest client patterns: Mechanical and HVAC services, Elevator services. Need signals: after hours coverage, emergency dispatch, lead capture. Verification: verified own site."
discovered:59fa9be2-3d0f-46ac-9405-42b7dbc7fc5b,8bc266a4-ff5b-44c6-9099-0f4875ceccb7,1331,NURTURE,,34.2,LOW,"Closest client patterns: Mechanical and HVAC services. Need signals: after hours coverage, emergency dispatch, lead capture. Verification: verified own site."
discovered:afc895b4-b2df-47d7-a621-17dbdf4faecc,60f983b0-340d-4bde-adc7-fccd47a62031,1332,NURTURE,,34.1,LOW,"Closest client patterns: Mechanical and HVAC services. Need signals: after hours coverage, emergency dispatch, lead capture. Verification: verified own site."
discovered:c6d8a95b-7c56-436e-bfd2-00d24e240f35,bf6bae58-13f3-405d-b95c-fb20c117e9c4,1333,NURTURE,,34.1,MEDIUM,"Closest client patterns: Property management and real estate. Need signals: after hours coverage, customer support, emergency dispatch. Verification: verified own site."
discovered:c9874a83-a71d-4f47-bea1-4d2e1419dc30,388047c2-8643-469c-9ed5-a683a6f668a8,1334,NURTURE,,34.1,LOW,"Closest client patterns: Home repair and trades, Consumer services. Need signals: appointment scheduling, customer support, lead capture. Verification: verified own site."
discovered:2ffc6893-8a2a-4a92-800f-5371c019cbfa,a575df08-7542-4707-8266-be886df6fee3,1335,NURTURE,,34.0,MEDIUM,"Closest client patterns: Mechanical and HVAC services, Home repair and trades. Need signals: after hours coverage, emergency dispatch, lead capture. Verification: verified own site."
discovered:ed046ba3-8daa-4f1d-a9b2-c82afe911e79,c298db92-67c0-4959-841c-29ff26844098,1336,NURTURE,,34.0,LOW,"Closest client patterns: Mechanical and HVAC services. Need signals: after hours coverage, emergency dispatch, lead capture. Verification: verified own site."
discovered:df0b0db5-fd84-4de8-a761-9dd56ca8e117,39ea3358-13cf-4d58-97b0-b245b28986df,1337,NURTURE,,33.9,LOW,"Closest client patterns: Mechanical and HVAC services. Need signals: after hours coverage, emergency dispatch, lead capture. Verification: verified own site."
discovered:2bd41d4a-25a4-4bc4-9ac9-0deb01e45fe4,c7c2b479-55cf-4603-a29c-0865ef7a971b,1338,NURTURE,,33.9,LOW,"Closest client patterns: Mechanical and HVAC services. Need signals: after hours coverage, emergency dispatch, lead capture. Verification: verified own site."
discovered:a9e21ea5-d88d-4b8c-b626-b707999bc78f,ac9966ab-0bf8-43f4-8558-61147c37e521,1339,NURTURE,,33.9,MEDIUM,"Closest client patterns: Property management and real estate. Need signals: after hours coverage, customer support, emergency dispatch. Verification: verified own site."
discovered:c2d72144-5178-4d6b-a8f2-b2d549644793,147b96ce-c5b8-4376-9eb9-70149e70b9ed,1340,NURTURE,,33.9,LOW,"Closest client patterns: Home repair and trades, Consumer services. Need signals: appointment scheduling, customer support, lead capture. Verification: verified own site."
discovered:03190235-3ce7-4d5c-9234-37d0bc5ba322,eb3c984c-b855-466d-b7fa-7fa7efe4202a,1341,NURTURE,,33.9,LOW,"Closest client patterns: Mechanical and HVAC services. Need signals: after hours coverage, emergency dispatch, lead capture. Verification: verified own site."
discovered:04f2d015-6264-42be-9868-d7c5952bef4f,9faa0fad-dc9d-4b72-b259-a893b3fa65f4,1342,NURTURE,,33.9,LOW,"Closest client patterns: Home repair and trades, Consumer services. Need signals: appointment scheduling, customer support, lead capture. Verification: verified own site."
discovered:c04811e9-5411-44e4-8e22-878f6d978a54,6a865d26-cdd9-4649-a0c0-075615e93afc,1343,NURTURE,,33.8,LOW,"Closest client patterns: Home repair and trades, Consumer services. Need signals: appointment scheduling, customer support, lead capture. Verification: verified own site."
discovered:f8d4055d-421c-4e0f-9261-a2935915b396,3086f929-575a-4ce2-9094-52a0ef3e5dd3,1344,NURTURE,,33.8,LOW,"Closest client patterns: Property management and real estate. Need signals: after hours coverage, customer support, emergency dispatch. Verification: verified own site."
discovered:611cebb7-1705-48de-9ae6-828918e162ad,06ad96d2-a1d5-4263-ad27-f7444b6b2f54,1345,NURTURE,,33.8,LOW,"Closest client patterns: Mechanical and HVAC services. Need signals: after hours coverage, emergency dispatch, lead capture. Verification: verified own site."
discovered:aeab0b97-f175-4013-a4d5-cbdb0dd39014,dde91a8d-d6af-4b51-bfc4-088e2df45ba6,1346,NURTURE,,33.8,MEDIUM,"Closest client patterns: Mechanical and HVAC services, Home repair and trades. Need signals: after hours coverage, emergency dispatch, lead capture. Verification: verified own site."
discovered:56aeab63-5f24-49b6-867f-8735079fdbca,dee72fe6-ee8c-42c3-8e82-bf3a43a0662c,1347,NURTURE,,33.8,LOW,"Closest client patterns: Funeral services, IT and technical services. Need signals: after hours coverage, customer support, on call escalation. Verification: verified own site."
discovered:1e7c5753-e775-426c-a58e-88a9a2c24756,6a3e49ae-519d-49bd-b61e-31d9589f66d3,1348,NURTURE,,33.8,LOW,"Closest client patterns: Mechanical and HVAC services. Need signals: after hours coverage, emergency dispatch, lead capture. Verification: verified own site."
discovered:7b4afdec-5d61-491c-acf7-ec3d12daf8a2,b8777dff-806d-453b-9065-269fda1c524d,1349,NURTURE,,33.7,MEDIUM,"Closest client patterns: Consumer services, Healthcare providers. Need signals: after hours coverage, appointment scheduling, on call escalation. Verification: license evidence, verified own site."
discovered:18eddf7d-54be-4cbc-8e82-8d25fc450d0e,9ee7abe5-90bc-407c-a51e-e9541d96ec14,1350,NURTURE,,33.7,LOW,"Closest client patterns: Home repair and trades, Consumer services. Need signals: appointment scheduling, customer support, lead capture. Verification: verified own site."
discovered:b09fdc96-eccd-4ae4-a312-307ae5aff98b,65f77889-1200-4e6b-8ed1-7c7b0434c14f,1351,NURTURE,,33.7,LOW,"Closest client patterns: Mechanical and HVAC services. Need signals: after hours coverage, emergency dispatch, lead capture. Verification: verified own site."
discovered:b53fdd02-c6a3-4f5e-ad26-f503b8ee89f7,eb9630be-9da1-48ad-9d80-ca4d46c2e89c,1352,NURTURE,,33.7,MEDIUM,"Closest client patterns: Property management and real estate. Need signals: after hours coverage, customer support, emergency dispatch. Verification: verified own site."
discovered:3ed26641-a126-4393-a8a6-844b60d16f33,1b2716d7-58d7-48ab-a064-677eb5caa8a6,1353,NURTURE,,33.7,LOW,"Closest client patterns: Home repair and trades, Consumer services. Need signals: appointment scheduling, customer support, lead capture. Verification: verified own site."
discovered:fffb4383-e4c6-48aa-aab7-232293697a5f,000c56d5-5b0e-48e4-9662-0fa808df3236,1354,NURTURE,,33.7,MEDIUM,"Closest client patterns: Mechanical and HVAC services, Home repair and trades. Need signals: after hours coverage, emergency dispatch, lead capture. Verification: verified own site."
discovered:21bc2bd8-032a-4f54-9d9b-d65c438d331e,2c04417a-a68b-4830-a8d3-4002629d2e96,1355,NURTURE,,33.7,LOW,"Closest client patterns: Mechanical and HVAC services. Need signals: after hours coverage, emergency dispatch, lead capture. Verification: verified own site."
discovered:d74846b9-2ef6-47d2-b569-b5789dd84b00,b5669ebd-09b7-4cf9-9ed6-857ed31230fe,1356,NURTURE,,33.6,MEDIUM,"Closest client patterns: Funeral services. Need signals: after hours coverage, customer support, on call escalation. Verification: verified own site."
discovered:5297ca39-e49b-44b5-8346-ae97ae9b6450,8872e504-b0fd-444c-8da3-d6396c45db20,1357,NURTURE,,33.6,LOW,"Closest client patterns: Mechanical and HVAC services. Need signals: after hours coverage, emergency dispatch, lead capture. Verification: verified own site."
discovered:d4da4f5e-68ee-4ece-a3f7-349e59421ac8,e5ba3b20-5ac5-4267-bf8b-686db50bf3b0,1358,NURTURE,,33.6,HIGH,"Closest client patterns: Behavioral health and counseling. Need signals: after hours coverage, appointment scheduling, customer support. Verification: verified own site."
discovered:949ff210-6733-4226-85c7-78ce85d6bf6d,dffd2b0f-4d58-4024-a803-3ea2f63c2308,1359,NURTURE,,33.6,LOW,"Closest client patterns: Home repair and trades, Consumer services. Need signals: appointment scheduling, customer support, lead capture. Verification: verified own site."
discovered:3c43f2a3-e8f9-429b-98f1-fd4188e60dfe,66a40591-8087-4852-a424-98af53422455,1360,NURTURE,,33.6,LOW,"Closest client patterns: Home repair and trades, Consumer services. Need signals: appointment scheduling, customer support, lead capture. Verification: verified own site."
discovered:5e3275f5-bb67-497a-a86a-80bcfc3433d3,75f3f942-644c-457a-b6dc-96679ed807aa,1361,NURTURE,,33.6,MEDIUM,"Closest client patterns: Mechanical and HVAC services, Home repair and trades. Need signals: after hours coverage, emergency dispatch, lead capture. Verification: verified own site."
discovered:b5a6c958-0abf-4766-a313-f4824ad18062,c8d4eefb-d487-4152-a29f-a49783d1c29f,1362,NURTURE,,33.5,MEDIUM,"Closest client patterns: Behavioral health and counseling, Healthcare providers. Need signals: after hours coverage, appointment scheduling, on call escalation. Verification: verified own site."
discovered:cd67e3f4-a91b-4423-b12c-1370f54b4cf8,2f8c1292-32e5-46ae-a66e-3d00eac6a543,1363,NURTURE,,33.5,LOW,"Closest client patterns: Mechanical and HVAC services, Municipal assistance. Need signals: after hours coverage, emergency dispatch, lead capture. Verification: verified own site."
discovered:5683810e-e917-42e7-93af-213f4c7e3b0a,19461549-261e-4183-8528-b4633b56a1f3,1364,NURTURE,,33.5,HIGH,"Closest client patterns: Behavioral health and counseling. Need signals: after hours coverage, appointment scheduling, customer support. Verification: verified own site."
discovered:c7c7c6db-ba19-4e45-a187-867618d1e51b,b83e76d6-6467-4ae7-b245-468cc9231c65,1365,NURTURE,,33.4,LOW,"Closest client patterns: Mechanical and HVAC services, Elevator services. Need signals: after hours coverage, emergency dispatch, on call escalation. Verification: verified own site."
discovered:a3fafd3f-eac3-4d46-b960-3234696c150e,7bcb0e4d-4415-46b8-9f83-3a8dbd56e70f,1366,NURTURE,,33.3,LOW,"Closest client patterns: Mechanical and HVAC services. Need signals: after hours coverage, emergency dispatch, lead capture. Verification: verified own site."
discovered:7a6486b4-e6dd-472b-9d71-e49f9847650d,cf17fc95-4716-4b31-9174-bfa857054ddd,1367,NURTURE,,33.3,LOW,"Closest client patterns: Industrial services, Elevator services. Need signals: after hours coverage, customer support, emergency dispatch. Verification: verified own site."
discovered:ebadec47-dea8-4ddf-a6f9-4c021bab216f,d7bbf677-9724-40e4-a849-be37a5046cc8,1368,NURTURE,,33.3,HIGH,"Closest client patterns: Behavioral health and counseling. Need signals: after hours coverage, appointment scheduling, customer support. Verification: verified own site."
discovered:e4bc2e06-9058-4748-99fa-2fc992ce1018,32a0b8c5-cedf-4f5b-942b-aa5ae16a6278,1369,NURTURE,,33.2,LOW,"Closest client patterns: Mechanical and HVAC services. Need signals: after hours coverage, emergency dispatch, lead capture. Verification: verified own site."
discovered:99ecd909-7020-41ba-8eac-5823983fad5d,2c6f4e39-2cd8-4fa2-90d3-2cb50db4d17c,1370,NURTURE,,33.2,LOW,"Closest client patterns: Property management and real estate. Need signals: after hours coverage, customer support, emergency dispatch. Verification: verified own site."
discovered:d40a079c-0eb8-4c0f-bce9-86903bb91578,38af0fb6-8121-45ef-8536-7ee3ed2e8d99,1371,NURTURE,,33.1,LOW,"Closest client patterns: Mechanical and HVAC services. Need signals: after hours coverage, emergency dispatch, lead capture. Verification: verified own site."
discovered:b18f34f5-5b71-4b79-913a-b7e57c9865b2,44a52c3e-4fa7-4e82-bb06-5a3e1726592f,1372,NURTURE,,33.1,HIGH,"Closest client patterns: Behavioral health and counseling. Need signals: after hours coverage, appointment scheduling, customer support. Verification: verified own site."
discovered:bfb7b1ef-4e2b-48cf-82d8-311ca47e070e,567635f1-84dd-42ec-acd4-fd5b23fc7d69,1373,NURTURE,,33.1,HIGH,"Closest client patterns: Behavioral health and counseling. Need signals: after hours coverage, appointment scheduling, customer support. Verification: verified own site."
discovered:28aeab78-b9f8-4986-a2d7-608426843c71,a2564864-999d-4baa-8a9f-fe319775e2e3,1374,NURTURE,,33.1,MEDIUM,"Closest client patterns: Property management and real estate. Need signals: after hours coverage, customer support, emergency dispatch. Verification: verified own site."
discovered:fa6685e9-1f02-416b-bce1-e1128f912c26,0ac06b99-afb1-4194-85ce-40cc3d1f8a91,1375,NURTURE,,33.1,LOW,"Closest client patterns: Mechanical and HVAC services. Need signals: after hours coverage, emergency dispatch, lead capture. Verification: verified own site."
discovered:1ee9c911-a3a7-4392-9660-a1f9238906a9,33ece3bb-6548-4b39-a361-e72e6434f59b,1376,NURTURE,,33.0,MEDIUM,"Closest client patterns: Mechanical and HVAC services, Industrial services. Need signals: after hours coverage, emergency dispatch, lead capture. Verification: verified own site."
discovered:95c255c0-b658-40fd-964f-1be0b6adffa5,7acf984d-b2b1-458f-bc9a-dd522e59754e,1377,NURTURE,,32.9,LOW,"Closest client patterns: Property management and real estate. Need signals: after hours coverage, customer support, emergency dispatch. Verification: verified own site."
discovered:01a860e6-5f1d-456c-a37c-6ce4219487b7,ac98f05d-bced-478d-a888-8a581dfeae89,1378,NURTURE,,32.9,MEDIUM,"Closest client patterns: Mechanical and HVAC services. Need signals: after hours coverage, emergency dispatch, lead capture. Verification: verified own site."
discovered:c5bae048-5025-4e87-b84d-5a523aae6767,8d50952a-e366-4fe5-9c45-218e7bc2e986,1379,NURTURE,,32.9,LOW,"Closest client patterns: Mechanical and HVAC services. Need signals: after hours coverage, emergency dispatch, lead capture. Verification: verified own site."
discovered:093f45b4-27cb-4eec-bba2-6e7850dc7f7b,ef154d9d-79f9-4f0e-adc2-7f8d3c4cd688,1380,NURTURE,,32.8,MEDIUM,"Closest client patterns: Behavioral health and counseling. Need signals: after hours coverage, appointment scheduling, customer support. Verification: verified own site."
discovered:750927a5-0cb6-4e69-8e4f-e8f0bdfc339d,f7e82796-aae8-4440-b718-97f583234811,1381,NURTURE,,32.8,HIGH,"Closest client patterns: Behavioral health and counseling. Need signals: after hours coverage, appointment scheduling, customer support. Verification: verified own site."
discovered:86a8eb6a-0df4-4798-918e-eeefca8d554a,4f534ef1-f28e-4621-9bce-692835bbb5e2,1382,NURTURE,,32.7,LOW,"Closest client patterns: Mechanical and HVAC services, Healthcare providers. Need signals: after hours coverage, emergency dispatch, lead capture. Verification: verified own site."
discovered:0d8ebe21-84d6-4414-a2bd-3d2eb052d376,3a88e1ef-241c-44ea-91db-116038a5da9e,1383,NURTURE,,32.7,MEDIUM,"Closest client patterns: Elevator services. Need signals: after hours coverage, emergency dispatch, on call escalation. Verification: verified own site."
discovered:69569817-9e43-4df2-bd44-6bdf634eb3a2,d48af2e6-0e3e-479a-9516-6a30ec278742,1384,NURTURE,,32.7,MEDIUM,"Closest client patterns: Elevator services, Mechanical and HVAC services. Need signals: after hours coverage, emergency dispatch, on call escalation. Verification: verified own site."
discovered:612146f3-f27c-4af2-9e99-44b967e46f57,6bc1eff4-caf8-453b-9944-c5d0309fa4dd,1385,NURTURE,,32.6,MEDIUM,"Closest client patterns: Mechanical and HVAC services, Elevator services. Need signals: after hours coverage, emergency dispatch, lead capture. Verification: verified own site."
discovered:0cdcbf55-4d9a-4af7-8da0-919c6924a6ef,2c61c16a-595f-4e97-bc5d-010b4008e015,1386,NURTURE,,32.6,MEDIUM,"Closest client patterns: Property management and real estate. Need signals: after hours coverage, customer support, emergency dispatch. Verification: verified own site."
discovered:f095155d-b68d-47fe-ac82-98b31ef331c8,7a7ff201-c1a5-4f0e-9de5-46abf721970f,1387,NURTURE,,32.5,LOW,"Closest client patterns: Industrial services, IT and technical services. Need signals: after hours coverage, customer support, emergency dispatch. Verification: license evidence, verified own site."
discovered:ec718c99-8183-459d-bf76-2f871331cf48,9f28c39f-ad9d-418c-86ea-d82c99efa36d,1388,NURTURE,,32.5,LOW,"Closest client patterns: Industrial services, IT and technical services. Need signals: after hours coverage, customer support, emergency dispatch. Verification: license evidence, verified own site."
discovered:96d24144-1fb0-437e-bf0a-1124dfc122de,c790e2c2-bb99-4045-9633-83ffc0e7778c,1389,NURTURE,,32.5,LOW,"Closest client patterns: Home repair and trades, Consumer services. Need signals: appointment scheduling, customer support, lead capture. Verification: verified own site."
discovered:b3d4910c-fef8-44ae-bb1d-708d0fa5f465,df02d2f1-23c1-4ae7-9001-f493c71d9286,1390,NURTURE,,32.5,HIGH,"Closest client patterns: Behavioral health and counseling. Need signals: after hours coverage, appointment scheduling, customer support. Verification: verified own site."
discovered:3ba65247-0b49-4871-a996-77e31b5b927d,9da59df9-f7ad-4872-a6d7-53aa3dfa4fc3,1391,NURTURE,,32.3,MEDIUM,"Closest client patterns: Mechanical and HVAC services, Elevator services. Need signals: after hours coverage, emergency dispatch, lead capture. Verification: verified own site."
discovered:6149db5b-b57d-4e41-a290-952ad27ee54b,1909cc30-b7c9-4606-804a-b453d96248c2,1392,NURTURE,,32.3,LOW,"Closest client patterns: Legal services. Need signals: after hours coverage, appointment scheduling, customer support. Verification: verified own site."
discovered:03166ffb-2a08-4973-9677-794d983422b1,108f0d8e-16d6-4979-9635-9fea055c0e69,1393,NURTURE,,32.3,LOW,"Closest client patterns: Home repair and trades, Consumer services. Need signals: appointment scheduling, customer support, lead capture. Verification: verified own site."
discovered:e8aa7a05-3400-48f5-85c6-ecf1edfd37bc,1f37a934-ac14-448e-a9a9-f3e5979f37ad,1394,NURTURE,,32.3,LOW,"Closest client patterns: Home repair and trades, Consumer services. Need signals: appointment scheduling, customer support, lead capture. Verification: verified own site."
discovered:b5a8d239-fab6-4deb-b6ec-345bea413f29,b47ba1a3-0d68-47d0-bc3d-4f8359ae5d7b,1395,NURTURE,,32.2,MEDIUM,"Closest client patterns: Property management and real estate. Need signals: after hours coverage, customer support, emergency dispatch. Verification: verified own site."
discovered:1ccfb9ea-e138-41d8-bf10-799d01be7b5e,6e839c13-8dbf-4677-b92d-95b4a833fe82,1396,NURTURE,,32.2,LOW,"Closest client patterns: Mechanical and HVAC services, Municipal assistance. Need signals: after hours coverage, emergency dispatch, lead capture. Verification: verified own site."
discovered:2b4bb52b-9547-4846-8fb6-d808c9602d2e,01d06d13-145c-46aa-af06-fef20c4afd5e,1397,NURTURE,,32.1,MEDIUM,"Closest client patterns: Behavioral health and counseling. Need signals: after hours coverage, appointment scheduling, customer support. Verification: verified own site."
discovered:54fb3c15-1de5-47e1-8525-8d48a5476416,f9305d15-3a8a-4c40-b212-d61f9137c93a,1398,NURTURE,,32.0,HIGH,"Closest client patterns: Behavioral health and counseling. Need signals: after hours coverage, appointment scheduling, customer support. Verification: verified own site."
discovered:fed91310-45d6-4596-a06c-b69be87e1ded,60758b73-d27d-4df4-ae80-dfac47314583,1399,NURTURE,,32.0,MEDIUM,"Closest client patterns: Property management and real estate. Need signals: after hours coverage, customer support, emergency dispatch. Verification: verified own site."
discovered:5dab8443-84d6-4215-87ed-2a2f1c0759d4,80b7114e-03a8-4360-a084-ebf8f2266cef,1400,NURTURE,,32.0,LOW,"Closest client patterns: Mechanical and HVAC services, Elevator services. Need signals: after hours coverage, emergency dispatch, lead capture. Verification: verified own site."
discovered:7f2e326d-fb32-4b54-b1b6-95e6b75b5e21,2d374c5e-bfb9-4384-8534-8fb6866845ed,1401,NURTURE,,31.9,MEDIUM,"Closest client patterns: Healthcare providers, Behavioral health and counseling. Need signals: after hours coverage, appointment scheduling, customer support. Verification: verified own site."
discovered:6f9d6359-adfe-448e-b776-d33c3cc9fc15,d3d471ff-f9d7-45f4-aba5-c7d0b899d5a9,1402,NURTURE,,31.9,LOW,"Closest client patterns: Industrial services, Elevator services. Need signals: after hours coverage, emergency dispatch, on call escalation. Verification: verified own site."
discovered:6e762b30-7410-451f-8731-b5a514bb04aa,1899a6ce-54d9-4a76-8e8a-13ab3251cc17,1403,NURTURE,,31.8,MEDIUM,"Closest client patterns: Mechanical and HVAC services, Municipal assistance. Need signals: after hours coverage, emergency dispatch, lead capture. Verification: verified own site."
discovered:8756422f-1f9f-48bc-9638-3d2bcac52989,3cb74793-402c-4f74-9dff-b19b46c28677,1404,NURTURE,,31.7,MEDIUM,"Closest client patterns: Behavioral health and counseling. Need signals: after hours coverage, appointment scheduling, customer support. Verification: verified own site."
discovered:679640f4-0b63-4e57-8c1e-56c9c8b213a7,a6c57f9c-306a-4caf-a165-201a5eb3f1a1,1405,NURTURE,,31.7,MEDIUM,"Closest client patterns: Legal services, Funeral services. Need signals: after hours coverage, appointment scheduling, customer support. Verification: verified own site."
discovered:87ff4a35-313f-4be5-8fee-6fa310d1b82b,09db4827-517b-4196-beea-8ad34eaf8346,1406,NURTURE,,31.7,LOW,"Closest client patterns: Home repair and trades, Consumer services. Need signals: appointment scheduling, customer support, lead capture. Verification: verified own site."
discovered:061e7c93-5ee2-46f0-809a-993ffc1b6e8a,0c511bf6-58b2-45af-975c-e4219946b716,1407,NURTURE,,31.6,LOW,"Closest client patterns: Healthcare providers, Consumer services. Need signals: after hours coverage, appointment scheduling, on call escalation. Verification: verified own site."
discovered:6112d780-4845-41bb-a63f-421f7d4cd7bb,54644b31-d0c8-465a-8ace-7ad43b258b90,1408,NURTURE,,31.5,LOW,"Closest client patterns: Elevator services, Property management and real estate. Need signals: after hours coverage, emergency dispatch, on call escalation. Verification: license evidence, verified own site."
discovered:fc1a140b-522d-427e-9859-4ebe0aedc41e,d323c351-fedc-4239-9bfa-27197f0c80df,1409,NURTURE,,31.5,LOW,"Closest client patterns: Legal services, Property management and real estate. Need signals: after hours coverage, appointment scheduling, customer support. Verification: verified own site."
discovered:b1288e23-139d-4019-9d06-209a1481084a,ca1103d2-46e2-44a5-840d-ea9dfbf1b5c4,1410,NURTURE,,31.5,LOW,"Closest client patterns: Mechanical and HVAC services. Need signals: after hours coverage, emergency dispatch, lead capture. Verification: verified own site."
discovered:f569095e-b7e4-45df-b118-0848ee948c0a,f838b96b-5a57-499c-96b7-4827ebc3c2f0,1411,NURTURE,,31.4,LOW,"Closest client patterns: Home repair and trades, Consumer services. Need signals: appointment scheduling, customer support, lead capture. Verification: verified own site."
discovered:cdff00ad-8da9-4575-a6ff-a8b6f74803ca,c40c07c0-8b12-4880-817a-88ecf7cc8655,1412,NURTURE,,31.3,LOW,"Closest client patterns: Industrial services, Elevator services. Need signals: after hours coverage, customer support, emergency dispatch. Verification: license evidence, verified own site."
discovered:2ee5b507-a827-4e20-9371-9e098c010f17,ed05ecba-de09-4505-bc01-fd17c6c4c250,1413,NURTURE,,31.3,LOW,"Closest client patterns: Mechanical and HVAC services. Need signals: after hours coverage, emergency dispatch, lead capture. Verification: verified own site."
discovered:38c774bf-0728-4392-b310-df2ac3f19e25,5758d39b-2504-4e21-b476-8940b7f31236,1414,NURTURE,,31.2,LOW,"Closest client patterns: Industrial services, Elevator services. Need signals: after hours coverage, customer support, emergency dispatch. Verification: license evidence, verified own site."
discovered:cfd144fe-99bb-4546-81d4-ec400095265a,5073199c-a363-4583-be28-fe5dd7c152c9,1415,NURTURE,,31.2,LOW,"Closest client patterns: Alarm and security services, Behavioral health and counseling. Need signals: after hours coverage, emergency dispatch, on call escalation. Verification: verified own site."
discovered:f0b0a083-6259-45f4-a112-d51ee1263da7,7c8372d5-8020-4cbe-857b-9b54465df5a1,1416,NURTURE,,31.2,LOW,"Closest client patterns: Mechanical and HVAC services. Need signals: after hours coverage, emergency dispatch, lead capture. Verification: verified own site."
discovered:3648fb48-e091-4f31-982e-2f97ce7d6865,3ec3d7c8-348a-452e-b1ab-0ffc4820c830,1417,NURTURE,,31.2,LOW,"Closest client patterns: Mechanical and HVAC services, Municipal public works. Need signals: after hours coverage, emergency dispatch, lead capture. Verification: verified own site."
discovered:2fe6c2ab-886b-4e02-a774-01193af489a9,cc992cc4-dfba-4e51-849f-a794aa404ddc,1418,NURTURE,,31.1,LOW,"Closest client patterns: Mechanical and HVAC services. Need signals: after hours coverage, emergency dispatch, lead capture. Verification: verified own site."
discovered:9963d8da-2cf7-43d9-abbe-c0b143720a6c,53d8118d-57e7-4cb9-96e5-e830c7eb3255,1419,NURTURE,,31.0,MEDIUM,"Closest client patterns: Mechanical and HVAC services, Consumer services. Need signals: after hours coverage, emergency dispatch, lead capture. Verification: verified own site."
discovered:f3244b4e-3299-485a-9bd5-df838a395ac8,5b4ed243-e5a3-4db7-b5f7-0a454c2c3117,1420,NURTURE,,31.0,MEDIUM,"Closest client patterns: Mechanical and HVAC services, Municipal assistance. Need signals: after hours coverage, emergency dispatch, lead capture. Verification: verified own site."
discovered:a174eb09-d786-4507-b742-909e9fc34cfe,b324da76-3f3a-427c-a11b-e7e14d6be896,1421,NURTURE,,30.9,LOW,"Closest client patterns: Behavioral health and counseling, Funeral services. Need signals: after hours coverage, appointment scheduling, emergency dispatch. Verification: verified own site."
discovered:96cd666e-211a-4617-b079-a66059d477df,380a578f-331a-40bd-bf82-d271240627a6,1422,NURTURE,,30.9,MEDIUM,"Closest client patterns: Mechanical and HVAC services, Municipal assistance. Need signals: after hours coverage, emergency dispatch, lead capture. Verification: verified own site."
discovered:3fe4a7d5-7902-4a2a-8467-2c3cd192539e,f29e4ea5-68e0-4062-9bf6-0996cfb411e8,1423,NURTURE,,30.9,LOW,"Closest client patterns: Industrial services, IT and technical services. Need signals: after hours coverage, customer support, emergency dispatch. Verification: verified own site."
discovered:daf7ce8e-2a27-4607-acf5-b8fcb3473501,8946c53b-0997-41c3-a252-2296cb69050d,1424,NURTURE,,30.7,LOW,"Closest client patterns: Industrial services, IT and technical services. Need signals: after hours coverage, customer support, emergency dispatch. Verification: verified own site."
discovered:ba7ff21e-89c2-4e8e-84c6-baa0dba57644,41361a92-f4c0-4d25-b491-dafb1ce97fa1,1425,NURTURE,,30.7,MEDIUM,"Closest client patterns: Elevator services, Property management and real estate. Need signals: after hours coverage, emergency dispatch, on call escalation. Verification: verified own site."
discovered:639e54fa-f636-467d-b3ac-d076846a9608,41a7a75d-58ab-4eb9-8a1c-ac591d7d2e09,1426,NURTURE,,30.6,HIGH,"Closest client patterns: Elevator services. Need signals: after hours coverage, emergency dispatch, on call escalation. Verification: license evidence, verified own site."
discovered:5c885734-90af-4746-bd9e-752f99315249,2f2f207f-8e68-4dc6-9578-a417b0bf136b,1427,NURTURE,,30.6,LOW,"Closest client patterns: Mechanical and HVAC services, IT and technical services. Need signals: after hours coverage, emergency dispatch, lead capture. Verification: verified own site."
discovered:8b79498a-b2ca-4581-bfae-d9c9608516b3,1b983acf-25ae-4189-94cf-405e95a954c3,1428,NURTURE,,30.5,MEDIUM,"Closest client patterns: Mechanical and HVAC services, Home repair and trades. Need signals: after hours coverage, emergency dispatch, lead capture. Verification: verified own site."
discovered:a7db69a6-29d3-4b98-9e82-334c856c2e7b,e04d6083-635e-4dea-9b9d-9806e7e05b89,1429,NURTURE,,30.5,MEDIUM,"Closest client patterns: Home repair and trades, Consumer services. Need signals: after hours coverage, appointment scheduling, emergency dispatch. Verification: verified own site."
discovered:8572328c-2c78-4737-893b-f52478eae30f,660663eb-015b-4fe7-a9ff-b8467be14ed0,1430,NURTURE,,30.4,MEDIUM,"Closest client patterns: Mechanical and HVAC services, Municipal assistance. Need signals: after hours coverage, emergency dispatch, lead capture. Verification: verified own site."
discovered:8312c70d-01ec-4cd2-bb1f-b9b5513290b5,821eb4f6-134e-46d9-89e8-07220163762b,1431,NURTURE,,30.4,LOW,"Closest client patterns: Legal services. Need signals: after hours coverage, appointment scheduling, customer support. Verification: verified own site."
discovered:81676f32-0840-4b08-8a47-5a90094311e2,65ff9775-2db4-416a-b174-1ba004a2e445,1432,NURTURE,,30.3,LOW,"Closest client patterns: Healthcare providers, Consumer services. Need signals: after hours coverage, appointment scheduling, on call escalation. Verification: verified own site."
discovered:848544c1-a315-46ca-846d-462780169121,df8107f7-a4ff-46ac-bd2c-3744b4e9a2a0,1433,NURTURE,,30.3,LOW,"Closest client patterns: Healthcare providers, Consumer services. Need signals: after hours coverage, appointment scheduling, on call escalation. Verification: verified own site."
discovered:967a962d-ab3a-4e74-80e2-27223a523fa4,21dd8629-0043-4952-ba07-c04880e7672d,1434,NURTURE,,30.3,MEDIUM,"Closest client patterns: Behavioral health and counseling. Need signals: after hours coverage, appointment scheduling, customer support. Verification: verified own site."
discovered:740b4f74-cf9c-41f6-9a84-988949252a13,51c664fb-be1d-419b-8b59-bbabc8c2f798,1435,NURTURE,,30.1,LOW,"Closest client patterns: Healthcare providers, IT and technical services. Need signals: after hours coverage, customer support, on call escalation. Verification: verified own site."
discovered:d4a630dc-a5c6-48a4-9760-4d3e82a5b0e4,d461abf8-9e70-4a35-96a6-4d7a2ca884de,1436,NURTURE,,30.1,LOW,"Closest client patterns: Industrial services, Elevator services. Need signals: after hours coverage, customer support, emergency dispatch. Verification: verified own site."
discovered:114ddef8-e1c7-4f78-917b-cb46fcce057f,83424e50-d832-43d3-97ad-4672cab89b85,1437,NURTURE,,30.0,MEDIUM,"Closest client patterns: Property management and real estate. Need signals: after hours coverage, customer support, emergency dispatch. Verification: verified own site."
discovered:29742b14-7137-43f6-a753-11245cd71e49,c02b9c55-4332-4d33-8a0f-c852f94b45b3,1438,NURTURE,,30.0,LOW,"Closest client patterns: Home repair and trades, Consumer services. Need signals: appointment scheduling, customer support, lead capture. Verification: verified own site."
discovered:21b9eea3-9058-43d5-987b-8f3a86167419,c328979a-565c-4acf-b7f4-2eedf87fe692,1439,NURTURE,,29.9,MEDIUM,"Closest client patterns: Elevator services, Behavioral health and counseling. Need signals: after hours coverage, appointment scheduling, on call escalation. Verification: license evidence, verified own site."
discovered:3e4811ef-2626-4503-8b94-3bc16c0b92b7,d41a415b-de30-4be5-811c-c5f9612234d1,1440,NURTURE,,29.9,HIGH,"Closest client patterns: Legal services. Need signals: after hours coverage, appointment scheduling, customer support. Verification: verified own site."
discovered:db1b5394-dc12-46af-bb63-7d15813e9f2a,80e3607c-3d26-4434-9e2b-71a9a52f5dd6,1441,NURTURE,,29.9,LOW,"Closest client patterns: Home repair and trades, Elevator services. Need signals: after hours coverage, emergency dispatch, on call escalation. Verification: verified own site."
discovered:98e9c6e4-b5c0-4826-aaa8-ecd421a41987,88b62bb1-9799-454f-8781-c092fd49e5bc,1442,NURTURE,,29.9,LOW,"Closest client patterns: Property management and real estate. Need signals: after hours coverage, customer support, emergency dispatch. Verification: verified own site."
discovered:6ddc3289-ccc3-48e2-b55f-6747b7fd7426,f7623e18-70bb-408a-8252-991660c9a1eb,1443,NURTURE,,29.9,LOW,"Closest client patterns: Industrial services, IT and technical services. Need signals: after hours coverage, customer support, emergency dispatch. Verification: verified own site."
discovered:fc24d5c7-1c36-4646-ba9e-0250aa11110a,0a90d4a6-5cad-4da9-9569-99baf6a338e2,1444,NURTURE,,29.6,LOW,"Closest client patterns: Healthcare providers, Consumer services. Need signals: after hours coverage, appointment scheduling, on call escalation. Verification: verified own site."
discovered:88a1e273-6525-46c8-aede-96fb0648f923,9858c261-5ae6-438a-b157-076acc1dc043,1445,NURTURE,,29.4,MEDIUM,"Closest client patterns: Legal services. Need signals: after hours coverage, appointment scheduling, customer support. Verification: license evidence, verified own site."
discovered:26be6bfe-83c8-4049-b411-1afcf9bc3612,38912ec8-e22e-4f6c-b2aa-999df723f23f,1446,NURTURE,,29.3,MEDIUM,"Closest client patterns: Mechanical and HVAC services, Home repair and trades. Need signals: after hours coverage, emergency dispatch, lead capture. Verification: license evidence, verified own site."
discovered:22d1ac52-b542-4711-8a59-92522552ef15,8755f741-347c-4642-ae6c-3e4ae2c39af4,1447,NURTURE,,29.3,HIGH,"Closest client patterns: Elevator services. Need signals: after hours coverage, emergency dispatch, on call escalation. Verification: verified own site."
discovered:a1eeb45d-fc3c-413d-a91b-fc06d5b77aa4,675d4c3d-1bc4-4ff2-a92c-dc7ddc0ebb97,1448,NURTURE,,29.3,LOW,"Closest client patterns: Elevator services, Legal services. Need signals: after hours coverage, emergency dispatch, on call escalation. Verification: verified own site."
discovered:fd0e89d8-a343-4910-81fb-bdaf722a3fc0,90b6f0e9-6e1f-4222-89cf-29be49428c90,1449,NURTURE,,29.3,HIGH,"Closest client patterns: Elevator services. Need signals: after hours coverage, emergency dispatch, on call escalation. Verification: verified own site."
discovered:0fad41cb-ef68-4938-8b60-6d6444fd9c15,e70a1963-fc65-49e2-b751-037d7742f64f,1450,NURTURE,,29.3,HIGH,"Closest client patterns: Elevator services. Need signals: after hours coverage, emergency dispatch, on call escalation. Verification: verified own site."
discovered:1d91465b-8215-4f4b-b382-fbbeb8dfff42,d7bd649b-5470-4166-a285-2f2419924058,1451,NURTURE,,29.2,LOW,"Closest client patterns: Mechanical and HVAC services, IT and technical services. Need signals: after hours coverage, emergency dispatch, lead capture. Verification: verified own site."
discovered:7ebbc6fd-51e0-455f-a535-e3bb575cd936,40279ede-e351-48cc-aff7-52861513951f,1452,NURTURE,,29.2,LOW,"Closest client patterns: Industrial services, IT and technical services. Need signals: after hours coverage, customer support, emergency dispatch. Verification: verified own site."
discovered:a6a9dab5-4112-4805-9ad3-d4a4a74dae07,ff9d3222-4d95-40ac-8fe6-29ff2b4efd7e,1453,NURTURE,,29.0,MEDIUM,"Closest client patterns: Elevator services. Need signals: after hours coverage, emergency dispatch, on call escalation. Verification: T4, Google Business Profile, verified own site."
discovered:e66deef0-9ac8-44de-afbf-cc98b9b2261b,5062a392-0c64-4ac9-885e-dde64ce2c77f,1454,NURTURE,,29.0,LOW,"Closest client patterns: Alarm and security services, Elevator services. Need signals: after hours coverage, emergency dispatch, on call escalation. Verification: verified own site."
discovered:e0b1fa2d-9e4b-44d7-b67e-e5f8b3b22ac9,d1bee85a-e128-44af-bc28-ba8c06766b79,1455,NURTURE,,28.8,LOW,"Closest client patterns: Healthcare providers, Consumer services. Need signals: after hours coverage, appointment scheduling, on call escalation. Verification: verified own site."
discovered:a835ea5a-6160-472b-bcbd-255b7d8c6feb,1d307dec-e5c7-4e91-a7dc-169abe203ead,1456,NURTURE,,28.7,LOW,"Closest client patterns: IT and technical services, Industrial services. Need signals: after hours coverage, customer support, emergency dispatch. Verification: license evidence, verified own site."
discovered:75aecfc0-f7b9-45c7-ace9-7b8f13974056,c4099497-dae5-4d99-8deb-21f35275caf7,1457,NURTURE,,28.6,LOW,"Closest client patterns: Mechanical and HVAC services, Municipal public works. Need signals: after hours coverage, emergency dispatch, lead capture. Verification: verified own site."
discovered:1a79adbe-3b84-44e4-8663-9423d0bd8f27,ee10deec-e03d-43de-a183-1b6c7c543651,1458,NURTURE,,28.6,LOW,"Closest client patterns: Consumer services, Healthcare providers. Need signals: after hours coverage, appointment scheduling, on call escalation. Verification: verified own site."
discovered:48fce9a6-db95-4b8b-b5e0-ee9bbf8f07f0,02af2642-dc59-4a4d-ad31-c41768668676,1459,NURTURE,,28.2,MEDIUM,"Closest client patterns: Legal services. Need signals: after hours coverage, appointment scheduling, customer support. Verification: verified own site."
discovered:78229637-998d-45bc-90f7-6966279ba409,5d785f47-482c-423d-b39c-d82980eec375,1460,NURTURE,,28.2,LOW,"Closest client patterns: Elevator services, Municipal assistance. Need signals: after hours coverage, emergency dispatch, on call escalation. Verification: verified own site."
discovered:f6679755-f32e-4ada-aa9e-6418697c3745,450611c4-4aea-402f-a9b9-ef0ca938c54b,1461,NURTURE,,28.1,LOW,"Closest client patterns: Mechanical and HVAC services, Municipal assistance. Need signals: after hours coverage, emergency dispatch, lead capture. Verification: verified own site."
discovered:5311c289-65c0-4d99-9e19-519d43629cb6,56f906dc-763d-4e0f-b4f6-801c94b36f0d,1462,NURTURE,,28.0,MEDIUM,"Closest client patterns: Elevator services. Need signals: after hours coverage, emergency dispatch, on call escalation. Verification: verified own site."
discovered:34791b8e-e95f-4151-8819-2503c638d1b7,7d90f166-bc8d-46c0-9db3-f046dbd9f5fa,1463,NURTURE,,27.9,LOW,"Closest client patterns: IT and technical services, Consumer services. Need signals: after hours coverage, customer support, on call escalation. Verification: verified own site."
discovered:d4930571-babb-487a-95e3-5b7162234f0f,20c97478-95bd-4fff-8a39-b999c168da75,1464,NURTURE,,27.7,MEDIUM,"Closest client patterns: Legal services. Need signals: after hours coverage, appointment scheduling, customer support. Verification: verified own site."
discovered:a90fa306-714e-4111-8076-928c7206410e,bbd81fce-eeda-4df1-bfb9-440f57040d14,1465,NURTURE,,27.4,LOW,"Closest client patterns: Mechanical and HVAC services, Elevator services. Need signals: after hours coverage, emergency dispatch, lead capture. Verification: verified own site."
discovered:06ce9f08-19f1-4139-9490-efeb91b84e31,9802de0f-6ebe-4be4-ba6b-e2b25b6aaded,1466,NURTURE,,27.4,LOW,"Closest client patterns: Industrial services, Elevator services. Need signals: after hours coverage, customer support, emergency dispatch. Verification: verified own site."
discovered:214f82b4-448c-4ef9-8ad5-6bd02e75b96b,2f91c84c-41be-431e-b145-068be03d9b70,1467,NURTURE,,27.4,LOW,"Closest client patterns: Industrial services, Elevator services. Need signals: after hours coverage, customer support, emergency dispatch. Verification: verified own site."
discovered:bb5ce2a7-b34c-4172-96fb-c885895da2c9,f45535bc-8075-4a67-96d6-64f66a69e277,1468,NURTURE,,27.3,LOW,"Closest client patterns: Healthcare providers, Funeral services. Need signals: after hours coverage, appointment scheduling, on call escalation. Verification: license evidence, verified own site."
discovered:a291f115-3dc2-4b69-b336-e3810e1969f0,82e1e420-a713-48b8-a7e1-8c011999edfc,1469,NURTURE,,27.3,LOW,"Closest client patterns: Mechanical and HVAC services, Elevator services. Need signals: after hours coverage, emergency dispatch, on call escalation. Verification: license evidence, verified own site."
discovered:d98cecbd-182e-4d77-9473-ed4562230f85,1b7d3c33-cd54-44ce-819b-3c8c67b0f269,1470,NURTURE,,27.3,LOW,"Closest client patterns: Funeral services, IT and technical services. Need signals: after hours coverage, customer support, on call escalation. Verification: verified own site."
discovered:32bf211d-4c5a-4fb9-b686-38381667eb80,829657ac-391d-4ffe-8a2b-17237d83c463,1471,NURTURE,,27.3,LOW,"Closest client patterns: Healthcare providers, Behavioral health and counseling. Need signals: after hours coverage, appointment scheduling, on call escalation. Verification: verified own site."
discovered:3be57cf5-5b95-4e6a-9beb-4ad8985b670b,bd9e0335-a384-4c17-9282-216d605775e7,1472,NURTURE,,27.3,LOW,"Closest client patterns: Consumer services, Elevator services. Need signals: after hours coverage, emergency dispatch, on call escalation. Verification: verified own site."
discovered:0ef929a5-624a-4047-8522-ce55db3a1e69,2e813fe3-c5ff-4a5c-8aa7-018fdab8b466,1473,NURTURE,,27.3,LOW,"Closest client patterns: Elevator services, Municipal assistance. Need signals: after hours coverage, emergency dispatch, on call escalation. Verification: verified own site."
discovered:02e831d7-e629-4c95-bb3a-e9f4623f7cae,60ea620c-9797-4fc5-a87b-4e6a9c3dfce0,1474,NURTURE,,27.3,LOW,"Closest client patterns: Consumer services, Healthcare providers. Need signals: after hours coverage, appointment scheduling, on call escalation. Verification: verified own site."
discovered:4dc21dbd-41e3-4399-8c4d-575723d0230a,7dc1f748-eca8-42db-8362-f89e77b05074,1475,NURTURE,,27.2,MEDIUM,"Closest client patterns: Consumer services, Healthcare providers. Need signals: after hours coverage, appointment scheduling, on call escalation. Verification: license evidence, verified own site."
discovered:554652f5-f844-461b-bd9a-b353a971e1fd,370c952f-d85a-4673-a00b-4d5bf6081666,1476,NURTURE,,27.2,LOW,"Closest client patterns: Industrial services, Elevator services. Need signals: after hours coverage, customer support, emergency dispatch. Verification: verified own site."
discovered:c2230273-d4d9-4c27-b578-ac2a5d0b98de,99ce2b76-3d93-48ff-8a73-8622182f84b0,1477,NURTURE,,27.1,HIGH,"Closest client patterns: Behavioral health and counseling. Need signals: after hours coverage, appointment scheduling, customer support. Verification: verified own site."
discovered:b8913816-b6da-4dd4-bfe5-c45d87ec9a7e,477580bd-eb1d-43fd-94e1-e27aa209c8a6,1478,NURTURE,,27.1,LOW,"Closest client patterns: Consumer services, Healthcare providers. Need signals: after hours coverage, appointment scheduling, on call escalation. Verification: verified own site."
discovered:91b003c7-93cf-4ff7-afb9-a39c3e082993,14fe97eb-88f8-4939-b5c1-5d48f9ccb3bd,1479,NURTURE,,27.1,MEDIUM,"Closest client patterns: Legal services. Need signals: after hours coverage, appointment scheduling, customer support. Verification: verified own site."
discovered:8405e43c-cd63-4aea-8980-18a2975e26c1,688a3ac3-3ed8-4192-8d3d-564ed3138f57,1480,NURTURE,,27.1,LOW,"Closest client patterns: Consumer services, Healthcare providers. Need signals: after hours coverage, appointment scheduling, on call escalation. Verification: verified own site."
discovered:a9a2aeff-d8c0-4f4c-8120-1dd5c1f06306,f7ab5922-26b7-4321-a992-bebd68a5a9e3,1481,NURTURE,,27.1,LOW,"Closest client patterns: Industrial services, Elevator services. Need signals: after hours coverage, customer support, emergency dispatch. Verification: verified own site."
discovered:3edb9fc1-f54e-4f72-a664-5810a5b00710,1fb28d91-de9a-421e-bbbd-d8798a6ab8e4,1482,NURTURE,,27.1,MEDIUM,"Closest client patterns: IT and technical services, Municipal assistance. Need signals: after hours coverage, customer support, on call escalation. Verification: verified own site."
discovered:e1b71dac-193f-4ef5-86cb-23c7f467fb2a,8155c151-5a89-46aa-8c38-f3e2a1206898,1483,NURTURE,,27.1,LOW,"Closest client patterns: Consumer services, Healthcare providers. Need signals: after hours coverage, appointment scheduling, on call escalation. Verification: verified own site."
discovered:62c1d735-854e-47b1-acef-3d7260dc7833,dd66cc45-a334-4a1c-aec1-40906b88a5ee,1484,NURTURE,,27.0,MEDIUM,"Closest client patterns: Elevator services. Need signals: after hours coverage, emergency dispatch, on call escalation. Verification: license evidence, verified own site."
discovered:026b09f9-80b9-4cfc-869b-9fb003d545ab,632a09f4-5709-4933-a38f-dcfb7aa97cb3,1485,NURTURE,,27.0,LOW,"Closest client patterns: Municipal public works, Elevator services. Need signals: after hours coverage, emergency dispatch, on call escalation. Verification: verified own site."
discovered:8098ce63-80d0-4073-9d47-35503d544091,6e5eafda-6332-4c08-843a-cd3402f80bb2,1486,NURTURE,,26.9,MEDIUM,"Closest client patterns: IT and technical services, Consumer services. Need signals: after hours coverage, customer support, on call escalation. Verification: T4, Google Business Profile, verified own site."
discovered:58bc556c-6713-43e6-b8bb-468ac5ee2693,9d1d74b3-3442-4a5f-8162-8fb205c59d88,1487,NURTURE,,26.9,LOW,"Closest client patterns: Mechanical and HVAC services, Behavioral health and counseling. Need signals: after hours coverage, emergency dispatch, on call escalation. Verification: verified own site."
discovered:c73fbebf-5981-435a-8312-c3def423e847,69c36fcd-1c0e-4156-b3ed-7b0a1ef8dbea,1488,NURTURE,,26.9,LOW,"Closest client patterns: Healthcare providers, Funeral services. Need signals: after hours coverage, appointment scheduling, on call escalation. Verification: verified own site."
discovered:614c7869-0bd6-41ec-83cf-831b4898d5f9,21497d04-e32b-439e-8c2e-f61245978d88,1489,NURTURE,,26.7,LOW,"Closest client patterns: Mechanical and HVAC services, Home repair and trades. Need signals: after hours coverage, emergency dispatch, lead capture. Verification: verified own site."
discovered:a3ead749-d8a9-4a6d-b21c-1012944e3553,1ceb1a28-e88d-4ef6-b606-09302897732b,1490,NURTURE,,26.7,LOW,"Closest client patterns: Consumer services, Healthcare providers. Need signals: after hours coverage, appointment scheduling, on call escalation. Verification: verified own site."
discovered:3e5f4d26-530d-4de5-a01a-d91bd08cf953,a5be3054-a119-425b-b4d7-5cdb65b1544f,1491,NURTURE,,26.5,LOW,"Closest client patterns: IT and technical services, Veterinary and animal services. Need signals: after hours coverage, emergency dispatch, on call escalation. Verification: verified own site."
discovered:1498df90-33d2-4364-9740-374a69cb3141,a1d6a5b0-c071-414f-9c19-ddd4a885403f,1492,NURTURE,,26.5,LOW,"Closest client patterns: Consumer services, Healthcare providers. Need signals: after hours coverage, appointment scheduling, on call escalation. Verification: verified own site."
discovered:56e60a3a-3f0d-4fe8-9a7a-91c483b6ca97,956f7c4a-4a9d-45fc-ab65-709d92a5f0ee,1493,NURTURE,,26.4,HIGH,"Closest client patterns: Legal services. Need signals: after hours coverage, appointment scheduling, customer support. Verification: verified own site."
discovered:5b61f321-2004-4676-b712-538ca02a5917,ab8c1d12-2020-46fd-a8f0-beb0ff2fbc76,1494,NURTURE,,26.3,MEDIUM,"Closest client patterns: Healthcare providers, Legal services. Need signals: after hours coverage, appointment scheduling, on call escalation. Verification: verified own site."
discovered:78936b3d-e69d-45fc-95f8-63cb86afabf0,18388c4b-4267-4ff0-827b-1e546d7401de,1495,NURTURE,,26.2,MEDIUM,"Closest client patterns: Legal services. Need signals: after hours coverage, appointment scheduling, customer support. Verification: verified own site."
discovered:702dd6dc-21be-4a9f-b84d-aed0bfef4d4e,7649043a-c593-4f0c-aa7f-e16674d0a691,1496,NURTURE,,26.2,MEDIUM,"Closest client patterns: Legal services. Need signals: after hours coverage, appointment scheduling, customer support. Verification: verified own site."
discovered:3429fe78-7426-4822-8f79-0c259842d038,796fce0c-df88-42f5-a9a4-35fb3bf43323,1497,NURTURE,,26.1,LOW,"Closest client patterns: Property management and real estate, Elevator services. Need signals: after hours coverage, emergency dispatch, on call escalation. Verification: verified own site."
discovered:8bb776e2-d121-4df7-bf25-59fe3563a407,ce4d6496-e52a-41e1-b7e3-41378a2c99ef,1498,NURTURE,,26.1,MEDIUM,"Closest client patterns: Legal services. Need signals: after hours coverage, appointment scheduling, customer support. Verification: verified own site."
discovered:ed5852d1-c461-4840-8e52-88e2b344000c,60a2e81d-1efc-44bf-a267-1cbfd1120cc3,1499,NURTURE,,26.1,LOW,"Closest client patterns: Consumer services, Healthcare providers. Need signals: after hours coverage, appointment scheduling, on call escalation. Verification: verified own site."
discovered:0b72df98-db37-4675-ae96-450e0873b6a0,d214db28-ca92-44ae-9995-c7168ea46727,1500,NURTURE,,26.1,LOW,"Closest client patterns: Mechanical and HVAC services. Need signals: after hours coverage, emergency dispatch, lead capture. Verification: verified own site."
discovered:cde78543-2aec-4716-9544-d2187b61870a,5308172b-8da7-4776-a510-ff8d52b4cc08,1501,NURTURE,,26.0,MEDIUM,"Closest client patterns: Legal services. Need signals: after hours coverage, appointment scheduling, customer support. Verification: verified own site."
discovered:18cd3c7b-6d3e-4bd4-a330-abb6c9fe2361,a864ab1a-7839-469f-b8f9-e1a961b3acf6,1502,NURTURE,,25.9,MEDIUM,"Closest client patterns: Legal services. Need signals: after hours coverage, appointment scheduling, customer support. Verification: verified own site."
discovered:6a19eac8-f75a-4cde-8433-748b232f262c,0bac0ce2-0f96-46cd-99e2-6c891484129b,1503,NURTURE,,25.8,LOW,"Closest client patterns: Municipal assistance, Elevator services. Need signals: after hours coverage, emergency dispatch, on call escalation. Verification: verified own site."
discovered:1b83a6d8-e4f8-42f8-8112-9a189cf8fab2,c52321ca-e3e4-462a-a9bc-7f8115782f90,1504,NURTURE,,25.7,MEDIUM,"Closest client patterns: Legal services. Need signals: after hours coverage, appointment scheduling, customer support. Verification: verified own site."
discovered:db846448-9a89-4015-8be4-0de8a9aef681,0170ab07-a27f-4c00-9be3-f86cb6a27aa5,1505,NURTURE,,25.7,MEDIUM,"Closest client patterns: Legal services. Need signals: after hours coverage, appointment scheduling, customer support. Verification: verified own site."
discovered:d099851c-8bae-4b00-8503-93f82b71d6d9,bd559a64-e544-4cd6-b129-aceb550d915d,1506,NURTURE,,25.7,MEDIUM,"Closest client patterns: Legal services. Need signals: after hours coverage, appointment scheduling, customer support. Verification: verified own site."
discovered:dcebf716-da08-4209-bd1d-5887d019cbf3,e7a11073-b2b3-41f1-b7b2-63fb7da19c83,1507,NURTURE,,25.7,MEDIUM,"Closest client patterns: Legal services. Need signals: after hours coverage, appointment scheduling, customer support. Verification: verified own site."
discovered:cc0c6810-5846-4c63-ad29-0e0182688cac,0dba9ff3-c1ff-4e04-bee3-c31c2ebad699,1508,NURTURE,,25.6,LOW,"Closest client patterns: IT and technical services, Consumer services. Need signals: after hours coverage, customer support, on call escalation. Verification: verified own site."
discovered:080e28e0-47f8-4189-bcb4-67e4d632fad6,99195684-538f-4e6a-bf9f-4603085654c5,1509,NURTURE,,25.6,MEDIUM,"Closest client patterns: Behavioral health and counseling, Healthcare providers. Need signals: after hours coverage, appointment scheduling, on call escalation. Verification: verified own site."
discovered:966c97e6-6f79-4d2a-9d98-2ae1a1671f9f,15cf74c7-a211-4c69-b273-842eaee707f5,1510,NURTURE,,25.6,LOW,"Closest client patterns: Consumer services, Healthcare providers. Need signals: after hours coverage, appointment scheduling, on call escalation. Verification: verified own site."
discovered:41ebec25-89dd-4f22-8ed4-fb2ba2de092e,13c20fd7-2fac-4c4b-bb87-f907c548a04f,1511,NURTURE,,25.5,LOW,"Closest client patterns: Consumer services, Healthcare providers. Need signals: after hours coverage, appointment scheduling, on call escalation. Verification: verified own site."
discovered:261ca468-b50e-49b2-ab45-0d8d8390e0fb,16bfa59a-522a-4fe3-9d05-c26e234d211d,1512,NURTURE,,25.5,MEDIUM,"Closest client patterns: Legal services. Need signals: after hours coverage, appointment scheduling, customer support. Verification: verified own site."
discovered:6b3a6bd4-6714-4fc5-8e71-c56df40940db,e2fe2de7-6052-41de-8cd6-d2858ee7a578,1513,NURTURE,,25.5,MEDIUM,"Closest client patterns: Legal services. Need signals: after hours coverage, appointment scheduling, customer support. Verification: verified own site."
discovered:7f8b2519-9819-4145-8bf2-b42dbb69e6f3,62168cfb-6baa-452d-abfa-b772cb440050,1514,NURTURE,,25.4,LOW,"Closest client patterns: IT and technical services, Consumer services. Need signals: after hours coverage, customer support, on call escalation. Verification: verified own site."
discovered:92d69dce-24e8-44b0-915b-91b30bfce00a,af56a251-602a-4d58-bf9d-48bc740b9038,1515,NURTURE,,25.3,MEDIUM,"Closest client patterns: Legal services. Need signals: after hours coverage, appointment scheduling, customer support. Verification: verified own site."
discovered:871927f3-d17b-4f74-b3a1-530d53421079,a9bef913-64d1-416a-8586-a1d606fc9d4f,1516,NURTURE,,25.3,MEDIUM,"Closest client patterns: Legal services. Need signals: after hours coverage, appointment scheduling, customer support. Verification: verified own site."
discovered:847909a3-bdd4-4df1-b86b-58c4e5d0e1e8,ec12dfc9-ebb8-4660-a396-c2a2ed52049e,1517,NURTURE,,25.3,MEDIUM,"Closest client patterns: Legal services. Need signals: after hours coverage, appointment scheduling, customer support. Verification: verified own site."
discovered:2c958f7b-deea-484c-8c92-65f851a67c7c,ced59696-2f6e-4834-a7ad-d7d15ddb4250,1518,NURTURE,,25.3,MEDIUM,"Closest client patterns: Legal services. Need signals: after hours coverage, appointment scheduling, customer support. Verification: verified own site."
discovered:e0534cc3-1121-47dc-86e9-ae082a4ea66e,b34f251c-14dc-4244-a393-1a5aec60d238,1519,NURTURE,,25.2,MEDIUM,"Closest client patterns: Healthcare providers, Behavioral health and counseling. Need signals: after hours coverage, appointment scheduling, customer support. Verification: license evidence, verified own site."
discovered:a3513d97-6ed1-4af2-8cb7-de4f6d72cad2,821a4a6b-3242-4011-a700-1b7711ea5ede,1520,NURTURE,,25.2,LOW,"Closest client patterns: Consumer services, Healthcare providers. Need signals: after hours coverage, appointment scheduling, on call escalation. Verification: verified own site."
discovered:42bd979c-de8a-4019-ab67-02c84c94fc3d,580a9fcb-c0a2-40b5-8dc6-a5f8946edc65,1521,NURTURE,,25.2,MEDIUM,"Closest client patterns: Legal services. Need signals: after hours coverage, appointment scheduling, customer support. Verification: verified own site."
discovered:61c26db0-5f6b-4994-884f-90d63105d610,01d1e4e0-83cc-4b56-a42e-489e2ad01fd1,1522,NURTURE,,25.2,MEDIUM,"Closest client patterns: Legal services. Need signals: after hours coverage, appointment scheduling, customer support. Verification: verified own site."
discovered:cef8ea0f-d60c-4d32-ab6f-efaeb228fc2e,d401cdbe-a907-4431-ad73-f25592fe27c0,1523,NURTURE,,25.2,HIGH,"Closest client patterns: Elevator services. Need signals: after hours coverage, emergency dispatch, on call escalation. Verification: verified own site."
discovered:d9741a5b-d572-4759-8e12-2a07a137ed91,fbdb1b56-e5f1-4571-b511-b7bb906ab8b9,1524,NURTURE,,25.2,MEDIUM,"Closest client patterns: Behavioral health and counseling. Need signals: after hours coverage, appointment scheduling, customer support. Verification: verified own site."
discovered:39997734-e83e-4bb7-84ab-7e7a6c7b2127,84ba92bd-e15a-4e08-a048-6ab8d8cd5074,1525,NURTURE,,25.1,LOW,"Closest client patterns: IT and technical services, Consumer services. Need signals: after hours coverage, customer support, on call escalation. Verification: verified own site."
discovered:33140a0e-3a67-4d3a-819d-ddf32a70a076,0db9183c-55a6-47b2-9213-f56cde87f47b,1526,NURTURE,,25.0,LOW,"Closest client patterns: Elevator services. Need signals: after hours coverage, emergency dispatch, on call escalation. Verification: license evidence, verified own site."
discovered:eeed6fb9-1435-4817-a272-450f0f981656,dfb7df90-7684-4c59-8add-2b3c2d1fc6a3,1527,NURTURE,,25.0,MEDIUM,"Closest client patterns: Elevator services. Need signals: after hours coverage, emergency dispatch, on call escalation. Verification: license evidence, verified own site."
discovered:dd4d911e-5084-43d5-ade9-4fbd37d0ea38,02168329-40e7-4f41-8698-dcf2181fe3d4,1528,NURTURE,,25.0,LOW,"Closest client patterns: Elevator services, Industrial services. Need signals: after hours coverage, emergency dispatch, on call escalation. Verification: license evidence, verified own site."
discovered:1030520c-7c29-47f4-9368-c2a65d4f7f80,fac04cce-5e21-455a-be08-0e44ef43d486,1529,NURTURE,,25.0,MEDIUM,"Closest client patterns: Elevator services. Need signals: after hours coverage, emergency dispatch, on call escalation. Verification: license evidence, verified own site."
discovered:7216a72f-40ad-4ef7-9869-1a864a9d202c,bf986df8-8b18-4b92-975e-923ae875e7de,1530,NURTURE,,25.0,MEDIUM,"Closest client patterns: Elevator services. Need signals: after hours coverage, emergency dispatch, on call escalation. Verification: license evidence, verified own site."
discovered:f61bc3fc-2eff-499e-bb98-ba295c6170fb,f6c04809-f869-4bb3-8f3f-f4c364eb57ea,1531,NURTURE,,25.0,LOW,"Closest client patterns: Elevator services, Industrial services. Need signals: after hours coverage, emergency dispatch, on call escalation. Verification: license evidence, verified own site."
discovered:35c9600b-2f28-454e-ac76-ee652b7e0dd4,023a4370-3599-4572-8d66-581724e826ff,1532,NURTURE,,25.0,MEDIUM,"Closest client patterns: Elevator services. Need signals: after hours coverage, emergency dispatch, on call escalation. Verification: license evidence, verified own site."
discovered:a034bf9e-61ef-47c7-bf18-102c5353c87d,011d11b5-1ac7-481d-82c2-e6d283a6d69d,1533,NURTURE,,25.0,MEDIUM,"Closest client patterns: Elevator services. Need signals: after hours coverage, emergency dispatch, on call escalation. Verification: license evidence, verified own site."
discovered:0926b32f-f003-4ecf-9ea3-73fe8cd52539,6ee32d57-67d9-41be-b825-b36bc657f76a,1534,NURTURE,,25.0,LOW,"Closest client patterns: IT and technical services, Consumer services. Need signals: after hours coverage, customer support, on call escalation. Verification: verified own site."
discovered:f613a472-eb72-4c64-9cc2-c4bd0b0340c3,fe4d65f3-0df3-4ed9-ab4e-86627f823a78,1535,NURTURE,,24.9,MEDIUM,"Closest client patterns: Legal services. Need signals: after hours coverage, appointment scheduling, customer support. Verification: verified own site."
discovered:00559461-22b1-4683-ac1f-609e9822dcc9,79b36280-591c-4824-b33a-2bf11e5f06a4,1536,NURTURE,,24.9,LOW,"Closest client patterns: Industrial services, Property management and real estate. Need signals: after hours coverage, appointment scheduling, emergency dispatch. Verification: verified own site."
discovered:bae17b91-4ed7-42c7-829e-5077efd270af,0c8f2d69-b815-42e7-86f7-0f777cb06667,1537,NURTURE,,24.8,MEDIUM,"Closest client patterns: Legal services. Need signals: after hours coverage, appointment scheduling, customer support. Verification: verified own site."
discovered:9167aa9e-5368-4f21-a5b1-69380b6307e2,89c40a48-1d90-4504-9f1c-fbf4cff311cb,1538,NURTURE,,24.7,MEDIUM,"Closest client patterns: Legal services. Need signals: after hours coverage, appointment scheduling, customer support. Verification: verified own site."
discovered:c78cfa0a-55a0-4522-ad47-061bde950edf,c997d9ad-3b9e-4625-b719-3a403d71a17e,1539,NURTURE,,24.4,MEDIUM,"Closest client patterns: Elevator services, Municipal assistance. Need signals: after hours coverage, appointment scheduling, on call escalation. Verification: verified own site."
discovered:5f56ae4c-416f-45ac-828b-f24fd1b296a8,cac54308-60e6-4650-a6fe-b32ea58c6364,1540,NURTURE,,24.4,MEDIUM,"Closest client patterns: Legal services. Need signals: after hours coverage, appointment scheduling, customer support. Verification: verified own site."
discovered:bcf704cf-a5ef-4e9a-973c-4271ddec440a,c4f31a78-a06d-487c-90fa-0c58b1105f3d,1541,NURTURE,,24.4,LOW,"Closest client patterns: IT and technical services, Municipal assistance. Need signals: after hours coverage, customer support, on call escalation. Verification: verified own site."
discovered:f124779e-a5f1-4a3d-b894-30626a4a207c,e807ead6-9690-4c8c-957c-2628ed44dd76,1542,NURTURE,,24.4,LOW,"Closest client patterns: Dental services, Mechanical and HVAC services. Need signals: after hours coverage, appointment scheduling, emergency dispatch. Verification: verified own site."
discovered:6073e7cd-406a-4488-9461-683f8b9a5e0b,af7c48ea-b1ae-40c6-857e-86256ad3240c,1543,NURTURE,,24.2,LOW,"Closest client patterns: Mechanical and HVAC services, Elevator services. Need signals: after hours coverage, emergency dispatch, on call escalation. Verification: verified own site."
discovered:78c5555a-aa65-4170-8a3e-ec9cf3d78316,1e54ec77-77e6-42e3-8ecc-6ab590b45926,1544,NURTURE,,24.2,MEDIUM,"Closest client patterns: Legal services, Property management and real estate. Need signals: after hours coverage, appointment scheduling, customer support. Verification: verified own site."
discovered:962e7042-d5c3-4f93-8c02-9957d7b03f9f,ab86b66b-e630-456a-9a8a-8a3fc68966b3,1545,NURTURE,,24.2,MEDIUM,"Closest client patterns: Legal services. Need signals: after hours coverage, appointment scheduling, customer support. Verification: verified own site."
discovered:dcbf2a76-2f4d-4b78-a14a-c9585a2d4b69,21c153bb-713f-4151-ae27-2d79fc02ff12,1546,NURTURE,,24.1,LOW,"Closest client patterns: Mechanical and HVAC services, Elevator services. Need signals: after hours coverage, emergency dispatch, on call escalation. Verification: verified own site."
discovered:e954d105-5a09-45b1-ab24-2d4bd81c28cc,7a2e3d19-c7d8-4a66-9d01-933fbf893a50,1547,NURTURE,,24.0,LOW,"Closest client patterns: Elevator services. Need signals: after hours coverage, emergency dispatch, on call escalation. Verification: license evidence, verified own site."
discovered:8f30c331-e5c2-49f9-a785-1df721c1187b,7c5877b5-9f55-4c17-907a-bcca10ca3506,1548,NURTURE,,24.0,MEDIUM,"Closest client patterns: Elevator services. Need signals: after hours coverage, emergency dispatch, on call escalation. Verification: license evidence, verified own site."
discovered:61d98297-8854-4a82-9144-efc6ee2c2f5b,ccc01dea-6ea4-4343-babf-6430edf6ed63,1549,NURTURE,,24.0,LOW,"Closest client patterns: Mechanical and HVAC services, Elevator services. Need signals: after hours coverage, emergency dispatch, on call escalation. Verification: verified own site."
discovered:88746070-3c0c-4e60-ba77-0f2deb252cd6,700ffb85-64a0-4328-9b50-94d0b7c7bb1c,1550,NURTURE,,23.8,LOW,"Closest client patterns: Healthcare providers, Funeral services. Need signals: after hours coverage, appointment scheduling, on call escalation. Verification: license evidence, verified own site."
discovered:d62f52a6-e084-4b7d-a043-d69d2d03113c,52aae233-3656-417b-8ce8-faa98d8f1d67,1551,NURTURE,,23.8,LOW,"Closest client patterns: Healthcare providers, Funeral services. Need signals: after hours coverage, appointment scheduling, on call escalation. Verification: license evidence, verified own site."
discovered:7ddc1703-bd70-46cd-a81b-82d70cefe0fe,761f9a0b-8812-415f-b791-5e093e12fa35,1552,NURTURE,,23.8,LOW,"Closest client patterns: Mechanical and HVAC services, Elevator services. Need signals: after hours coverage, emergency dispatch, on call escalation. Verification: verified own site."
discovered:0cd15d2b-29ef-4813-a830-f55edb939712,638a97a2-88ee-40fe-a04d-1361feeccd46,1553,NURTURE,,23.7,LOW,"Closest client patterns: IT and technical services, Industrial services. Need signals: after hours coverage, customer support, on call escalation. Verification: verified own site."
discovered:b54bb4d0-2da9-4944-881b-baa6fea68212,e896b060-579c-4160-a6b5-ac9de46eb691,1554,NURTURE,,23.4,LOW,"Closest client patterns: Healthcare providers, Funeral services. Need signals: after hours coverage, appointment scheduling, on call escalation. Verification: verified own site."
discovered:a12091b8-f059-4237-91e1-b84b4461a34d,1f40bcc3-6fc8-4533-a33f-e26a8062cf86,1555,NURTURE,,23.2,LOW,"Closest client patterns: Healthcare providers, Funeral services. Need signals: after hours coverage, appointment scheduling, on call escalation. Verification: license evidence, verified own site."
discovered:c1994091-75ac-4f42-b98d-3536e849737d,bd2008c5-60d1-4201-9b3f-8b9c2495d942,1556,NURTURE,,23.1,MEDIUM,"Closest client patterns: IT and technical services, Consumer services. Need signals: after hours coverage, customer support, on call escalation. Verification: verified own site."
discovered:aa2b26f5-5b27-4668-90b3-2c1f121cfdb1,09df9173-9e3b-41e8-a3e0-ef6c56781ce1,1557,NURTURE,,23.0,MEDIUM,"Closest client patterns: Elevator services. Need signals: after hours coverage, emergency dispatch, on call escalation. Verification: verified own site."
discovered:0760d8fd-b728-45bb-b71b-35ccaca057e8,177240cf-bdd7-49bf-9a15-e0c95998bd4a,1558,NURTURE,,23.0,MEDIUM,"Closest client patterns: Elevator services. Need signals: after hours coverage, emergency dispatch, on call escalation. Verification: verified own site."
discovered:4b15255d-1154-425b-bde7-fc0ead0d9939,3a33069b-2926-4cb6-b0e2-502ad5d6d3b4,1559,NURTURE,,22.9,LOW,"Closest client patterns: Elevator services, Industrial services. Need signals: after hours coverage, emergency dispatch, on call escalation. Verification: verified own site."
discovered:a468533f-75d1-4cd4-a9e3-a7396974b02b,54f24e5e-6544-4550-a306-830a6cfdacc9,1560,NURTURE,,22.8,LOW,"Closest client patterns: Elevator services, Industrial services. Need signals: after hours coverage, emergency dispatch, on call escalation. Verification: verified own site."
discovered:d1a45e11-3b5f-4cb4-98ce-e8842e53ea3a,889ee1ce-89dc-4fed-af3b-12db33580ea5,1561,NURTURE,,22.8,LOW,"Closest client patterns: IT and technical services, Municipal public works. Need signals: after hours coverage, customer support, on call escalation. Verification: verified own site."
discovered:95341189-8f54-4262-a8c7-8fd005f4613f,3d3af7df-d5a1-4f15-814d-b8f723d26e08,1562,NURTURE,,22.8,LOW,"Closest client patterns: Elevator services, Industrial services. Need signals: after hours coverage, emergency dispatch, on call escalation. Verification: verified own site."
discovered:5f378a81-8b94-4e6e-bede-649d160faba7,f1baf75a-ea62-40c9-bb6d-10295c536080,1563,NURTURE,,22.6,LOW,"Closest client patterns: Consumer services, Fundraising and pledge services. Need signals: after hours coverage, customer support, on call escalation. Verification: verified own site."
discovered:52adf250-5859-4a03-a544-24559aeebd97,5aede4c8-fb90-40fa-bf12-7fb0ffd7d190,1564,NURTURE,,22.3,LOW,"Closest client patterns: Elevator services, Industrial services. Need signals: after hours coverage, emergency dispatch, on call escalation. Verification: verified own site."
discovered:b36ef49b-e97f-4eb1-834e-29a3efceb1b3,1861d4ea-76c1-44ed-a0bb-9fd9e42e1231,1565,NURTURE,,22.3,LOW,"Closest client patterns: Elevator services, Industrial services. Need signals: after hours coverage, emergency dispatch, on call escalation. Verification: verified own site."
discovered:73b7a324-76bf-4bdc-992b-0aee224fc290,cee138bc-5d9d-433b-841e-e6ddff78697c,1566,NURTURE,,22.2,LOW,"Closest client patterns: Healthcare providers, Funeral services. Need signals: after hours coverage, appointment scheduling, on call escalation. Verification: license evidence, verified own site."
discovered:0d0ce669-b80a-4758-9c4b-71b65387e4dc,0c2d5886-86e3-4fb1-9e90-ed6de2f9395c,1567,NURTURE,,22.2,LOW,"Closest client patterns: Alarm and security services, Elevator services. Need signals: after hours coverage, emergency dispatch, on call escalation. Verification: verified own site."
discovered:a8fc496d-ca2e-4f88-8b59-a881dcdeb7a7,bf513d25-a241-4e6b-b1d6-13896cb715d6,1568,NURTURE,,22.0,LOW,"Closest client patterns: Elevator services, Industrial services. Need signals: after hours coverage, emergency dispatch, on call escalation. Verification: verified own site."
discovered:1dff859c-4b7a-4681-ae6a-54798a5910c5,1fbdf68d-7615-4f0e-a02b-04521a65ac36,1569,NURTURE,,22.0,LOW,"Closest client patterns: Elevator services, Industrial services. Need signals: after hours coverage, emergency dispatch, on call escalation. Verification: verified own site."
discovered:20c23619-afe9-4988-9e10-ed8e874f22de,38a84aba-e340-484a-9d19-866720c716b9,1570,NURTURE,,22.0,LOW,"Closest client patterns: Elevator services, Industrial services. Need signals: after hours coverage, emergency dispatch, on call escalation. Verification: verified own site."
discovered:e20f6869-64ef-45f2-b504-186a8ff69c05,a4d9de12-1e51-40f4-8ae4-8ff0d1e91589,1571,NURTURE,,22.0,LOW,"Closest client patterns: Elevator services, Industrial services. Need signals: after hours coverage, emergency dispatch, on call escalation. Verification: verified own site."
discovered:142915f7-03ac-4c9e-99ff-1b7387206dcd,72305c7d-93c6-4665-a94e-24b811347ad3,1572,NURTURE,,22.0,LOW,"Closest client patterns: Elevator services, Industrial services. Need signals: after hours coverage, emergency dispatch, on call escalation. Verification: verified own site."
discovered:58cef3e0-2609-4b37-b58b-dfcb3735c768,3655cbc0-43b5-43ad-990b-acb1c4c91aea,1573,NURTURE,,22.0,LOW,"Closest client patterns: Elevator services, Industrial services. Need signals: after hours coverage, emergency dispatch, on call escalation. Verification: verified own site."
discovered:61dc9b8d-cb4f-4466-80fe-8d852e473fe6,a612b7d2-2237-4149-bd90-2636a1fc1313,1574,NURTURE,,22.0,LOW,"Closest client patterns: Elevator services, Industrial services. Need signals: after hours coverage, emergency dispatch, on call escalation. Verification: verified own site."
discovered:3551e477-5134-4928-b941-3856ab0ea823,7ce8c901-767c-4e46-9f70-e1500e6554b4,1575,NURTURE,,22.0,LOW,"Closest client patterns: Elevator services, Industrial services. Need signals: after hours coverage, emergency dispatch, on call escalation. Verification: verified own site."
discovered:a3667df4-e562-491f-9e10-f7eaa912d776,2110de5a-18cd-4380-8bff-43532344efa5,1576,NURTURE,,22.0,LOW,"Closest client patterns: Elevator services. Need signals: after hours coverage, emergency dispatch, on call escalation. Verification: verified own site."
discovered:870d536f-8030-42fc-b3ed-02aa686ab10c,a89bbb3a-8d7c-4136-bfd8-3ec2d8c8a1ac,1577,NURTURE,,22.0,LOW,"Closest client patterns: Elevator services, Industrial services. Need signals: after hours coverage, emergency dispatch, on call escalation. Verification: verified own site."
discovered:17594e60-ea47-4f93-9a63-270caf3212b7,978b7184-28b0-4bbf-a50e-011e0fb90eea,1578,NURTURE,,22.0,LOW,"Closest client patterns: Elevator services, Industrial services. Need signals: after hours coverage, emergency dispatch, on call escalation. Verification: verified own site."
discovered:5618ebc4-7e31-41d7-b138-4229cd633e2d,f0651189-d272-4075-a149-4ae574b0efa1,1579,NURTURE,,22.0,LOW,"Closest client patterns: Elevator services, Industrial services. Need signals: after hours coverage, emergency dispatch, on call escalation. Verification: verified own site."
discovered:6cb25d77-8b64-4ecd-9b6d-293affe10581,15dc1597-f803-47ef-9d21-f34c8fc9b428,1580,NURTURE,,22.0,LOW,"Closest client patterns: Elevator services. Need signals: after hours coverage, emergency dispatch, on call escalation. Verification: verified own site."
discovered:496dd76e-3771-4130-855f-b5367d64eccf,433d7f7f-fbb8-4ba5-9f13-585f83b1458b,1581,NURTURE,,22.0,LOW,"Closest client patterns: Elevator services, Industrial services. Need signals: after hours coverage, emergency dispatch, on call escalation. Verification: verified own site."
discovered:86604e6d-adb6-4fa6-aa2f-bf323c9e0741,7f805da9-4617-4ac9-9def-94669b005d05,1582,NURTURE,,22.0,LOW,"Closest client patterns: Elevator services, Industrial services. Need signals: after hours coverage, emergency dispatch, on call escalation. Verification: verified own site."
discovered:f0e54bd0-2cc8-4ca2-b784-efaf57c1dcad,9291d6cf-0841-44b4-80c0-ac94baee4491,1583,NURTURE,,22.0,LOW,"Closest client patterns: Elevator services, Industrial services. Need signals: after hours coverage, emergency dispatch, on call escalation. Verification: verified own site."
discovered:78946902-4988-4272-865f-6f7fda892128,fa25a2d0-ec7d-4ac8-84b1-c206b1bd1c31,1584,NURTURE,,22.0,LOW,"Closest client patterns: Elevator services, Industrial services. Need signals: after hours coverage, emergency dispatch, on call escalation. Verification: verified own site."
discovered:f9274f73-5099-4a38-be59-1b7c98449d0b,89324231-de71-4aea-b49c-885c46c6d08f,1585,NURTURE,,22.0,LOW,"Closest client patterns: Elevator services, Industrial services. Need signals: after hours coverage, emergency dispatch, on call escalation. Verification: verified own site."
discovered:fa605626-83da-432b-9fe3-e7fac4a7828a,b0cd6265-c357-4481-b8a8-83742e935996,1586,NURTURE,,22.0,LOW,"Closest client patterns: Elevator services, Industrial services. Need signals: after hours coverage, emergency dispatch, on call escalation. Verification: verified own site."
discovered:304c1d15-965d-4b92-ba29-9aed7b2f825a,f199759c-5f33-42ef-8261-06462c136ea5,1587,NURTURE,,22.0,LOW,"Closest client patterns: Elevator services, Industrial services. Need signals: after hours coverage, emergency dispatch, on call escalation. Verification: verified own site."
discovered:10d2816b-bfcf-4eb8-9697-37c358f04e8d,58351a3c-2ad6-457b-8fdf-fcb0dfd45cc9,1588,NURTURE,,22.0,LOW,"Closest client patterns: Elevator services, Industrial services. Need signals: after hours coverage, emergency dispatch, on call escalation. Verification: verified own site."
discovered:51b80d57-6d5f-4457-9c1c-2a2727ab5241,7e0e643c-7468-4504-9bb4-be0987c41dc9,1589,NURTURE,,22.0,LOW,"Closest client patterns: Elevator services, Industrial services. Need signals: after hours coverage, emergency dispatch, on call escalation. Verification: verified own site."
discovered:5eb2e925-0923-4198-a2ec-a90c21e960a1,756d97e1-eab5-4541-a664-0ab37b409717,1590,NURTURE,,22.0,LOW,"Closest client patterns: Elevator services. Need signals: after hours coverage, emergency dispatch, on call escalation. Verification: verified own site."
discovered:2c02a4c9-a420-4ab5-a0d6-b34f09ee1540,af611359-8723-4f8f-993e-1ecbe1cd3227,1591,NURTURE,,22.0,LOW,"Closest client patterns: Elevator services, Industrial services. Need signals: after hours coverage, emergency dispatch, on call escalation. Verification: verified own site."
discovered:ea748ac7-4d49-43e9-9fbb-8a9355f9d9ff,799ab695-58e3-4d00-b432-aaf6f6152707,1592,NURTURE,,22.0,LOW,"Closest client patterns: Elevator services, Industrial services. Need signals: after hours coverage, emergency dispatch, on call escalation. Verification: verified own site."
discovered:2a0a3bd8-a651-4b9b-b05f-9fdce6ea566e,9935af0e-88de-4952-abdd-59576a21c55f,1593,NURTURE,,22.0,LOW,"Closest client patterns: Elevator services, Industrial services. Need signals: after hours coverage, emergency dispatch, on call escalation. Verification: verified own site."
discovered:18e15227-c6ae-4435-8f55-2f74cb552cdf,7b7d03af-dc3c-479f-a812-d1cce738dbb9,1594,NURTURE,,21.8,MEDIUM,"Closest client patterns: Healthcare providers, Behavioral health and counseling. Need signals: after hours coverage, appointment scheduling, on call escalation. Verification: license evidence, verified own site."
discovered:058103bb-dcce-49e8-8e95-bb95ff89b5e7,fe3341ab-1eed-486d-80e0-e89e092394cd,1595,NURTURE,,21.8,LOW,"Closest client patterns: IT and technical services, Consumer services. Need signals: after hours coverage, customer support, on call escalation. Verification: verified own site."
discovered:80440905-03d2-4245-a495-71c0ced67add,12f2da26-9726-4f19-8603-59990d66f452,1596,NURTURE,,21.4,LOW,"Closest client patterns: Elevator services, Industrial services. Need signals: after hours coverage, emergency dispatch, on call escalation. Verification: verified own site."
discovered:b9700471-f41f-4168-912c-c2e6899a7917,0f94a998-2c93-4d7f-b47b-0c3c2194a392,1597,NURTURE,,21.3,LOW,"Closest client patterns: Industrial services, Consumer services. Need signals: after hours coverage, appointment scheduling, emergency dispatch. Verification: verified own site."
discovered:c3259c07-d4da-4515-b3a9-734da8f864a4,3314ce4f-fe8c-488f-906d-36c71d51b43e,1598,NURTURE,,21.2,LOW,"Closest client patterns: Healthcare providers, Behavioral health and counseling. Need signals: after hours coverage, appointment scheduling, on call escalation. Verification: license evidence, verified own site."
discovered:8d8539ae-be32-450d-8efa-f007baad0112,02e2cea5-f74e-4445-8a84-d1514af39633,1599,NURTURE,,21.2,LOW,"Closest client patterns: IT and technical services, Consumer services. Need signals: after hours coverage, customer support, on call escalation. Verification: verified own site."
discovered:284f5de0-9084-4ce7-b86a-c93cbd99eb2b,921de5f8-f2de-4adf-af85-0e080f354dbb,1600,NURTURE,,21.1,LOW,"Closest client patterns: Elevator services, Industrial services. Need signals: after hours coverage, emergency dispatch, on call escalation. Verification: verified own site."
discovered:a5115a69-8090-41f9-9cb0-e870ab2ad7b7,e0afb618-bf92-4ec5-93cf-3473049b2b0a,1601,NURTURE,,21.1,LOW,"Closest client patterns: Elevator services, Industrial services. Need signals: after hours coverage, emergency dispatch, on call escalation. Verification: verified own site."
discovered:1361a96e-5c61-47a0-9f4d-38a96bbd382f,850d6ac5-4534-4455-bbba-34187dfe65fa,1602,NURTURE,,21.0,LOW,"Closest client patterns: Healthcare providers, Behavioral health and counseling. Need signals: after hours coverage, appointment scheduling, on call escalation. Verification: license evidence, verified own site."
discovered:74d77a06-e7b9-4898-8d93-d5d980365cc7,8cbbb4fb-3bde-4d76-a6c7-68df5ab2fe71,1603,NURTURE,,21.0,LOW,"Closest client patterns: Elevator services. Need signals: after hours coverage, emergency dispatch, on call escalation. Verification: verified own site."
discovered:cd7772fc-b751-4c7c-9212-53de099963ad,93e37df6-3659-4635-8e07-3797a457cff6,1604,NURTURE,,21.0,LOW,"Closest client patterns: Elevator services, Industrial services. Need signals: after hours coverage, emergency dispatch, on call escalation. Verification: verified own site."
discovered:cd56c41e-f754-4999-ba9a-644b3fd79c15,1bb38da3-ed4d-4b46-88f3-f9a2479bb370,1605,NURTURE,,21.0,MEDIUM,"Closest client patterns: Elevator services. Need signals: after hours coverage, emergency dispatch, on call escalation. Verification: verified own site."
discovered:e9dff9d6-73dd-4328-8e9c-0dfcc6a413e2,28ad6ab7-af1f-469a-8715-23df596ec921,1606,NURTURE,,21.0,LOW,"Closest client patterns: Elevator services. Need signals: after hours coverage, emergency dispatch, on call escalation. Verification: verified own site."
discovered:993364ca-8091-479c-9ed4-f0e8d2a333fe,3f0104ee-1d08-41c8-85be-39e82fa246e2,1607,NURTURE,,21.0,LOW,"Closest client patterns: Elevator services. Need signals: after hours coverage, emergency dispatch, on call escalation. Verification: verified own site."
discovered:269dcc69-6d4f-463a-b75a-6dfd1dff5c69,c932d3e2-deac-4653-8e69-3545947a5600,1608,NURTURE,,21.0,LOW,"Closest client patterns: Elevator services, Industrial services. Need signals: after hours coverage, emergency dispatch, on call escalation. Verification: verified own site."
discovered:8120b8d6-8c45-46d4-b89e-b65f023006d2,7fa61ea2-1988-4571-9de5-411da50b3e2e,1609,NURTURE,,21.0,LOW,"Closest client patterns: Elevator services, Industrial services. Need signals: after hours coverage, emergency dispatch, on call escalation. Verification: verified own site."
discovered:b3a94021-7715-48ff-a28c-d11188b72f4d,c548db0c-8827-4f38-a093-45ed260678c0,1610,NURTURE,,21.0,LOW,"Closest client patterns: Mechanical and HVAC services, Elevator services. Need signals: after hours coverage, emergency dispatch, on call escalation. Verification: verified own site."
discovered:6fe4ac97-adc4-4e74-a05f-86e0a72a4323,9597fc71-b70c-438b-89c3-55cf07062c65,1611,NURTURE,,21.0,MEDIUM,"Closest client patterns: Elevator services. Need signals: after hours coverage, emergency dispatch, on call escalation. Verification: verified own site."
discovered:8b86b41f-2409-489a-8a0f-47a317fcfb62,2e36c733-b35f-47e2-9420-47ce9db4df9a,1612,NURTURE,,21.0,MEDIUM,"Closest client patterns: Elevator services. Need signals: after hours coverage, emergency dispatch, on call escalation. Verification: verified own site."
discovered:179561c9-a917-46b4-912f-3778943deabd,1adb415b-69f8-44c3-b7fd-bd2e5abce768,1613,NURTURE,,21.0,LOW,"Closest client patterns: Elevator services. Need signals: after hours coverage, emergency dispatch, on call escalation. Verification: verified own site."
discovered:7b25b612-fe12-427d-9483-dfa579eb1b44,88340c3f-9b92-47ae-999c-728915ee5a8b,1614,NURTURE,,21.0,LOW,"Closest client patterns: Elevator services. Need signals: after hours coverage, emergency dispatch, on call escalation. Verification: verified own site."
discovered:4af3ab8b-3ad8-478b-8913-5eb592302167,d95e9f56-6153-482f-8144-4a95a5ed13ac,1615,NURTURE,,21.0,LOW,"Closest client patterns: Elevator services, Industrial services. Need signals: after hours coverage, emergency dispatch, on call escalation. Verification: verified own site."
discovered:fd775906-d16b-4bf6-aca7-0620b8af6037,d9a9fdbc-f847-4c04-a3ef-770d4016c911,1616,NURTURE,,21.0,LOW,"Closest client patterns: Elevator services. Need signals: after hours coverage, emergency dispatch, on call escalation. Verification: verified own site."
discovered:5ed1e5a5-babc-4fb8-94ee-51415990670a,0b780cda-d2e1-4f36-b879-09e8024319d4,1617,NURTURE,,21.0,LOW,"Closest client patterns: Elevator services. Need signals: after hours coverage, emergency dispatch, on call escalation. Verification: verified own site."
discovered:3c47f089-d715-4d6f-861b-0743ab14f494,c09dbe90-323e-40cd-a3a1-87868626aba0,1618,NURTURE,,21.0,MEDIUM,"Closest client patterns: Elevator services. Need signals: after hours coverage, emergency dispatch, on call escalation. Verification: verified own site."
discovered:098ab8b8-595c-4ac0-b8f3-f14197af5fab,86463b80-4d6c-454c-a677-065d32f20dd3,1619,NURTURE,,21.0,LOW,"Closest client patterns: Elevator services. Need signals: after hours coverage, emergency dispatch, on call escalation. Verification: verified own site."
discovered:7c133925-3ad3-4f0e-a817-d9814f9179f7,fa4577f0-9077-485a-bfea-96f276f0eab1,1620,NURTURE,,21.0,LOW,"Closest client patterns: Elevator services. Need signals: after hours coverage, emergency dispatch, on call escalation. Verification: verified own site."
discovered:d794dadb-4fb5-4cb0-8ddb-450e4ba622e9,b3799735-bd85-432f-9770-26034f2b8af7,1621,NURTURE,,21.0,LOW,"Closest client patterns: Elevator services, Industrial services. Need signals: after hours coverage, emergency dispatch, on call escalation. Verification: verified own site."
discovered:48df3b43-ace0-4a87-b639-fe382c04ffed,93c74fb6-cffe-48ed-976b-18499e286ccb,1622,NURTURE,,21.0,LOW,"Closest client patterns: Elevator services. Need signals: after hours coverage, emergency dispatch, on call escalation. Verification: verified own site."
discovered:acb15577-c17a-4dd1-99a5-c1a8e48c8c54,bf1f91cd-056b-4b1f-aab2-a6b9c7b86e48,1623,NURTURE,,21.0,LOW,"Closest client patterns: Elevator services. Need signals: after hours coverage, emergency dispatch, on call escalation. Verification: verified own site."
discovered:a176bf05-5e8e-428a-83b3-10554e2fef46,e61b2b85-a9a7-4084-8edb-5f0120786a89,1624,NURTURE,,21.0,LOW,"Closest client patterns: Elevator services. Need signals: after hours coverage, emergency dispatch, on call escalation. Verification: verified own site."
discovered:c710784b-fd28-4340-ba8d-f6aa4a7a202d,3df19dc1-e684-4062-992a-550067f9dae0,1625,NURTURE,,21.0,LOW,"Closest client patterns: Elevator services. Need signals: after hours coverage, emergency dispatch, on call escalation. Verification: verified own site."
discovered:963d9b87-064b-403d-af27-bc2b84a7d215,1f4bcaed-3f86-4e0f-8808-75b43f0235f7,1626,NURTURE,,21.0,MEDIUM,"Closest client patterns: Elevator services. Need signals: after hours coverage, emergency dispatch, on call escalation. Verification: verified own site."
discovered:0af85dfb-6222-494f-9d2c-34df2e815a3a,77a4ea06-0f41-4751-9a3d-196505712dc5,1627,NURTURE,,21.0,LOW,"Closest client patterns: Elevator services. Need signals: after hours coverage, emergency dispatch, on call escalation. Verification: verified own site."
discovered:61f6e77d-0d78-4e37-a0ef-5f55a12979c4,4fe840fb-e51e-45c2-a17b-1bc8a7309a94,1628,NURTURE,,21.0,LOW,"Closest client patterns: Mechanical and HVAC services, Elevator services. Need signals: after hours coverage, emergency dispatch, on call escalation. Verification: verified own site."
discovered:e7dc54b2-6ed3-49e4-a367-8653be8ff134,a2dcdcf9-1b59-4930-9c70-1dd2eabf4c81,1629,NURTURE,,21.0,LOW,"Closest client patterns: Elevator services. Need signals: after hours coverage, emergency dispatch, on call escalation. Verification: verified own site."
discovered:6cb37e59-6fdd-4904-a439-e4d4825d8f2d,0c13ad4d-7fdc-47bf-b368-00c8e660f204,1630,NURTURE,,21.0,LOW,"Closest client patterns: Elevator services. Need signals: after hours coverage, emergency dispatch, on call escalation. Verification: verified own site."
discovered:71128e6c-83d8-4681-a254-32794b865fc4,b3548889-7d25-4cdc-89bf-b11eddedfd1e,1631,NURTURE,,21.0,LOW,"Closest client patterns: Elevator services. Need signals: after hours coverage, emergency dispatch, on call escalation. Verification: verified own site."
discovered:8340920e-dc31-4925-98c0-4f6beabce50a,b4e35ba8-16e4-4539-a16c-62aa47f84507,1632,NURTURE,,21.0,LOW,"Closest client patterns: Elevator services, Industrial services. Need signals: after hours coverage, emergency dispatch, on call escalation. Verification: verified own site."
discovered:8bd89916-6038-4120-a99d-5e11f84a9aff,332e9469-c256-4044-b3c9-2a16a7732a85,1633,NURTURE,,21.0,LOW,"Closest client patterns: Elevator services, Industrial services. Need signals: after hours coverage, emergency dispatch, on call escalation. Verification: verified own site."
discovered:2555f93c-5a1e-4e87-80fb-fcf21a485aa5,e0dbd2cf-ca5e-4bf5-96c1-8e19afa7cf0a,1634,NURTURE,,20.8,HIGH,"Closest client patterns: Legal services. Need signals: after hours coverage, appointment scheduling, customer support. Verification: verified own site."
discovered:1870ef95-c857-4276-9c38-27f79a2434cc,e39c2108-d0e4-4177-8844-caa6e656f32e,1635,NURTURE,,20.6,LOW,"Closest client patterns: IT and technical services, Consumer services. Need signals: after hours coverage, customer support, on call escalation. Verification: license evidence, verified own site."
discovered:06731028-1579-4ef9-b977-d3106ffe207e,58f4a355-a262-47ad-b97c-e80d2ffc091b,1636,NURTURE,,20.5,LOW,"Closest client patterns: IT and technical services, Consumer services. Need signals: after hours coverage, customer support, on call escalation. Verification: verified own site."
discovered:2697385f-ab54-455c-9b3b-f28f5bace565,91c83758-80b6-4397-8a2a-a35bdeb6da91,1637,NURTURE,,20.1,HIGH,"Closest client patterns: Legal services. Need signals: after hours coverage, appointment scheduling, customer support. Verification: verified own site."
discovered:16fc2fb6-634a-4f90-9e70-86bd2eb76575,13dc458b-d4cf-45dc-bc20-154eb2871dc2,1638,NURTURE,,20.1,LOW,"Closest client patterns: IT and technical services, Consumer services. Need signals: after hours coverage, customer support, on call escalation. Verification: verified own site."
discovered:71911ee8-2ea9-4dfe-8208-ad0fc538bede,c9bfd8c7-aa74-434c-bea2-2fcb03ac6487,1639,NURTURE,,20.0,LOW,"Closest client patterns: Elevator services. Need signals: after hours coverage, emergency dispatch, on call escalation. Verification: verified own site."
discovered:a29b37f8-e2b2-4b7f-b0f5-8cd2b20210a2,5f6e07b5-6a07-4d5f-98b5-c22c9019b322,1640,NURTURE,,20.0,LOW,"Closest client patterns: Elevator services. Need signals: after hours coverage, emergency dispatch, on call escalation. Verification: verified own site."
discovered:48eca189-2803-4d39-98ea-1e566016a4c7,d1227480-b2b2-4e2e-94d7-2e99abc623f4,1641,NURTURE,,20.0,LOW,"Closest client patterns: Elevator services. Need signals: after hours coverage, emergency dispatch, on call escalation. Verification: verified own site."
discovered:7c8ea8d1-98cf-44c5-acae-7d981abe5b48,6d4f516a-fd44-469c-9d1e-011855b7d35d,1642,NURTURE,,20.0,LOW,"Closest client patterns: Elevator services. Need signals: after hours coverage, emergency dispatch, on call escalation. Verification: verified own site."
discovered:46a55afe-5aa5-4585-9d63-c331fa3ae8ec,79a26ce7-61ba-42d1-8320-f93e331b87fc,1643,NURTURE,,20.0,LOW,"Closest client patterns: Elevator services. Need signals: after hours coverage, emergency dispatch, on call escalation. Verification: verified own site."
discovered:eb483de0-2664-4cef-9370-1b6715202956,fb419e9b-5d52-479d-929a-f010a997ef1a,1644,NURTURE,,20.0,LOW,"Closest client patterns: Elevator services. Need signals: after hours coverage, emergency dispatch, on call escalation. Verification: verified own site."
discovered:c70653b9-0def-4896-b09d-c2bf253d964b,1709d6ba-e970-4a90-81b6-ac886a0f8f3d,1645,NURTURE,,20.0,MEDIUM,"Closest client patterns: Elevator services. Need signals: after hours coverage, emergency dispatch, on call escalation. Verification: verified own site."
discovered:a3ded9f1-c32d-43a1-a36a-c0ed2a3ce7a1,d83acbec-e187-4112-ace3-9b52df370bab,1646,NURTURE,,20.0,LOW,"Closest client patterns: Elevator services. Need signals: after hours coverage, emergency dispatch, on call escalation. Verification: verified own site."
discovered:cded05ce-02bd-4749-931f-ba644c67e566,d4d353a8-a4be-46b5-8f7b-5af5137a537b,1647,NURTURE,,20.0,LOW,"Closest client patterns: Elevator services. Need signals: after hours coverage, emergency dispatch, on call escalation. Verification: verified own site."
discovered:b8d4c8b6-38e5-488a-bd3b-b8b5c96686a3,928e4b51-0751-457b-8bf5-d0c9eeb71c15,1648,NURTURE,,20.0,LOW,"Closest client patterns: Elevator services. Need signals: after hours coverage, emergency dispatch, on call escalation. Verification: verified own site."
discovered:49e94185-a69b-46bb-bdd5-312814718bda,50467a31-0664-473f-935e-3990b1e9fd6d,1649,NURTURE,,20.0,LOW,"Closest client patterns: Elevator services. Need signals: after hours coverage, emergency dispatch, on call escalation. Verification: verified own site."
discovered:9ef480f1-d1d8-409d-a2b3-c57bbd40c18b,b853ac10-e81b-487e-934d-072984b330de,1650,NURTURE,,20.0,LOW,"Closest client patterns: Elevator services. Need signals: after hours coverage, emergency dispatch, on call escalation. Verification: verified own site."
discovered:332cbec9-24d3-4be4-895c-a007c469455c,3f4440eb-18ec-49ad-8ead-86d4b10bd6de,1651,NURTURE,,19.9,LOW,"Closest client patterns: Healthcare providers, Funeral services. Need signals: after hours coverage, appointment scheduling, on call escalation. Verification: license evidence, verified own site."
discovered:dbd6dc84-ddb6-4775-9817-de41a8b00618,e6e0459f-a9ff-45a2-8fda-5e95b81b7e81,1652,NURTURE,,19.8,MEDIUM,"Closest client patterns: Consumer services, Healthcare providers. Need signals: after hours coverage, appointment scheduling, on call escalation. Verification: verified own site."
discovered:634b69fa-2bc9-458d-bd10-d65bbe073972,0a133aa9-1aee-452a-aa5e-b09a38c96458,1653,NURTURE,,19.7,LOW,"Closest client patterns: Healthcare providers, Funeral services. Need signals: after hours coverage, appointment scheduling, on call escalation. Verification: verified own site."
discovered:bc556096-363a-4cff-89fa-3cc598778091,a7ec50d3-2c84-4e7e-adfc-7d819de30b23,1654,NURTURE,,19.7,LOW,"Closest client patterns: Healthcare providers, Funeral services. Need signals: after hours coverage, appointment scheduling, on call escalation. Verification: verified own site."
discovered:54a12726-7ce1-4d1d-80b6-84c66c482222,538c8dff-f183-4443-9033-1a8890cfbf01,1655,NURTURE,,19.7,LOW,"Closest client patterns: Healthcare providers, Funeral services. Need signals: after hours coverage, appointment scheduling, on call escalation. Verification: verified own site."
discovered:fad14198-9fc9-4b5b-bc1c-43a1ed553efe,2caabdb1-ee14-4aeb-841d-f114fa696950,1656,NURTURE,,19.6,LOW,"Closest client patterns: IT and technical services, Consumer services. Need signals: after hours coverage, customer support, on call escalation. Verification: verified own site."
discovered:0bfc91da-d6ec-4bfd-98c9-d0c44c211fc1,09a3a3dc-f0b7-4661-8f6a-11f40bdf523d,1657,NURTURE,,19.6,LOW,"Closest client patterns: Healthcare providers. Need signals: after hours coverage, appointment scheduling, on call escalation. Verification: verified own site."
discovered:9064c6a1-ff02-4e92-bf6d-a51f4032032c,6cf14343-4083-409f-b2e8-d021e8ab167d,1658,NURTURE,,19.5,MEDIUM,"Closest client patterns: Legal services. Need signals: after hours coverage, appointment scheduling, customer support. Verification: verified own site."
discovered:9f9e79e6-4599-4400-8ade-cf5ff77836ca,4327b0a7-dd64-4e4b-bc69-1ee5a02b307d,1659,NURTURE,,19.5,LOW,"Closest client patterns: Healthcare providers, Funeral services. Need signals: after hours coverage, appointment scheduling, on call escalation. Verification: verified own site."
discovered:03414275-9bf7-473f-9009-c5c353764d19,3b96ccd0-2217-4af7-8120-ec91c1d3ddf6,1660,NURTURE,,19.4,LOW,"Closest client patterns: Behavioral health and counseling, IT and technical services. Need signals: after hours coverage, customer support, on call escalation. Verification: verified own site."
discovered:f50e83df-580f-423f-90a2-bfe4d77fb051,9c7a5447-37db-4ed3-9355-2d6fb9e0f6b5,1661,NURTURE,,19.1,LOW,"Closest client patterns: Healthcare providers, Funeral services. Need signals: after hours coverage, appointment scheduling, on call escalation. Verification: verified own site."
discovered:a5fbc8c2-44d1-49bf-a610-82f65a4a2e88,4e9880a3-f380-4c78-9fac-e389c4c63e09,1662,NURTURE,,19.0,LOW,"Closest client patterns: IT and technical services, Consumer services. Need signals: after hours coverage, customer support, on call escalation. Verification: verified own site."
discovered:7cc94ecf-0e32-418f-af1a-1a24c0094a6e,ada2db3e-a058-46cc-aadf-4fa4add37471,1663,NURTURE,,19.0,LOW,"Closest client patterns: Healthcare providers, Elevator services. Need signals: after hours coverage, appointment scheduling, on call escalation. Verification: verified own site."
discovered:7d7a9d1e-22a2-4a56-99c7-98caf08e0b33,5f0db4bf-61ed-4e72-950f-92effea4b12b,1664,NURTURE,,19.0,LOW,"Closest client patterns: IT and technical services, Consumer services. Need signals: after hours coverage, customer support, on call escalation. Verification: verified own site."
discovered:811f9038-e668-4e61-8f24-bbd0179cf4b3,890e074a-05c9-45d0-8d75-76bdf8414d53,1665,NURTURE,,18.9,HIGH,"Closest client patterns: Legal services. Need signals: after hours coverage, appointment scheduling, customer support. Verification: verified own site."
discovered:daa55a19-6186-4a05-8c15-51adf1ea051c,02b366fa-45af-43bf-aae4-afb61637535c,1666,NURTURE,,18.9,LOW,"Closest client patterns: IT and technical services, Consumer services. Need signals: after hours coverage, customer support, on call escalation. Verification: verified own site."
discovered:d0a68a32-53bf-46e4-a63b-24719ea5b3ec,883a4629-749b-4abb-b5ca-796702cb02fa,1667,NURTURE,,18.9,LOW,"Closest client patterns: IT and technical services, Consumer services. Need signals: after hours coverage, customer support, on call escalation. Verification: verified own site."
discovered:0ccbb9e2-6017-4f30-a18d-63c1b04ba95b,aa86fc0e-04ee-4c94-925f-662f9878dd9c,1668,NURTURE,,18.9,LOW,"Closest client patterns: IT and technical services, Consumer services. Need signals: after hours coverage, customer support, on call escalation. Verification: verified own site."
discovered:a0bafddc-e42b-488c-8fdf-12dd59b3386f,a641082c-1fd7-4ae1-9592-c6cb3fd07b28,1669,NURTURE,,18.9,LOW,"Closest client patterns: IT and technical services, Consumer services. Need signals: after hours coverage, customer support, on call escalation. Verification: verified own site."
discovered:00d612bc-fcd2-40cf-9416-fc589a53c5f3,575c6357-8dec-4733-9773-f8a2b53183d0,1670,NURTURE,,18.9,LOW,"Closest client patterns: IT and technical services, Consumer services. Need signals: after hours coverage, customer support, on call escalation. Verification: verified own site."
discovered:d3c5697c-387f-4e77-818b-62473696d488,7f5a33a2-4737-4131-9979-c6d44c78c639,1671,NURTURE,,18.9,LOW,"Closest client patterns: IT and technical services, Consumer services. Need signals: after hours coverage, customer support, on call escalation. Verification: verified own site."
discovered:fb31f5be-ebb8-44e9-9891-f33da2b0aa0b,c69673b7-894a-4a9c-9e19-51a02f95789e,1672,NURTURE,,18.9,LOW,"Closest client patterns: IT and technical services, Consumer services. Need signals: after hours coverage, customer support, on call escalation. Verification: verified own site."
discovered:0ed4f7df-7fcc-4d20-bd4f-689f8cdc5384,98423f1c-9881-45bf-97a5-cb016ef6f889,1673,NURTURE,,18.9,LOW,"Closest client patterns: IT and technical services, Consumer services. Need signals: after hours coverage, customer support, on call escalation. Verification: verified own site."
discovered:c578c523-08a3-48f2-83c2-80fce1f12554,f502b3d6-9ea9-4204-93ea-6207dcb1aa01,1674,NURTURE,,18.9,LOW,"Closest client patterns: IT and technical services, Consumer services. Need signals: after hours coverage, customer support, on call escalation. Verification: verified own site."
discovered:aa2bd594-0fe8-4f3e-8843-ff824240f822,defc5e08-db8c-4d80-92ec-e864317a8a44,1675,NURTURE,,18.8,LOW,"Closest client patterns: IT and technical services, Consumer services. Need signals: after hours coverage, customer support, on call escalation. Verification: verified own site."
discovered:078c57c4-1252-4a66-9dfe-2dbdd4bbb913,8ddc5296-169e-40a8-b4b4-1dc6d6958031,1676,NURTURE,,18.8,LOW,"Closest client patterns: IT and technical services, Consumer services. Need signals: after hours coverage, customer support, on call escalation. Verification: verified own site."
discovered:3830b354-545d-4402-99cd-cb7b6ce9b9f8,74cdb16e-1503-4733-979a-764374ed1261,1677,NURTURE,,18.8,LOW,"Closest client patterns: IT and technical services, Consumer services. Need signals: after hours coverage, customer support, on call escalation. Verification: verified own site."
discovered:0bfdaade-3a5a-48d6-a50a-19be2a90072d,0312db01-e131-45a9-af1c-ad17008f7a6e,1678,NURTURE,,18.7,HIGH,"Closest client patterns: Legal services. Need signals: after hours coverage, appointment scheduling, customer support. Verification: verified own site."
discovered:5c88cf48-a38e-4b7b-87c9-bfd20796c0fe,9ca67311-4d31-4eda-81b3-35638e96f372,1679,NURTURE,,18.6,LOW,"Closest client patterns: IT and technical services, Consumer services. Need signals: after hours coverage, customer support, on call escalation. Verification: verified own site."
discovered:2f1386a3-5edc-4ada-b0b4-304779986568,8e1b1675-f404-4433-b969-2c6c58ed68e5,1680,NURTURE,,18.6,LOW,"Closest client patterns: IT and technical services, Consumer services. Need signals: after hours coverage, customer support, on call escalation. Verification: verified own site."
discovered:05364687-6035-4745-a37c-751050d9db33,aee5bc13-13e4-4df6-8326-38e5d7b4e8c9,1681,NURTURE,,18.6,LOW,"Closest client patterns: IT and technical services, Consumer services. Need signals: after hours coverage, customer support, on call escalation. Verification: verified own site."
discovered:99894e45-1ff6-4128-9353-a0983745ab9d,607cbc67-3659-47b8-a037-06a32c935d8e,1682,NURTURE,,18.6,LOW,"Closest client patterns: IT and technical services, Consumer services. Need signals: after hours coverage, customer support, on call escalation. Verification: verified own site."
discovered:30e577a7-8bfd-4452-a41d-2fb9cbef1b33,723ddf6c-e357-4c87-bac9-2a0f47ff9f2a,1683,NURTURE,,18.6,LOW,"Closest client patterns: IT and technical services, Consumer services. Need signals: after hours coverage, customer support, on call escalation. Verification: verified own site."
discovered:09e06079-81cc-4962-9ddf-d4c4ef93c9ac,b072ae89-3f39-4e70-83e4-63e29eed09c0,1684,NURTURE,,18.5,LOW,"Closest client patterns: IT and technical services, Consumer services. Need signals: after hours coverage, customer support, on call escalation. Verification: verified own site."
discovered:58c79791-0311-4571-b8bd-4de45a3cf444,a7c36ac9-e61b-48ef-b62f-e68f9b6e924f,1685,NURTURE,,18.5,LOW,"Closest client patterns: Healthcare providers, Behavioral health and counseling. Need signals: after hours coverage, appointment scheduling, on call escalation. Verification: verified own site."
discovered:f6826f03-845c-4434-b916-e3b3ae426903,3a32d0b2-bd98-42c7-8841-cd482824d362,1686,NURTURE,,18.4,HIGH,"Closest client patterns: Legal services. Need signals: after hours coverage, appointment scheduling, customer support. Verification: verified own site."
discovered:a31f6b2a-0737-44b0-975d-971aa177ec23,22419035-9e09-4dd6-8b14-174fa65c0458,1687,NURTURE,,18.2,LOW,"Closest client patterns: IT and technical services, Consumer services. Need signals: after hours coverage, customer support, on call escalation. Verification: verified own site."
discovered:d87a0d0e-95aa-45b4-890d-bdc1f7c1b710,4e6c3b84-27d6-4d7d-b9e4-f1f00a3ae8d2,1688,NURTURE,,18.2,LOW,"Closest client patterns: IT and technical services, Consumer services. Need signals: after hours coverage, customer support, on call escalation. Verification: verified own site."
discovered:d7f06a5d-1b9a-4d0f-8c5b-7aa3a3ae8e31,778f467f-c1c9-4488-84fe-374e416dc61a,1689,NURTURE,,18.2,LOW,"Closest client patterns: IT and technical services, Consumer services. Need signals: after hours coverage, customer support, on call escalation. Verification: verified own site."
discovered:a6920470-d7d9-4d7a-881f-6ff86fc29da2,fb5de118-6437-4a59-9857-89e8f7884782,1690,NURTURE,,18.2,LOW,"Closest client patterns: IT and technical services, Consumer services. Need signals: after hours coverage, customer support, on call escalation. Verification: verified own site."
discovered:a45e13af-61be-4398-8ca7-b05313e97eee,ec782aa2-66a7-43b3-88e2-ca0647170e41,1691,NURTURE,,18.1,LOW,"Closest client patterns: IT and technical services, Consumer services. Need signals: after hours coverage, customer support, on call escalation. Verification: verified own site."
discovered:e9dbad7e-ebba-4d1c-935f-fc526f24ff94,ae252f4d-ada8-432a-9428-3b1fd120ae42,1692,NURTURE,,17.9,LOW,"Closest client patterns: IT and technical services, Consumer services. Need signals: after hours coverage, customer support, on call escalation. Verification: verified own site."
discovered:33654656-a061-4f66-a863-e948d0c1f068,aa544ec4-ad63-4770-9944-0a8a5c26b615,1693,NURTURE,,17.9,LOW,"Closest client patterns: Healthcare providers, Behavioral health and counseling. Need signals: after hours coverage, appointment scheduling, on call escalation. Verification: verified own site."
discovered:846d825b-3bae-4517-a14f-2e3e43d18991,4ecea48c-4eaa-4b7e-b492-833ef3337839,1694,NURTURE,,17.9,HIGH,"Closest client patterns: Legal services. Need signals: after hours coverage, appointment scheduling, customer support. Verification: verified own site."
discovered:35599d87-51b3-4fdb-aacd-d1f0e75922a8,9c6e36e8-0a02-4592-8d07-e30d61e978a7,1695,NURTURE,,17.9,LOW,"Closest client patterns: IT and technical services, Consumer services. Need signals: after hours coverage, customer support, on call escalation. Verification: verified own site."
discovered:5898d227-6e04-478f-8318-1d07ac71360f,cc3b56b0-c3e2-42e9-a9a6-466a369826b0,1696,NURTURE,,17.8,MEDIUM,"Closest client patterns: IT and technical services, Consumer services. Need signals: after hours coverage, customer support, on call escalation. Verification: license evidence, verified own site."
discovered:529ed21b-5088-49e5-b525-3d15963ed25e,9563d041-47ac-498a-9a5d-ef9419ab5f90,1697,NURTURE,,17.8,LOW,"Closest client patterns: Healthcare providers, Funeral services. Need signals: after hours coverage, appointment scheduling, on call escalation. Verification: verified own site."
discovered:2bde6d2f-5898-4d44-9050-d906b6c646bc,d4412aef-290a-48c9-871f-2d5af4bf5c9e,1698,NURTURE,,17.8,LOW,"Closest client patterns: IT and technical services, Consumer services. Need signals: after hours coverage, customer support, on call escalation. Verification: verified own site."
discovered:815fb5c6-ad5a-4e2e-bb49-a864eaf2d28d,b60ef010-80d6-4939-bb86-31a751209418,1699,NURTURE,,17.8,LOW,"Closest client patterns: IT and technical services, Consumer services. Need signals: after hours coverage, customer support, on call escalation. Verification: verified own site."
discovered:4a13e2fb-5377-4a28-936b-cbfdf261edac,88b7e669-0a05-4afc-b373-41f3d0d103a7,1700,NURTURE,,17.6,LOW,"Closest client patterns: IT and technical services, Consumer services. Need signals: after hours coverage, customer support, on call escalation. Verification: verified own site."
discovered:f124f8d3-2eac-4b72-9e1a-3f0984441a2c,cd9ea2d1-bdb5-4ff5-9eac-0a2b7423d647,1701,NURTURE,,17.6,LOW,"Closest client patterns: IT and technical services, Consumer services. Need signals: after hours coverage, customer support, on call escalation. Verification: verified own site."
discovered:79cdf40e-77ba-4f89-819a-ced10c6abb74,a8d5f854-fa36-4123-8530-3c9c88426350,1702,NURTURE,,17.5,LOW,"Closest client patterns: IT and technical services, Consumer services. Need signals: after hours coverage, customer support, on call escalation. Verification: verified own site."
discovered:80d7eb7c-b398-4ed7-8df9-692bec45c8bd,e8b9c1b3-da44-486b-bec9-45a4a9a0ed96,1703,NURTURE,,17.4,LOW,"Closest client patterns: Healthcare providers, Behavioral health and counseling. Need signals: after hours coverage, appointment scheduling, on call escalation. Verification: verified own site."
discovered:51c808d9-493f-4112-af50-fdb8e0d8947a,2bf86390-5cd7-4f66-97a6-0b584f60212c,1704,NURTURE,,17.4,LOW,"Closest client patterns: IT and technical services, Consumer services. Need signals: after hours coverage, customer support, on call escalation. Verification: verified own site."
discovered:2132dc8d-1d2a-4ac0-bfc8-f00b8761f3e6,7ac4da20-76c2-40c2-af67-e74dbff86e68,1705,NURTURE,,17.3,HIGH,"Closest client patterns: Legal services. Need signals: after hours coverage, appointment scheduling, customer support. Verification: verified own site."
discovered:979af2b0-bf58-4727-8b21-8e9f11644374,0338396f-4878-469d-bd69-e3d0aed705b8,1706,NURTURE,,17.3,LOW,"Closest client patterns: Healthcare providers, Behavioral health and counseling. Need signals: after hours coverage, appointment scheduling, on call escalation. Verification: verified own site."
discovered:1ff84a5d-3e82-4466-9c5e-6c86e62cac52,a34d6569-bef0-4a9e-a3ca-77e602806ff2,1707,NURTURE,,17.3,HIGH,"Closest client patterns: Legal services. Need signals: after hours coverage, appointment scheduling, customer support. Verification: verified own site."
discovered:3cccc8fd-5218-4d7d-88e8-069a48d59b32,2df34337-d4c3-4edb-846a-04bd3c345fd5,1708,NURTURE,,17.3,LOW,"Closest client patterns: Healthcare providers, Funeral services. Need signals: after hours coverage, appointment scheduling, on call escalation. Verification: verified own site."
discovered:20536644-5e7f-42e1-a9bf-a7248faff7e2,18a93d7e-4ac8-44fd-a151-41489cbf95ca,1709,NURTURE,,17.2,LOW,"Closest client patterns: Healthcare providers, Funeral services. Need signals: after hours coverage, appointment scheduling, on call escalation. Verification: verified own site."
discovered:5977473e-b1b5-4604-8471-6adf912d080a,75a92fe2-ab4a-4cec-8c9a-69a75c7ec960,1710,NURTURE,,17.2,LOW,"Closest client patterns: IT and technical services, Behavioral health and counseling. Need signals: after hours coverage, customer support, on call escalation. Verification: verified own site."
discovered:57d38361-c5ab-4a4d-84cb-5ecdf4f2e57a,d18bd1ca-e2b8-4f87-aa7a-e68ec4b38ec9,1711,NURTURE,,17.2,LOW,"Closest client patterns: IT and technical services, Consumer services. Need signals: after hours coverage, customer support, on call escalation. Verification: verified own site."
discovered:b542c5ff-da40-4a8f-bc9e-4aed280d4020,771759a6-7a00-41ef-b9a3-ea579d2c6eb5,1712,NURTURE,,17.2,LOW,"Closest client patterns: IT and technical services, Consumer services. Need signals: after hours coverage, customer support, on call escalation. Verification: verified own site."
discovered:2e6a59d0-062c-431c-b4ff-8f1883cefeac,70086a3f-bab0-409c-8365-feff03c6a04c,1713,NURTURE,,17.1,LOW,"Closest client patterns: IT and technical services, Consumer services. Need signals: after hours coverage, customer support, on call escalation. Verification: verified own site."
discovered:6aad1e62-33e4-433e-b059-d3eda6fbfa7b,3aa9d6b5-09d4-433f-a693-90ab0b4bf855,1714,NURTURE,,17.0,LOW,"Closest client patterns: IT and technical services, Consumer services. Need signals: after hours coverage, customer support, on call escalation. Verification: verified own site."
discovered:0ae3a108-7370-4462-ae5b-0757fd8bfd1c,2b1efc82-039d-46e3-b8f2-0fb33d8d41d0,1715,NURTURE,,17.0,LOW,"Closest client patterns: Healthcare providers, Funeral services. Need signals: after hours coverage, appointment scheduling, on call escalation. Verification: verified own site."
discovered:2ef4b116-00ff-4145-b2ec-29add28d21c9,d69153ef-7f87-4bce-937f-d8dc54567ea6,1716,NURTURE,,16.9,LOW,"Closest client patterns: Healthcare providers, Behavioral health and counseling. Need signals: after hours coverage, appointment scheduling, on call escalation. Verification: license evidence, verified own site."
discovered:751eb085-0b38-4522-9531-3ad3785aaedc,cf3e77df-26f0-42ae-9d55-389110039dde,1717,NURTURE,,16.6,HIGH,"Closest client patterns: Legal services. Need signals: after hours coverage, appointment scheduling, customer support. Verification: verified own site."
discovered:ea8b5fbe-61f4-4e5c-9202-3e3faaaf45ab,bf185d9c-7f82-48fe-9f48-e8cd12128377,1718,NURTURE,,16.6,MEDIUM,"Closest client patterns: Healthcare providers. Need signals: after hours coverage, appointment scheduling, on call escalation. Verification: verified own site."
discovered:a20adcc8-f9f0-4be7-93b5-e7aee532ad35,a100c7d6-1b61-4bd6-80b5-ab268cbeb5df,1719,NURTURE,,16.5,MEDIUM,"Closest client patterns: IT and technical services, Consumer services. Need signals: after hours coverage, customer support, on call escalation. Verification: verified own site."
discovered:1ad4a34d-336b-48d7-b315-e9cfdb689aea,27b17e06-d7f0-4cc0-a309-de7f436f2d3e,1720,NURTURE,,16.4,LOW,"Closest client patterns: IT and technical services, Consumer services. Need signals: after hours coverage, customer support, on call escalation. Verification: verified own site."
discovered:a9d2be11-21bc-440e-bdbb-d45e7dbd3d90,d9f2b16d-6217-40da-a8f2-392f4a6c8ae0,1721,NURTURE,,15.9,LOW,"Closest client patterns: Healthcare providers, Dental services. Need signals: after hours coverage, appointment scheduling, on call escalation. Verification: verified own site."
discovered:6d13cb5e-2d6d-41b6-86aa-45e504ab224e,24220c27-cb39-40c0-af17-3e2668d2c63f,1722,NURTURE,,15.8,LOW,"Closest client patterns: Healthcare providers, Funeral services. Need signals: after hours coverage, appointment scheduling, on call escalation. Verification: verified own site."
discovered:bab8d711-077d-4e62-a6a2-e4dd4f092c79,bfbc8112-df76-449c-9dec-a3016ff22564,1723,NURTURE,,14.5,LOW,"Closest client patterns: Healthcare providers, Funeral services. Need signals: after hours coverage, appointment scheduling, on call escalation. Verification: verified own site."
discovered:c644f906-b195-4f59-9d8a-07c743ca8d65,c16dde0e-e6c3-43bc-b682-2f1a651dc286,1724,NURTURE,,14.3,MEDIUM,"Closest client patterns: Healthcare providers. Need signals: after hours coverage, appointment scheduling, on call escalation. Verification: verified own site."
discovered:5f83f610-884c-46d7-ad4f-b7fc3393c182,6a182bdc-8e51-46a1-87b5-9e163a3428bc,1725,NURTURE,,14.2,LOW,"Closest client patterns: IT and technical services, Consumer services. Need signals: after hours coverage, customer support, on call escalation. Verification: verified own site."
discovered:1c39104e-72e5-4010-bd00-4d29aff6b3f6,93fbc794-ee85-4567-9d1e-56e02cba3b93,1726,NURTURE,,14.1,LOW,"Closest client patterns: IT and technical services, Consumer services. Need signals: after hours coverage, customer support, on call escalation. Verification: verified own site."
discovered:25472cec-4417-473d-bf8d-4581cda8f4ca,51799395-b4fc-4b1b-8cd5-128a0b09af4f,1727,NURTURE,,13.4,MEDIUM,"Closest client patterns: Healthcare providers, Funeral services. Need signals: after hours coverage, appointment scheduling, on call escalation. Verification: verified own site."
discovered:fc45f586-8e2e-488a-823a-4b26d9379876,a318689b-295a-4f72-b172-ed2e03175121,1728,NURTURE,,13.4,LOW,"Closest client patterns: IT and technical services, Consumer services. Need signals: after hours coverage, customer support, on call escalation. Verification: verified own site."
discovered:7da3dafb-9717-474f-a156-0e25a4fc5ec7,60558d94-8c81-4902-b9f3-5aeda725bff0,1729,NURTURE,,13.2,MEDIUM,"Closest client patterns: Legal services, IT and technical services. Need signals: after hours coverage, appointment scheduling, customer support. Verification: verified own site."
discovered:026d7771-bfbd-4dba-a3e1-38263f363ecc,88983707-741e-43fc-a0c4-e1937176329b,1730,NURTURE,,13.0,LOW,"Closest client patterns: Healthcare providers, Funeral services. Need signals: after hours coverage, appointment scheduling, on call escalation. Verification: verified own site."
discovered:c0f1e721-16fd-44c1-b459-66313cfc6c11,14d4309d-5c50-4b4c-b19a-c70815c9d0c1,1731,NURTURE,,12.3,LOW,"Closest client patterns: IT and technical services, Legal services. Need signals: after hours coverage, customer support, on call escalation. Verification: verified own site."
discovered:b94b7107-44fa-407d-bbd8-3f86a975d3b2,384479b1-7f5c-4344-8628-886f97cd553a,1732,NURTURE,,10.6,LOW,"Closest client patterns: IT and technical services, Legal services. Need signals: after hours coverage, customer support, on call escalation. Verification: verified own site."
discovered:3f3700f8-640b-474d-86d4-be4e3952ca9a,0f80dfaf-2f6a-4643-9105-2b8e6cc6f24f,1733,NURTURE,,9.9,LOW,"Closest client patterns: IT and technical services, Behavioral health and counseling. Need signals: after hours coverage, customer support, on call escalation. Verification: verified own site."
discovered:049729cb-4729-4d54-92e4-5385d561dd56,76795ec5-6ef4-45f4-bad8-358e714eabab,1734,NURTURE,,9.9,LOW,"Closest client patterns: IT and technical services, Behavioral health and counseling. Need signals: after hours coverage, customer support, on call escalation. Verification: verified own site."
discovered:a05c2178-2db5-4950-bd2e-3529c165dd60,60605960-ab4e-4e9f-8133-1e82b306d940,1735,NURTURE,,9.9,LOW,"Closest client patterns: IT and technical services, Behavioral health and counseling. Need signals: after hours coverage, customer support, on call escalation. Verification: verified own site."
